case_id,Ta,Twa,Tb,Ts,Tt,Tad,theta,image_complete,failure_reason,Nu,f,delta_p,delta_T,Q_total,image_status,cfd_outdir
30001,0.0336523705849187,0.2792637744975075,0.0921816109373735,1.265176880797409,0.7034481543483919,0.1992945286858464,-0.4923564470407537,True,,37.686136,0.088843,1.3326410000000006,15.331216,1502.213126283,"{'complete': True, 'min_image_bytes': 20000, 'files': {'velocity_magnitude.png': {'exists': True, 'size_bytes': 131046, 'valid': True}, 'pressure.png': {'exists': True, 'size_bytes': 86123, 'valid': True}, 'temperature.png': {'exists': True, 'size_bytes': 109428, 'valid': True}}, 'invalid': []}",F:\pyProject\fipy_naca0012_2.0\七参数_几何掩码代理优化\comsol_results_1000_extra\case_30001\cfd_solution
30002,0.047070152508892,0.2571688117338339,0.1163695083942114,1.1285836763130104,0.8587217426719584,0.7475428649251883,3.7848551186966457,True,,31.411461,0.073773,1.1065969999999998,23.316684,1904.26888888,"{'complete': True, 'min_image_bytes': 20000, 'files': {'velocity_magnitude.png': {'exists': True, 'size_bytes': 143530, 'valid': True}, 'pressure.png': {'exists': True, 'size_bytes': 101225, 'valid': True}, 'temperature.png': {'exists': True, 'size_bytes': 117857, 'valid': True}}, 'invalid': []}",F:\pyProject\fipy_naca0012_2.0\七参数_几何掩码代理优化\comsol_results_1000_extra\case_30002\cfd_solution
30003,0.0032218142873249,0.4579327353132035,0.13572331039498,1.3679268770429451,1.0355344043849226,0.5918162970968063,-9.982847754160996,True,,41.47705,0.118289,1.7743340000000014,20.425741,2202.718635926,"{'complete': True, 'min_image_bytes': 20000, 'files': {'velocity_magnitude.png': {'exists': True, 'size_bytes': 171881, 'valid': True}, 'pressure.png': {'exists': True, 'size_bytes': 109984, 'valid': True}, 'temperature.png': {'exists': True, 'size_bytes': 142608, 'valid': True}}, 'invalid': []}",F:\pyProject\fipy_naca0012_2.0\七参数_几何掩码代理优化\comsol_results_1000_extra\case_30003\cfd_solution
30004,0.0181219012527271,0.365329800410695,0.130497450182056,0.5048619454878941,0.932710036461914,0.7667118996990971,6.630487119983982,True,,26.631507,0.07623,1.1434440000000006,30.62509,2120.539937289,"{'complete': True, 'min_image_bytes': 20000, 'files': {'velocity_magnitude.png': {'exists': True, 'size_bytes': 158060, 'valid': True}, 'pressure.png': {'exists': True, 'size_bytes': 103914, 'valid': True}, 'temperature.png': {'exists': True, 'size_bytes': 125164, 'valid': True}}, 'invalid': []}",F:\pyProject\fipy_naca0012_2.0\七参数_几何掩码代理优化\comsol_results_1000_extra\case_30004\cfd_solution
30005,0.0091798843598059,0.3045700312990685,0.0937758243369223,1.1401924184265897,1.1259272371491504,0.2048808857738906,1.097808484672102,True,,30.91218,0.063299,0.9494819999999997,18.964384,1524.199201459,"{'complete': True, 'min_image_bytes': 20000, 'files': {'velocity_magnitude.png': {'exists': True, 'size_bytes': 149108, 'valid': True}, 'pressure.png': {'exists': True, 'size_bytes': 110676, 'valid': True}, 'temperature.png': {'exists': True, 'size_bytes': 123796, 'valid': True}}, 'invalid': []}",F:\pyProject\fipy_naca0012_2.0\七参数_几何掩码代理优化\comsol_results_1000_extra\case_30005\cfd_solution
30006,0.0357244148858472,0.2889458528239476,0.1377613539478879,1.0878545595779978,0.7640220630150256,0.998520655588546,-6.515410065003671,True,,41.783551,0.130289,1.9543379999999981,20.639699,2242.239798614,"{'complete': True, 'min_image_bytes': 20000, 'files': {'velocity_magnitude.png': {'exists': True, 'size_bytes': 153246, 'valid': True}, 'pressure.png': {'exists': True, 'size_bytes': 97898, 'valid': True}, 'temperature.png': {'exists': True, 'size_bytes': 125640, 'valid': True}}, 'invalid': []}",F:\pyProject\fipy_naca0012_2.0\七参数_几何掩码代理优化\comsol_results_1000_extra\case_30006\cfd_solution
30007,0.0379739848838802,0.2187106883247374,0.1330994030166472,1.4376499014694135,1.032334941522728,0.2209039532799528,4.120811108896438,True,,37.910857,0.08619,1.292847,22.000865,2168.586307767,"{'complete': True, 'min_image_bytes': 20000, 'files': {'velocity_magnitude.png': {'exists': True, 'size_bytes': 158003, 'valid': True}, 'pressure.png': {'exists': True, 'size_bytes': 108995, 'valid': True}, 'temperature.png': {'exists': True, 'size_bytes': 126566, 'valid': True}}, 'invalid': []}",F:\pyProject\fipy_naca0012_2.0\七参数_几何掩码代理优化\comsol_results_1000_extra\case_30007\cfd_solution
30008,0.0481523455615843,0.3228298703193983,0.1100195530763741,0.7281040698191481,0.8871893993148781,0.0872882171249157,-1.886598943219175,True,,29.912301,0.082584,1.23876,23.104144,1796.855057556,"{'complete': True, 'min_image_bytes': 20000, 'files': {'velocity_magnitude.png': {'exists': True, 'size_bytes': 149744, 'valid': True}, 'pressure.png': {'exists': True, 'size_bytes': 96852, 'valid': True}, 'temperature.png': {'exists': True, 'size_bytes': 124617, 'valid': True}}, 'invalid': []}",F:\pyProject\fipy_naca0012_2.0\七参数_几何掩码代理优化\comsol_results_1000_extra\case_30008\cfd_solution
30009,0.018408332701721,0.5124562451471608,0.09140389945376,0.8253148880617914,0.9550301082565242,0.373274221698043,-5.559509212600471,True,,29.689261,0.079081,1.1862180000000002,19.255797,1486.395016272,"{'complete': True, 'min_image_bytes': 20000, 'files': {'velocity_magnitude.png': {'exists': True, 'size_bytes': 155608, 'valid': True}, 'pressure.png': {'exists': True, 'size_bytes': 101128, 'valid': True}, 'temperature.png': {'exists': True, 'size_bytes': 127985, 'valid': True}}, 'invalid': []}",F:\pyProject\fipy_naca0012_2.0\七参数_几何掩码代理优化\comsol_results_1000_extra\case_30009\cfd_solution
30010,0.0478468276663023,0.598142919092932,0.141844092539638,0.5861953308451711,0.5662697427475794,0.6044600106100888,7.463405881621512,True,,31.456952,0.130485,1.9572719999999997,28.278011,2312.804083157,"{'complete': True, 'min_image_bytes': 20000, 'files': {'velocity_magnitude.png': {'exists': True, 'size_bytes': 143110, 'valid': True}, 'pressure.png': {'exists': True, 'size_bytes': 89249, 'valid': True}, 'temperature.png': {'exists': True, 'size_bytes': 117688, 'valid': True}}, 'invalid': []}",F:\pyProject\fipy_naca0012_2.0\七参数_几何掩码代理优化\comsol_results_1000_extra\case_30010\cfd_solution
30011,0.017014301770571,0.4851500673851166,0.126981677566394,1.1125227739142571,1.1646214947961244,0.0077188753196661,-9.051258442707466,True,,36.511937,0.103494,1.5524040000000001,21.720957,2061.992946831,"{'complete': True, 'min_image_bytes': 20000, 'files': {'velocity_magnitude.png': {'exists': True, 'size_bytes': 175966, 'valid': True}, 'pressure.png': {'exists': True, 'size_bytes': 120520, 'valid': True}, 'temperature.png': {'exists': True, 'size_bytes': 145109, 'valid': True}}, 'invalid': []}",F:\pyProject\fipy_naca0012_2.0\七参数_几何掩码代理优化\comsol_results_1000_extra\case_30011\cfd_solution
30012,0.0366376477949471,0.3775383014794203,0.0811172635792397,1.315429867719884,1.1391818549640518,0.7080436874340567,-4.382360883075198,True,,31.939265,0.070949,1.0642380000000005,15.932206,1323.043708082,"{'complete': True, 'min_image_bytes': 20000, 'files': {'velocity_magnitude.png': {'exists': True, 'size_bytes': 156778, 'valid': True}, 'pressure.png': {'exists': True, 'size_bytes': 111719, 'valid': True}, 'temperature.png': {'exists': True, 'size_bytes': 123072, 'valid': True}}, 'invalid': []}",F:\pyProject\fipy_naca0012_2.0\七参数_几何掩码代理优化\comsol_results_1000_extra\case_30012\cfd_solution
30013,0.0433422313249013,0.3449847477948203,0.1253517114245014,1.325878370253874,0.6336998858244984,0.1911049007712592,-3.921732087064562,True,,41.493617,0.128983,1.9347480000000026,18.939424,2043.249509793,"{'complete': True, 'min_image_bytes': 20000, 'files': {'velocity_magnitude.png': {'exists': True, 'size_bytes': 135220, 'valid': True}, 'pressure.png': {'exists': True, 'size_bytes': 84986, 'valid': True}, 'temperature.png': {'exists': True, 'size_bytes': 112636, 'valid': True}}, 'invalid': []}",F:\pyProject\fipy_naca0012_2.0\七参数_几何掩码代理优化\comsol_results_1000_extra\case_30013\cfd_solution
30014,0.0409696050334524,0.5375599020500899,0.1154255519254116,0.8961944672841982,0.5129243745794356,0.2958685770694006,4.439495844615529,True,,32.933335,0.111783,1.6767390000000013,21.95602,1880.020896197,"{'complete': True, 'min_image_bytes': 20000, 'files': {'velocity_magnitude.png': {'exists': True, 'size_bytes': 125903, 'valid': True}, 'pressure.png': {'exists': True, 'size_bytes': 84621, 'valid': True}, 'temperature.png': {'exists': True, 'size_bytes': 107932, 'valid': True}}, 'invalid': []}",F:\pyProject\fipy_naca0012_2.0\七参数_几何掩码代理优化\comsol_results_1000_extra\case_30014\cfd_solution
30015,0.0071519115143979,0.5898051457391509,0.1274869175945104,0.9396759878698264,0.8058726906588545,0.530030409610845,-4.254343395672228,True,,38.032571,0.104316,1.5647339999999996,20.924472,2069.109806453,"{'complete': True, 'min_image_bytes': 20000, 'files': {'velocity_magnitude.png': {'exists': True, 'size_bytes': 144027, 'valid': True}, 'pressure.png': {'exists': True, 'size_bytes': 94706, 'valid': True}, 'temperature.png': {'exists': True, 'size_bytes': 123746, 'valid': True}}, 'invalid': []}",F:\pyProject\fipy_naca0012_2.0\七参数_几何掩码代理优化\comsol_results_1000_extra\case_30015\cfd_solution
30016,0.0072408590979992,0.5402520635492918,0.1272101058640803,0.7454825010059677,0.9076786146191984,0.692484938956387,-2.723202255074396,True,,31.862463,0.082263,1.2339459999999995,24.939882,2066.079777696,"{'complete': True, 'min_image_bytes': 20000, 'files': {'velocity_magnitude.png': {'exists': True, 'size_bytes': 147669, 'valid': True}, 'pressure.png': {'exists': True, 'size_bytes': 100684, 'valid': True}, 'temperature.png': {'exists': True, 'size_bytes': 121753, 'valid': True}}, 'invalid': []}",F:\pyProject\fipy_naca0012_2.0\七参数_几何掩码代理优化\comsol_results_1000_extra\case_30016\cfd_solution
30017,0.0004175905901085,0.4767738643032908,0.1050779875421592,1.110359323356618,0.5445350038070643,0.1347359046227377,3.15333216626166,True,,35.720455,0.103003,1.545043999999999,18.38438,1707.415923689,"{'complete': True, 'min_image_bytes': 20000, 'files': {'velocity_magnitude.png': {'exists': True, 'size_bytes': 119839, 'valid': True}, 'pressure.png': {'exists': True, 'size_bytes': 80701, 'valid': True}, 'temperature.png': {'exists': True, 'size_bytes': 101506, 'valid': True}}, 'invalid': []}",F:\pyProject\fipy_naca0012_2.0\七参数_几何掩码代理优化\comsol_results_1000_extra\case_30017\cfd_solution
30018,0.0169418783789922,0.3167705045569001,0.1123603277901614,1.2423671230023356,0.84951328201242,0.107163006366519,4.802691191503632,True,,34.392555,0.084717,1.2707489999999986,20.414815,1825.50591067,"{'complete': True, 'min_image_bytes': 20000, 'files': {'velocity_magnitude.png': {'exists': True, 'size_bytes': 143776, 'valid': True}, 'pressure.png': {'exists': True, 'size_bytes': 102346, 'valid': True}, 'temperature.png': {'exists': True, 'size_bytes': 119454, 'valid': True}}, 'invalid': []}",F:\pyProject\fipy_naca0012_2.0\七参数_几何掩码代理优化\comsol_results_1000_extra\case_30018\cfd_solution
30019,0.0210461750908763,0.2784489441200567,0.0883683907175203,1.4149157202527407,0.5381507652165175,0.45317850163778,-8.646854670455113,True,,34.828606,0.109169,1.6375279999999997,15.886416,1438.584487223,"{'complete': True, 'min_image_bytes': 20000, 'files': {'velocity_magnitude.png': {'exists': True, 'size_bytes': 130969, 'valid': True}, 'pressure.png': {'exists': True, 'size_bytes': 83190, 'valid': True}, 'temperature.png': {'exists': True, 'size_bytes': 104653, 'valid': True}}, 'invalid': []}",F:\pyProject\fipy_naca0012_2.0\七参数_几何掩码代理优化\comsol_results_1000_extra\case_30019\cfd_solution
30020,0.0425099379575188,0.2556343952919881,0.1214548281370533,0.8031424061663267,1.0859367664882655,0.3225923349442903,4.0850335458759,True,,28.581467,0.069222,1.038329,26.663589,1981.419668941,"{'complete': True, 'min_image_bytes': 20000, 'files': {'velocity_magnitude.png': {'exists': True, 'size_bytes': 160487, 'valid': True}, 'pressure.png': {'exists': True, 'size_bytes': 114773, 'valid': True}, 'temperature.png': {'exists': True, 'size_bytes': 129513, 'valid': True}}, 'invalid': []}",F:\pyProject\fipy_naca0012_2.0\七参数_几何掩码代理优化\comsol_results_1000_extra\case_30020\cfd_solution
30021,0.0050127690322892,0.4584905833015572,0.0960333180413025,1.2688940083115088,0.5365631298917034,0.3491396545326392,-8.619992980056068,True,,35.603594,0.116857,1.7528530000000018,16.860348,1560.751341032,"{'complete': True, 'min_image_bytes': 20000, 'files': {'velocity_magnitude.png': {'exists': True, 'size_bytes': 127002, 'valid': True}, 'pressure.png': {'exists': True, 'size_bytes': 82610, 'valid': True}, 'temperature.png': {'exists': True, 'size_bytes': 107085, 'valid': True}}, 'invalid': []}",F:\pyProject\fipy_naca0012_2.0\七参数_几何掩码代理优化\comsol_results_1000_extra\case_30021\cfd_solution
30022,0.0279422450861527,0.4140395741920277,0.1034162356708834,1.382601699271071,0.6398406883155263,0.3932053002876322,-0.3964939659338036,True,,40.24389,0.099064,1.4859599999999986,16.087529,1683.304360439,"{'complete': True, 'min_image_bytes': 20000, 'files': {'velocity_magnitude.png': {'exists': True, 'size_bytes': 127499, 'valid': True}, 'pressure.png': {'exists': True, 'size_bytes': 82290, 'valid': True}, 'temperature.png': {'exists': True, 'size_bytes': 103526, 'valid': True}}, 'invalid': []}",F:\pyProject\fipy_naca0012_2.0\七参数_几何掩码代理优化\comsol_results_1000_extra\case_30022\cfd_solution
30023,0.0115328555087481,0.4558488755717032,0.0844016575052332,0.6627515728869494,0.5276498405706513,0.1536888088690342,3.625848148921751,True,,27.954277,0.078969,1.1845280000000002,18.889737,1372.927221307,"{'complete': True, 'min_image_bytes': 20000, 'files': {'velocity_magnitude.png': {'exists': True, 'size_bytes': 121016, 'valid': True}, 'pressure.png': {'exists': True, 'size_bytes': 85973, 'valid': True}, 'temperature.png': {'exists': True, 'size_bytes': 104520, 'valid': True}}, 'invalid': []}",F:\pyProject\fipy_naca0012_2.0\七参数_几何掩码代理优化\comsol_results_1000_extra\case_30023\cfd_solution
30024,0.040890065975742,0.2357681325547329,0.1057169219861739,1.2742743821718572,0.6588720697833257,0.9520031373992768,-0.2033821088806284,True,,40.276489,0.094307,1.4146090000000004,16.474849,1725.22758177,"{'complete': True, 'min_image_bytes': 20000, 'files': {'velocity_magnitude.png': {'exists': True, 'size_bytes': 126187, 'valid': True}, 'pressure.png': {'exists': True, 'size_bytes': 85334, 'valid': True}, 'temperature.png': {'exists': True, 'size_bytes': 107347, 'valid': True}}, 'invalid': []}",F:\pyProject\fipy_naca0012_2.0\七参数_几何掩码代理优化\comsol_results_1000_extra\case_30024\cfd_solution
30025,0.0332163237978064,0.5676125117093149,0.1267923294883527,0.8131530146684214,0.6357983642155134,0.5175442878185266,-9.183975749129392,True,,38.201626,0.146237,2.193548999999999,20.769192,2062.883933857,"{'complete': True, 'min_image_bytes': 20000, 'files': {'velocity_magnitude.png': {'exists': True, 'size_bytes': 147902, 'valid': True}, 'pressure.png': {'exists': True, 'size_bytes': 91024, 'valid': True}, 'temperature.png': {'exists': True, 'size_bytes': 122793, 'valid': True}}, 'invalid': []}",F:\pyProject\fipy_naca0012_2.0\七参数_几何掩码代理优化\comsol_results_1000_extra\case_30025\cfd_solution
30026,0.0494719692086596,0.2013883159270084,0.0996860643543964,1.1581086800699012,0.5785834724182229,0.8743005091996487,-1.4966572549008088,True,,35.02259,0.089698,1.3454699999999988,17.951967,1634.683430056,"{'complete': True, 'min_image_bytes': 20000, 'files': {'velocity_magnitude.png': {'exists': True, 'size_bytes': 127919, 'valid': True}, 'pressure.png': {'exists': True, 'size_bytes': 83416, 'valid': True}, 'temperature.png': {'exists': True, 'size_bytes': 104627, 'valid': True}}, 'invalid': []}",F:\pyProject\fipy_naca0012_2.0\七参数_几何掩码代理优化\comsol_results_1000_extra\case_30026\cfd_solution
30027,0.0002220359872772,0.5632974401831174,0.0874546579539676,1.1504741520686692,0.5058813788830864,0.3149459076489288,8.43762622775246,True,,32.078378,0.103986,1.559787,17.053421,1422.319806259,"{'complete': True, 'min_image_bytes': 20000, 'files': {'velocity_magnitude.png': {'exists': True, 'size_bytes': 129127, 'valid': True}, 'pressure.png': {'exists': True, 'size_bytes': 83286, 'valid': True}, 'temperature.png': {'exists': True, 'size_bytes': 105597, 'valid': True}}, 'invalid': []}",F:\pyProject\fipy_naca0012_2.0\七参数_几何掩码代理优化\comsol_results_1000_extra\case_30027\cfd_solution
30028,0.0109149052652355,0.5466506112048133,0.0971543275718747,0.7147787816527702,1.101628901028057,0.5269463086307153,1.0489738051214754,True,,24.207572,0.052516,0.7877460000000003,25.089244,1579.109203595,"{'complete': True, 'min_image_bytes': 20000, 'files': {'velocity_magnitude.png': {'exists': True, 'size_bytes': 137479, 'valid': True}, 'pressure.png': {'exists': True, 'size_bytes': 112083, 'valid': True}, 'temperature.png': {'exists': True, 'size_bytes': 120672, 'valid': True}}, 'invalid': []}",F:\pyProject\fipy_naca0012_2.0\七参数_几何掩码代理优化\comsol_results_1000_extra\case_30028\cfd_solution
30029,0.0003184371810698,0.590764396065594,0.10171153219737,1.2091812200062653,0.6700197811536716,0.4990075701464558,-9.7141032430615,True,,38.239198,0.125556,1.8833389999999994,16.62464,1652.853579894,"{'complete': True, 'min_image_bytes': 20000, 'files': {'velocity_magnitude.png': {'exists': True, 'size_bytes': 142721, 'valid': True}, 'pressure.png': {'exists': True, 'size_bytes': 89434, 'valid': True}, 'temperature.png': {'exists': True, 'size_bytes': 116675, 'valid': True}}, 'invalid': []}",F:\pyProject\fipy_naca0012_2.0\七参数_几何掩码代理优化\comsol_results_1000_extra\case_30029\cfd_solution
30030,0.0147460734326072,0.3363329612023726,0.1204170149559458,0.6208434052416869,0.5750671679676369,0.8810060036958217,-3.420327190431768,True,,33.73369,0.105839,1.5875850000000007,22.309681,1956.728406613,"{'complete': True, 'min_image_bytes': 20000, 'files': {'velocity_magnitude.png': {'exists': True, 'size_bytes': 127796, 'valid': True}, 'pressure.png': {'exists': True, 'size_bytes': 85106, 'valid': True}, 'temperature.png': {'exists': True, 'size_bytes': 112028, 'valid': True}}, 'invalid': []}",F:\pyProject\fipy_naca0012_2.0\七参数_几何掩码代理优化\comsol_results_1000_extra\case_30030\cfd_solution
30031,0.0376899725840428,0.4432796831757833,0.1318826680399606,0.9842616096586992,1.107595031955208,0.699089966228043,8.553519156372356,True,,30.01846,0.082742,1.241123,27.496908,2146.078527291,"{'complete': True, 'min_image_bytes': 20000, 'files': {'velocity_magnitude.png': {'exists': True, 'size_bytes': 167801, 'valid': True}, 'pressure.png': {'exists': True, 'size_bytes': 115396, 'valid': True}, 'temperature.png': {'exists': True, 'size_bytes': 136430, 'valid': True}}, 'invalid': []}",F:\pyProject\fipy_naca0012_2.0\七参数_几何掩码代理优化\comsol_results_1000_extra\case_30031\cfd_solution
30032,0.0199269348924169,0.4228521248560827,0.1039132104666934,1.1665755561291498,0.9589711155153816,0.950436892697302,-2.192914222400155,True,,34.934861,0.076567,1.1485069999999995,18.60519,1689.921309143,"{'complete': True, 'min_image_bytes': 20000, 'files': {'velocity_magnitude.png': {'exists': True, 'size_bytes': 141688, 'valid': True}, 'pressure.png': {'exists': True, 'size_bytes': 102174, 'valid': True}, 'temperature.png': {'exists': True, 'size_bytes': 118689, 'valid': True}}, 'invalid': []}",F:\pyProject\fipy_naca0012_2.0\七参数_几何掩码代理优化\comsol_results_1000_extra\case_30032\cfd_solution
30033,0.0468661458117678,0.4516842992066769,0.1104313247031694,1.2078166245094135,0.6856059793553138,0.538755679709206,-8.385222768104416,True,,40.222981,0.131176,1.9676349999999996,17.233934,1802.320477993,"{'complete': True, 'min_image_bytes': 20000, 'files': {'velocity_magnitude.png': {'exists': True, 'size_bytes': 146743, 'valid': True}, 'pressure.png': {'exists': True, 'size_bytes': 89964, 'valid': True}, 'temperature.png': {'exists': True, 'size_bytes': 120514, 'valid': True}}, 'invalid': []}",F:\pyProject\fipy_naca0012_2.0\七参数_几何掩码代理优化\comsol_results_1000_extra\case_30033\cfd_solution
30034,0.0113229821437844,0.3883842085115,0.0970214683110333,1.2208565314124376,0.9856414813349564,0.4940041827682111,-4.755915340240817,True,,34.714476,0.081575,1.2236200000000004,17.472873,1577.060261569,"{'complete': True, 'min_image_bytes': 20000, 'files': {'velocity_magnitude.png': {'exists': True, 'size_bytes': 151556, 'valid': True}, 'pressure.png': {'exists': True, 'size_bytes': 102124, 'valid': True}, 'temperature.png': {'exists': True, 'size_bytes': 120739, 'valid': True}}, 'invalid': []}",F:\pyProject\fipy_naca0012_2.0\七参数_几何掩码代理优化\comsol_results_1000_extra\case_30034\cfd_solution
30035,0.0256805977480882,0.467634876933743,0.0992666533350784,1.064744480550655,0.5902613521607261,0.9726849776369714,8.481476027012626,True,,32.772294,0.109746,1.6461970000000008,18.955754,1615.181196798,"{'complete': True, 'min_image_bytes': 20000, 'files': {'velocity_magnitude.png': {'exists': True, 'size_bytes': 138441, 'valid': True}, 'pressure.png': {'exists': True, 'size_bytes': 87652, 'valid': True}, 'temperature.png': {'exists': True, 'size_bytes': 108161, 'valid': True}}, 'invalid': []}",F:\pyProject\fipy_naca0012_2.0\七参数_几何掩码代理优化\comsol_results_1000_extra\case_30035\cfd_solution
30036,0.0110740154973421,0.2148324566005017,0.0897616214078359,1.0341011286788508,1.081509523734714,0.9749277353783116,-7.738020818312938,True,,31.564737,0.083338,1.250076,17.780335,1459.202164818,"{'complete': True, 'min_image_bytes': 20000, 'files': {'velocity_magnitude.png': {'exists': True, 'size_bytes': 159991, 'valid': True}, 'pressure.png': {'exists': True, 'size_bytes': 113161, 'valid': True}, 'temperature.png': {'exists': True, 'size_bytes': 131147, 'valid': True}}, 'invalid': []}",F:\pyProject\fipy_naca0012_2.0\七参数_几何掩码代理优化\comsol_results_1000_extra\case_30036\cfd_solution
30037,0.0415031040271198,0.5346189166249101,0.0858811509444991,0.6139306546742062,1.092824857032741,0.6176655902913897,-0.2465357983118483,True,,23.82754,0.053372,0.800573,22.615314,1401.055010681,"{'complete': True, 'min_image_bytes': 20000, 'files': {'velocity_magnitude.png': {'exists': True, 'size_bytes': 141616, 'valid': True}, 'pressure.png': {'exists': True, 'size_bytes': 110450, 'valid': True}, 'temperature.png': {'exists': True, 'size_bytes': 121455, 'valid': True}}, 'invalid': []}",F:\pyProject\fipy_naca0012_2.0\七参数_几何掩码代理优化\comsol_results_1000_extra\case_30037\cfd_solution
30038,0.0221027715006986,0.3983754691420076,0.1093743576809255,1.1735490640703985,0.5625797825125523,0.059701759203097,-1.416631785575241,True,,37.86587,0.107947,1.6192079999999986,18.067366,1778.754993197,"{'complete': True, 'min_image_bytes': 20000, 'files': {'velocity_magnitude.png': {'exists': True, 'size_bytes': 122857, 'valid': True}, 'pressure.png': {'exists': True, 'size_bytes': 79142, 'valid': True}, 'temperature.png': {'exists': True, 'size_bytes': 99133, 'valid': True}}, 'invalid': []}",F:\pyProject\fipy_naca0012_2.0\七参数_几何掩码代理优化\comsol_results_1000_extra\case_30038\cfd_solution
30039,0.022398578189028,0.4190451753820416,0.1492093740476713,1.3337085294648754,0.8777942926159699,0.8977434462204513,-6.022853972939286,True,,44.491115,0.119573,1.7935960000000009,20.928152,2420.903770604,"{'complete': True, 'min_image_bytes': 20000, 'files': {'velocity_magnitude.png': {'exists': True, 'size_bytes': 152971, 'valid': True}, 'pressure.png': {'exists': True, 'size_bytes': 99400, 'valid': True}, 'temperature.png': {'exists': True, 'size_bytes': 128748, 'valid': True}}, 'invalid': []}",F:\pyProject\fipy_naca0012_2.0\七参数_几何掩码代理优化\comsol_results_1000_extra\case_30039\cfd_solution
30040,0.0055427298771282,0.4148428888627381,0.1438156754101177,0.5566573163556185,1.0692915803238692,0.1251758266871587,4.024390143596285,True,,27.00305,0.077446,1.1616900000000001,33.241118,2333.79013482,"{'complete': True, 'min_image_bytes': 20000, 'files': {'velocity_magnitude.png': {'exists': True, 'size_bytes': 154754, 'valid': True}, 'pressure.png': {'exists': True, 'size_bytes': 112429, 'valid': True}, 'temperature.png': {'exists': True, 'size_bytes': 126666, 'valid': True}}, 'invalid': []}",F:\pyProject\fipy_naca0012_2.0\七参数_几何掩码代理优化\comsol_results_1000_extra\case_30040\cfd_solution
30041,0.0063437440361557,0.2096078085120848,0.1368430869633179,0.9340829824340272,0.8130473975885012,0.5708402017156277,-8.957704205818144,True,,40.283905,0.133017,1.9952609999999993,21.200576,2220.509145887,"{'complete': True, 'min_image_bytes': 20000, 'files': {'velocity_magnitude.png': {'exists': True, 'size_bytes': 158606, 'valid': True}, 'pressure.png': {'exists': True, 'size_bytes': 97408, 'valid': True}, 'temperature.png': {'exists': True, 'size_bytes': 139949, 'valid': True}}, 'invalid': []}",F:\pyProject\fipy_naca0012_2.0\七参数_几何掩码代理优化\comsol_results_1000_extra\case_30041\cfd_solution
30042,0.0464160351790044,0.3022299744836896,0.0877062305903748,1.380966576070156,0.7609803506255111,0.8867116195784056,3.011411528461732,True,,34.72554,0.071923,1.0788469999999997,15.880991,1433.83756656,"{'complete': True, 'min_image_bytes': 20000, 'files': {'velocity_magnitude.png': {'exists': True, 'size_bytes': 131443, 'valid': True}, 'pressure.png': {'exists': True, 'size_bytes': 91287, 'valid': True}, 'temperature.png': {'exists': True, 'size_bytes': 109004, 'valid': True}}, 'invalid': []}",F:\pyProject\fipy_naca0012_2.0\七参数_几何掩码代理优化\comsol_results_1000_extra\case_30042\cfd_solution
30043,0.0424368676159651,0.2124477636039844,0.1467667595047058,1.3314707636148877,0.532709925353426,0.2774752174295978,-1.3658578929949687,True,,40.581614,0.145952,2.189282000000002,22.674277,2392.412783422,"{'complete': True, 'min_image_bytes': 20000, 'files': {'velocity_magnitude.png': {'exists': True, 'size_bytes': 117086, 'valid': True}, 'pressure.png': {'exists': True, 'size_bytes': 76432, 'valid': True}, 'temperature.png': {'exists': True, 'size_bytes': 96674, 'valid': True}}, 'invalid': []}",F:\pyProject\fipy_naca0012_2.0\七参数_几何掩码代理优化\comsol_results_1000_extra\case_30043\cfd_solution
30044,0.0488629460053013,0.297705225447921,0.1308108718990975,1.2464935220550797,0.6118941093966471,0.383957170399619,-5.015509043453289,True,,40.849448,0.138667,2.0800100000000015,20.101119,2134.911018008,"{'complete': True, 'min_image_bytes': 20000, 'files': {'velocity_magnitude.png': {'exists': True, 'size_bytes': 136421, 'valid': True}, 'pressure.png': {'exists': True, 'size_bytes': 84826, 'valid': True}, 'temperature.png': {'exists': True, 'size_bytes': 114921, 'valid': True}}, 'invalid': []}",F:\pyProject\fipy_naca0012_2.0\七参数_几何掩码代理优化\comsol_results_1000_extra\case_30044\cfd_solution
30045,0.017996139089477,0.3535808279494954,0.0998583175107069,0.8530648111500037,1.044905198782206,0.8604001707544114,9.482844371880375,True,,26.448111,0.072223,1.0833510000000004,23.612583,1623.721334868,"{'complete': True, 'min_image_bytes': 20000, 'files': {'velocity_magnitude.png': {'exists': True, 'size_bytes': 159221, 'valid': True}, 'pressure.png': {'exists': True, 'size_bytes': 108594, 'valid': True}, 'temperature.png': {'exists': True, 'size_bytes': 130859, 'valid': True}}, 'invalid': []}",F:\pyProject\fipy_naca0012_2.0\七参数_几何掩码代理优化\comsol_results_1000_extra\case_30045\cfd_solution
30046,0.0080005890033317,0.2882236725084743,0.0895005175231639,0.7859514638666512,0.9730377603023904,0.010213963207504,8.104540386963684,True,,25.862595,0.072668,1.09002,21.633804,1454.716417206,"{'complete': True, 'min_image_bytes': 20000, 'files': {'velocity_magnitude.png': {'exists': True, 'size_bytes': 157642, 'valid': True}, 'pressure.png': {'exists': True, 'size_bytes': 113709, 'valid': True}, 'temperature.png': {'exists': True, 'size_bytes': 130416, 'valid': True}}, 'invalid': []}",F:\pyProject\fipy_naca0012_2.0\七参数_几何掩码代理优化\comsol_results_1000_extra\case_30046\cfd_solution
30047,0.0228341512041779,0.3051931419130483,0.1105463829499238,0.8284269308356025,1.129404277807696,0.3887200028658069,0.8950348174749241,True,,27.42004,0.061369,0.920541,25.216466,1797.734940198,"{'complete': True, 'min_image_bytes': 20000, 'files': {'velocity_magnitude.png': {'exists': True, 'size_bytes': 146882, 'valid': True}, 'pressure.png': {'exists': True, 'size_bytes': 115905, 'valid': True}, 'temperature.png': {'exists': True, 'size_bytes': 123141, 'valid': True}}, 'invalid': []}",F:\pyProject\fipy_naca0012_2.0\七参数_几何掩码代理优化\comsol_results_1000_extra\case_30047\cfd_solution
30048,6.823518632481434e-05,0.2626938537011207,0.1196439081634136,1.0479511214352328,0.8083794436212121,0.6463931041792264,9.726235790549095,True,,37.717271,0.118597,1.778963000000001,19.804139,1942.09095937,"{'complete': True, 'min_image_bytes': 20000, 'files': {'velocity_magnitude.png': {'exists': True, 'size_bytes': 154066, 'valid': True}, 'pressure.png': {'exists': True, 'size_bytes': 96103, 'valid': True}, 'temperature.png': {'exists': True, 'size_bytes': 125576, 'valid': True}}, 'invalid': []}",F:\pyProject\fipy_naca0012_2.0\七参数_几何掩码代理优化\comsol_results_1000_extra\case_30048\cfd_solution
30049,0.0497203086687781,0.3970003056498284,0.101596392063055,1.041038871408246,0.7586048242964971,0.9682618735371392,4.793017893643718,True,,34.353419,0.087381,1.310715,18.578102,1659.375458204,"{'complete': True, 'min_image_bytes': 20000, 'files': {'velocity_magnitude.png': {'exists': True, 'size_bytes': 149186, 'valid': True}, 'pressure.png': {'exists': True, 'size_bytes': 98131, 'valid': True}, 'temperature.png': {'exists': True, 'size_bytes': 119803, 'valid': True}}, 'invalid': []}",F:\pyProject\fipy_naca0012_2.0\七参数_几何掩码代理优化\comsol_results_1000_extra\case_30049\cfd_solution
30050,0.0067623558402158,0.3803602166793132,0.1006444126008153,1.2415162878282224,1.1310623661629162,0.6362445384368148,6.210907625311783,True,,30.529348,0.070259,1.0538879999999997,20.60648,1635.666229529,"{'complete': True, 'min_image_bytes': 20000, 'files': {'velocity_magnitude.png': {'exists': True, 'size_bytes': 156526, 'valid': True}, 'pressure.png': {'exists': True, 'size_bytes': 112204, 'valid': True}, 'temperature.png': {'exists': True, 'size_bytes': 123984, 'valid': True}}, 'invalid': []}",F:\pyProject\fipy_naca0012_2.0\七参数_几何掩码代理优化\comsol_results_1000_extra\case_30050\cfd_solution
30051,0.0305541743077869,0.3260813432911374,0.1293787580222452,1.294837200786086,0.6209804746514576,0.7817300573661319,8.773958068586701,True,,36.625284,0.113965,1.7094700000000014,22.101264,2104.609188254,"{'complete': True, 'min_image_bytes': 20000, 'files': {'velocity_magnitude.png': {'exists': True, 'size_bytes': 140370, 'valid': True}, 'pressure.png': {'exists': True, 'size_bytes': 89117, 'valid': True}, 'temperature.png': {'exists': True, 'size_bytes': 112575, 'valid': True}}, 'invalid': []}",F:\pyProject\fipy_naca0012_2.0\七参数_几何掩码代理优化\comsol_results_1000_extra\case_30051\cfd_solution
30052,0.0249390760254345,0.3913873369058845,0.0942404066929516,0.8989303044222784,0.5352794004808219,0.7332110698379659,-6.908050613627433,True,,34.910899,0.121515,1.8227260000000012,16.893426,1533.388135637,"{'complete': True, 'min_image_bytes': 20000, 'files': {'velocity_magnitude.png': {'exists': True, 'size_bytes': 128631, 'valid': True}, 'pressure.png': {'exists': True, 'size_bytes': 82950, 'valid': True}, 'temperature.png': {'exists': True, 'size_bytes': 109201, 'valid': True}}, 'invalid': []}",F:\pyProject\fipy_naca0012_2.0\七参数_几何掩码代理优化\comsol_results_1000_extra\case_30052\cfd_solution
30053,0.0378856693460648,0.4922354449204299,0.1086883603780263,0.9275818797370444,0.9927451361243996,0.2468604883411795,-5.67360418693219,True,,34.848499,0.096807,1.4521049999999995,19.543029,1770.717546929,"{'complete': True, 'min_image_bytes': 20000, 'files': {'velocity_magnitude.png': {'exists': True, 'size_bytes': 162985, 'valid': True}, 'pressure.png': {'exists': True, 'size_bytes': 106132, 'valid': True}, 'temperature.png': {'exists': True, 'size_bytes': 136993, 'valid': True}}, 'invalid': []}",F:\pyProject\fipy_naca0012_2.0\七参数_几何掩码代理优化\comsol_results_1000_extra\case_30053\cfd_solution
30054,0.0306382057941859,0.3718340878422023,0.1371433497090658,0.8633309714039371,0.8341090112130887,0.3045006207432904,-7.542722677986072,True,,37.372842,0.124014,1.8602139999999991,22.958146,2230.829029057,"{'complete': True, 'min_image_bytes': 20000, 'files': {'velocity_magnitude.png': {'exists': True, 'size_bytes': 160962, 'valid': True}, 'pressure.png': {'exists': True, 'size_bytes': 99128, 'valid': True}, 'temperature.png': {'exists': True, 'size_bytes': 143270, 'valid': True}}, 'invalid': []}",F:\pyProject\fipy_naca0012_2.0\七参数_几何掩码代理优化\comsol_results_1000_extra\case_30054\cfd_solution
30055,0.0127521933533414,0.3183152821417141,0.1447928635832127,0.6423223278856295,0.9317697875464674,0.6706287980239871,-0.4406695490409777,True,,31.241006,0.086259,1.2938809999999998,28.921913,2349.229066583,"{'complete': True, 'min_image_bytes': 20000, 'files': {'velocity_magnitude.png': {'exists': True, 'size_bytes': 146629, 'valid': True}, 'pressure.png': {'exists': True, 'size_bytes': 102523, 'valid': True}, 'temperature.png': {'exists': True, 'size_bytes': 122851, 'valid': True}}, 'invalid': []}",F:\pyProject\fipy_naca0012_2.0\七参数_几何掩码代理优化\comsol_results_1000_extra\case_30055\cfd_solution
30056,0.0400363329218318,0.49433686491713,0.1418957894309222,0.8792271226743595,1.0157399261551816,0.8980902888935118,-4.206369743227042,True,,37.016485,0.100044,1.5006639999999996,23.982901,2308.183006705,"{'complete': True, 'min_image_bytes': 20000, 'files': {'velocity_magnitude.png': {'exists': True, 'size_bytes': 161683, 'valid': True}, 'pressure.png': {'exists': True, 'size_bytes': 108940, 'valid': True}, 'temperature.png': {'exists': True, 'size_bytes': 133397, 'valid': True}}, 'invalid': []}",F:\pyProject\fipy_naca0012_2.0\七参数_几何掩码代理优化\comsol_results_1000_extra\case_30056\cfd_solution
30057,0.0075488383831203,0.3662912138887755,0.1299147857852945,0.6930637402187152,0.7304793512803921,0.4889388748700025,0.1433931133101893,True,,33.161531,0.091563,1.37345,24.47122,2109.908119474,"{'complete': True, 'min_image_bytes': 20000, 'files': {'velocity_magnitude.png': {'exists': True, 'size_bytes': 131164, 'valid': True}, 'pressure.png': {'exists': True, 'size_bytes': 92946, 'valid': True}, 'temperature.png': {'exists': True, 'size_bytes': 118805, 'valid': True}}, 'invalid': []}",F:\pyProject\fipy_naca0012_2.0\七参数_几何掩码代理优化\comsol_results_1000_extra\case_30057\cfd_solution
30058,0.0466744788479039,0.3298392578795802,0.1471358305008996,0.8709227410266844,0.768314076755167,0.8856451798932028,2.9740903537732954,True,,37.830513,0.107922,1.618834999999999,24.382983,2398.294012426,"{'complete': True, 'min_image_bytes': 20000, 'files': {'velocity_magnitude.png': {'exists': True, 'size_bytes': 146516, 'valid': True}, 'pressure.png': {'exists': True, 'size_bytes': 99063, 'valid': True}, 'temperature.png': {'exists': True, 'size_bytes': 123136, 'valid': True}}, 'invalid': []}",F:\pyProject\fipy_naca0012_2.0\七参数_几何掩码代理优化\comsol_results_1000_extra\case_30058\cfd_solution
30059,0.0439907175469715,0.2956666782661922,0.1385567219225444,0.9282593104008718,0.5464798148594461,0.460832132069379,6.558551951025258,True,,33.371938,0.118031,1.7704579999999996,26.030009,2258.546802547,"{'complete': True, 'min_image_bytes': 20000, 'files': {'velocity_magnitude.png': {'exists': True, 'size_bytes': 130503, 'valid': True}, 'pressure.png': {'exists': True, 'size_bytes': 84952, 'valid': True}, 'temperature.png': {'exists': True, 'size_bytes': 109627, 'valid': True}}, 'invalid': []}",F:\pyProject\fipy_naca0012_2.0\七参数_几何掩码代理优化\comsol_results_1000_extra\case_30059\cfd_solution
30060,0.0048496701841795,0.362619264175782,0.1037034248409554,1.132658996975516,1.0093246682879196,0.1209456883771111,3.599638064801532,True,,30.930304,0.069967,1.0495109999999999,20.954719,1685.153153802,"{'complete': True, 'min_image_bytes': 20000, 'files': {'velocity_magnitude.png': {'exists': True, 'size_bytes': 147722, 'valid': True}, 'pressure.png': {'exists': True, 'size_bytes': 105423, 'valid': True}, 'temperature.png': {'exists': True, 'size_bytes': 120421, 'valid': True}}, 'invalid': []}",F:\pyProject\fipy_naca0012_2.0\七参数_几何掩码代理优化\comsol_results_1000_extra\case_30060\cfd_solution
30061,0.0079302802132722,0.3988046950849311,0.1425323549427323,1.0481032273536437,1.1314098791365494,0.6573125469965301,-0.8083337606110579,True,,34.839901,0.080742,1.2111260000000001,25.531639,2312.751428298,"{'complete': True, 'min_image_bytes': 20000, 'files': {'velocity_magnitude.png': {'exists': True, 'size_bytes': 151347, 'valid': True}, 'pressure.png': {'exists': True, 'size_bytes': 115176, 'valid': True}, 'temperature.png': {'exists': True, 'size_bytes': 126739, 'valid': True}}, 'invalid': []}",F:\pyProject\fipy_naca0012_2.0\七参数_几何掩码代理优化\comsol_results_1000_extra\case_30061\cfd_solution
30062,0.0060499486750303,0.3861686083731686,0.1088068828932115,0.543532425494224,0.6605856330513221,0.5520086580811706,-3.991707714478742,True,,28.616443,0.083081,1.2462080000000002,23.773787,1768.835144898,"{'complete': True, 'min_image_bytes': 20000, 'files': {'velocity_magnitude.png': {'exists': True, 'size_bytes': 130059, 'valid': True}, 'pressure.png': {'exists': True, 'size_bytes': 88591, 'valid': True}, 'temperature.png': {'exists': True, 'size_bytes': 115641, 'valid': True}}, 'invalid': []}",F:\pyProject\fipy_naca0012_2.0\七参数_几何掩码代理优化\comsol_results_1000_extra\case_30062\cfd_solution
30063,0.0129180120946944,0.5482372425805291,0.1001249257437122,1.4125852721423249,0.6321768175543246,0.8029311972175935,1.8782799348972787,True,,39.974068,0.08751,1.312645999999999,15.660605,1627.647059342,"{'complete': True, 'min_image_bytes': 20000, 'files': {'velocity_magnitude.png': {'exists': True, 'size_bytes': 128601, 'valid': True}, 'pressure.png': {'exists': True, 'size_bytes': 84844, 'valid': True}, 'temperature.png': {'exists': True, 'size_bytes': 101492, 'valid': True}}, 'invalid': []}",F:\pyProject\fipy_naca0012_2.0\七参数_几何掩码代理优化\comsol_results_1000_extra\case_30063\cfd_solution
30064,0.0111293181283021,0.584903944906929,0.1376612492252141,1.0442723731969208,0.5205463970121808,0.1800915092403739,7.666284032257181,True,,35.783444,0.139729,2.0959269999999997,24.013096,2234.105271566,"{'complete': True, 'min_image_bytes': 20000, 'files': {'velocity_magnitude.png': {'exists': True, 'size_bytes': 126286, 'valid': True}, 'pressure.png': {'exists': True, 'size_bytes': 82450, 'valid': True}, 'temperature.png': {'exists': True, 'size_bytes': 105426, 'valid': True}}, 'invalid': []}",F:\pyProject\fipy_naca0012_2.0\七参数_几何掩码代理优化\comsol_results_1000_extra\case_30064\cfd_solution
30065,0.0454342190497136,0.4020097077517276,0.1427327792451275,0.7591059329400849,0.7437708603845734,0.4542439583068543,9.137215810947769,True,,33.428117,0.116668,1.750012,26.745457,2324.530628714,"{'complete': True, 'min_image_bytes': 20000, 'files': {'velocity_magnitude.png': {'exists': True, 'size_bytes': 161351, 'valid': True}, 'pressure.png': {'exists': True, 'size_bytes': 100075, 'valid': True}, 'temperature.png': {'exists': True, 'size_bytes': 134007, 'valid': True}}, 'invalid': []}",F:\pyProject\fipy_naca0012_2.0\七参数_几何掩码代理优化\comsol_results_1000_extra\case_30065\cfd_solution
30066,0.039548020852095,0.3953312375641725,0.1033568566633693,1.1600393663051716,0.620170394936588,0.9162902443668532,-5.430568977271494,True,,37.672144,0.107867,1.6180009999999996,17.203827,1685.07308157,"{'complete': True, 'min_image_bytes': 20000, 'files': {'velocity_magnitude.png': {'exists': True, 'size_bytes': 138174, 'valid': True}, 'pressure.png': {'exists': True, 'size_bytes': 87132, 'valid': True}, 'temperature.png': {'exists': True, 'size_bytes': 112265, 'valid': True}}, 'invalid': []}",F:\pyProject\fipy_naca0012_2.0\七参数_几何掩码代理优化\comsol_results_1000_extra\case_30066\cfd_solution
30067,0.0061758810321003,0.423786235763676,0.1451344173506981,1.3002363993958173,0.7530574059930875,0.3857755082606209,-9.80573350812079,True,,46.747379,0.159186,2.387792000000001,19.353827,2352.325822602,"{'complete': True, 'min_image_bytes': 20000, 'files': {'velocity_magnitude.png': {'exists': True, 'size_bytes': 152132, 'valid': True}, 'pressure.png': {'exists': True, 'size_bytes': 93256, 'valid': True}, 'temperature.png': {'exists': True, 'size_bytes': 128888, 'valid': True}}, 'invalid': []}",F:\pyProject\fipy_naca0012_2.0\七参数_几何掩码代理优化\comsol_results_1000_extra\case_30067\cfd_solution
30068,0.0258889289031786,0.2636606935853785,0.1161082827735477,0.6310524582450192,1.0407029280858155,0.5640562834687395,9.207236584669822,True,,24.814715,0.07118,1.067694,29.279423,1889.057412474,"{'complete': True, 'min_image_bytes': 20000, 'files': {'velocity_magnitude.png': {'exists': True, 'size_bytes': 164240, 'valid': True}, 'pressure.png': {'exists': True, 'size_bytes': 112733, 'valid': True}, 'temperature.png': {'exists': True, 'size_bytes': 134636, 'valid': True}}, 'invalid': []}",F:\pyProject\fipy_naca0012_2.0\七参数_几何掩码代理优化\comsol_results_1000_extra\case_30068\cfd_solution
30069,0.0194468356713932,0.5608497613980181,0.1109365583335472,0.6764073866494642,1.1692637249940945,0.0373173400456807,-9.306874045116793,True,,28.653081,0.085735,1.2860269999999998,24.205306,1803.247154083,"{'complete': True, 'min_image_bytes': 20000, 'files': {'velocity_magnitude.png': {'exists': True, 'size_bytes': 180293, 'valid': True}, 'pressure.png': {'exists': True, 'size_bytes': 117036, 'valid': True}, 'temperature.png': {'exists': True, 'size_bytes': 149150, 'valid': True}}, 'invalid': []}",F:\pyProject\fipy_naca0012_2.0\七参数_几何掩码代理优化\comsol_results_1000_extra\case_30069\cfd_solution
30070,0.0362071051788771,0.4275320553936672,0.1152144643117377,0.6273263937430437,0.8022732838502464,0.0448236316362512,4.920798034649572,True,,27.058273,0.077232,1.1584849999999998,26.669913,1876.268667373,"{'complete': True, 'min_image_bytes': 20000, 'files': {'velocity_magnitude.png': {'exists': True, 'size_bytes': 152688, 'valid': True}, 'pressure.png': {'exists': True, 'size_bytes': 106734, 'valid': True}, 'temperature.png': {'exists': True, 'size_bytes': 123176, 'valid': True}}, 'invalid': []}",F:\pyProject\fipy_naca0012_2.0\七参数_几何掩码代理优化\comsol_results_1000_extra\case_30070\cfd_solution
30071,0.0193859482087656,0.5579986572673503,0.1342263927578058,0.7574086635984016,1.083894245425136,0.3217809217555821,-0.4265860273019264,True,,29.428385,0.072281,1.0842079999999994,28.505005,2181.026266214,"{'complete': True, 'min_image_bytes': 20000, 'files': {'velocity_magnitude.png': {'exists': True, 'size_bytes': 149153, 'valid': True}, 'pressure.png': {'exists': True, 'size_bytes': 115604, 'valid': True}, 'temperature.png': {'exists': True, 'size_bytes': 125767, 'valid': True}}, 'invalid': []}",F:\pyProject\fipy_naca0012_2.0\七参数_几何掩码代理优化\comsol_results_1000_extra\case_30071\cfd_solution
30072,0.0023582724640615,0.4455732162074004,0.1187960334637726,0.687852370437667,1.062945763724564,0.2893629983081576,1.259416293011702,True,,26.95335,0.064165,0.9624740000000003,27.534119,1929.555575669,"{'complete': True, 'min_image_bytes': 20000, 'files': {'velocity_magnitude.png': {'exists': True, 'size_bytes': 141975, 'valid': True}, 'pressure.png': {'exists': True, 'size_bytes': 110783, 'valid': True}, 'temperature.png': {'exists': True, 'size_bytes': 121025, 'valid': True}}, 'invalid': []}",F:\pyProject\fipy_naca0012_2.0\七参数_几何掩码代理优化\comsol_results_1000_extra\case_30072\cfd_solution
30073,0.0124152297792749,0.2136513407465631,0.0888352196063836,0.6984966712734177,0.5543494545077601,0.3419967622469284,5.9694157475339775,True,,29.465693,0.087737,1.3160609999999995,18.858011,1444.727360974,"{'complete': True, 'min_image_bytes': 20000, 'files': {'velocity_magnitude.png': {'exists': True, 'size_bytes': 128096, 'valid': True}, 'pressure.png': {'exists': True, 'size_bytes': 86061, 'valid': True}, 'temperature.png': {'exists': True, 'size_bytes': 109982, 'valid': True}}, 'invalid': []}",F:\pyProject\fipy_naca0012_2.0\七参数_几何掩码代理优化\comsol_results_1000_extra\case_30073\cfd_solution
30074,0.0047032551921606,0.5330208332947313,0.1177673396292772,0.7491341539635211,1.0472811316502506,0.3569493196036911,-0.0629024612637501,True,,27.667466,0.06534,0.9801000000000002,26.592964,1912.975857384,"{'complete': True, 'min_image_bytes': 20000, 'files': {'velocity_magnitude.png': {'exists': True, 'size_bytes': 139425, 'valid': True}, 'pressure.png': {'exists': True, 'size_bytes': 108803, 'valid': True}, 'temperature.png': {'exists': True, 'size_bytes': 120035, 'valid': True}}, 'invalid': []}",F:\pyProject\fipy_naca0012_2.0\七参数_几何掩码代理优化\comsol_results_1000_extra\case_30074\cfd_solution
30075,0.040122904600305,0.4407818574032184,0.1351907963710233,1.4806796755401157,1.1150431764303548,0.58505093422627,5.141514730639598,True,,36.173533,0.08188,1.2281969999999998,23.405534,2201.318208735,"{'complete': True, 'min_image_bytes': 20000, 'files': {'velocity_magnitude.png': {'exists': True, 'size_bytes': 161942, 'valid': True}, 'pressure.png': {'exists': True, 'size_bytes': 116027, 'valid': True}, 'temperature.png': {'exists': True, 'size_bytes': 129968, 'valid': True}}, 'invalid': []}",F:\pyProject\fipy_naca0012_2.0\七参数_几何掩码代理优化\comsol_results_1000_extra\case_30075\cfd_solution
30076,0.0235860532754382,0.2541072300421276,0.0825610343834993,0.5722684703346046,0.8680271731094756,0.2675279476615282,-2.965340576980245,True,,24.61446,0.063237,0.9485570000000001,21.009078,1344.530501993,"{'complete': True, 'min_image_bytes': 20000, 'files': {'velocity_magnitude.png': {'exists': True, 'size_bytes': 138237, 'valid': True}, 'pressure.png': {'exists': True, 'size_bytes': 95215, 'valid': True}, 'temperature.png': {'exists': True, 'size_bytes': 117685, 'valid': True}}, 'invalid': []}",F:\pyProject\fipy_naca0012_2.0\七参数_几何掩码代理优化\comsol_results_1000_extra\case_30076\cfd_solution
30077,0.0144179241077729,0.4368380383318616,0.139090393115297,1.387922854592714,0.5100856291091087,0.6080538288270473,-5.14484281888971,True,,38.171755,0.126159,1.8923829999999988,22.752572,2258.114551803,"{'complete': True, 'min_image_bytes': 20000, 'files': {'velocity_magnitude.png': {'exists': True, 'size_bytes': 122887, 'valid': True}, 'pressure.png': {'exists': True, 'size_bytes': 77512, 'valid': True}, 'temperature.png': {'exists': True, 'size_bytes': 95338, 'valid': True}}, 'invalid': []}",F:\pyProject\fipy_naca0012_2.0\七参数_几何掩码代理优化\comsol_results_1000_extra\case_30077\cfd_solution
30078,0.0419918098825786,0.3492877160870145,0.1424085949956443,0.5533367755952495,0.652581514361557,0.8085394391378039,7.596859031300337,True,,30.086654,0.106289,1.594341,29.668821,2320.852444502,"{'complete': True, 'min_image_bytes': 20000, 'files': {'velocity_magnitude.png': {'exists': True, 'size_bytes': 151491, 'valid': True}, 'pressure.png': {'exists': True, 'size_bytes': 91796, 'valid': True}, 'temperature.png': {'exists': True, 'size_bytes': 125814, 'valid': True}}, 'invalid': []}",F:\pyProject\fipy_naca0012_2.0\七参数_几何掩码代理优化\comsol_results_1000_extra\case_30078\cfd_solution
30079,0.0106931079349611,0.3505675589445935,0.1048861342388084,0.9914896769832032,1.1555035950595698,0.0756498785177441,8.92366564434817,True,,28.176633,0.076873,1.1531009999999995,23.268545,1704.636041072,"{'complete': True, 'min_image_bytes': 20000, 'files': {'velocity_magnitude.png': {'exists': True, 'size_bytes': 167314, 'valid': True}, 'pressure.png': {'exists': True, 'size_bytes': 124039, 'valid': True}, 'temperature.png': {'exists': True, 'size_bytes': 138185, 'valid': True}}, 'invalid': []}",F:\pyProject\fipy_naca0012_2.0\七参数_几何掩码代理优化\comsol_results_1000_extra\case_30079\cfd_solution
30080,0.0049468312534426,0.2178943213400147,0.1164967648068805,0.7884554774569988,0.6572253678727819,0.9714318213163896,9.06295935658487,True,,36.629782,0.128815,1.932220000000001,19.856963,1891.126217402,"{'complete': True, 'min_image_bytes': 20000, 'files': {'velocity_magnitude.png': {'exists': True, 'size_bytes': 146846, 'valid': True}, 'pressure.png': {'exists': True, 'size_bytes': 90257, 'valid': True}, 'temperature.png': {'exists': True, 'size_bytes': 118133, 'valid': True}}, 'invalid': []}",F:\pyProject\fipy_naca0012_2.0\七参数_几何掩码代理优化\comsol_results_1000_extra\case_30080\cfd_solution
30081,0.0391373626914942,0.2342904254616867,0.0840474076642272,1.1208915035860456,0.560385424816174,0.5403137795736827,-8.21157939671247,True,,34.325341,0.118992,1.7848740000000003,15.376611,1372.299306825,"{'complete': True, 'min_image_bytes': 20000, 'files': {'velocity_magnitude.png': {'exists': True, 'size_bytes': 135178, 'valid': True}, 'pressure.png': {'exists': True, 'size_bytes': 85701, 'valid': True}, 'temperature.png': {'exists': True, 'size_bytes': 111241, 'valid': True}}, 'invalid': []}",F:\pyProject\fipy_naca0012_2.0\七参数_几何掩码代理优化\comsol_results_1000_extra\case_30081\cfd_solution
30082,0.0317928686984073,0.400768821590328,0.1464082453246383,1.4637151161302169,0.5917884985097913,0.2737206785851141,-3.3585457971952284,True,,42.482148,0.139542,2.093131000000003,21.550018,2380.276772924,"{'complete': True, 'min_image_bytes': 20000, 'files': {'velocity_magnitude.png': {'exists': True, 'size_bytes': 124952, 'valid': True}, 'pressure.png': {'exists': True, 'size_bytes': 79867, 'valid': True}, 'temperature.png': {'exists': True, 'size_bytes': 103699, 'valid': True}}, 'invalid': []}",F:\pyProject\fipy_naca0012_2.0\七参数_几何掩码代理优化\comsol_results_1000_extra\case_30082\cfd_solution
30083,0.0156466138758584,0.2965971415022957,0.0930615974275011,0.9755700521701656,0.5282231453173691,0.3814470885277337,-1.6353373185808984,True,,34.798093,0.095979,1.439687000000001,16.723885,1513.09418252,"{'complete': True, 'min_image_bytes': 20000, 'files': {'velocity_magnitude.png': {'exists': True, 'size_bytes': 119003, 'valid': True}, 'pressure.png': {'exists': True, 'size_bytes': 77784, 'valid': True}, 'temperature.png': {'exists': True, 'size_bytes': 98533, 'valid': True}}, 'invalid': []}",F:\pyProject\fipy_naca0012_2.0\七参数_几何掩码代理优化\comsol_results_1000_extra\case_30083\cfd_solution
30084,0.0020231555624817,0.3527512388338256,0.0853620293068925,0.6566149201887777,0.7084287658560194,0.7949068980498449,0.7499314344571992,True,,28.037099,0.063853,0.9577930000000006,19.043484,1388.202494496,"{'complete': True, 'min_image_bytes': 20000, 'files': {'velocity_magnitude.png': {'exists': True, 'size_bytes': 118116, 'valid': True}, 'pressure.png': {'exists': True, 'size_bytes': 87718, 'valid': True}, 'temperature.png': {'exists': True, 'size_bytes': 106189, 'valid': True}}, 'invalid': []}",F:\pyProject\fipy_naca0012_2.0\七参数_几何掩码代理优化\comsol_results_1000_extra\case_30084\cfd_solution
30085,0.0029625534005735,0.2413870629727286,0.1483506438869595,0.7479259054710301,0.9645042587334436,0.928684643796967,-5.991708070815106,True,,34.060516,0.096659,1.4498880000000005,27.171963,2406.276838898,"{'complete': True, 'min_image_bytes': 20000, 'files': {'velocity_magnitude.png': {'exists': True, 'size_bytes': 159301, 'valid': True}, 'pressure.png': {'exists': True, 'size_bytes': 104152, 'valid': True}, 'temperature.png': {'exists': True, 'size_bytes': 131968, 'valid': True}}, 'invalid': []}",F:\pyProject\fipy_naca0012_2.0\七参数_几何掩码代理优化\comsol_results_1000_extra\case_30085\cfd_solution
30086,0.034805184014532,0.5177911412745705,0.1256099656414623,0.8094478017695943,1.0233754496558818,0.4253619346547242,-3.9081018222195487,True,,33.000156,0.08845,1.3267570000000006,23.829737,2044.601098135,"{'complete': True, 'min_image_bytes': 20000, 'files': {'velocity_magnitude.png': {'exists': True, 'size_bytes': 158126, 'valid': True}, 'pressure.png': {'exists': True, 'size_bytes': 104131, 'valid': True}, 'temperature.png': {'exists': True, 'size_bytes': 131603, 'valid': True}}, 'invalid': []}",F:\pyProject\fipy_naca0012_2.0\七参数_几何掩码代理优化\comsol_results_1000_extra\case_30086\cfd_solution
30087,0.0483376699726083,0.2992030517216986,0.1133872874990008,0.9179365031315998,0.7430917962281498,0.8302539350684306,-4.467490086792981,True,,38.640077,0.116316,1.7447470000000003,18.423331,1850.885216178,"{'complete': True, 'min_image_bytes': 20000, 'files': {'velocity_magnitude.png': {'exists': True, 'size_bytes': 145817, 'valid': True}, 'pressure.png': {'exists': True, 'size_bytes': 93074, 'valid': True}, 'temperature.png': {'exists': True, 'size_bytes': 122119, 'valid': True}}, 'invalid': []}",F:\pyProject\fipy_naca0012_2.0\七参数_几何掩码代理优化\comsol_results_1000_extra\case_30087\cfd_solution
30088,0.0457986654936945,0.3196755386677683,0.1215861027738012,1.3432731405851182,1.1806006259309263,0.8718852731649651,9.620134519578446,True,,33.115454,0.08933,1.3399490000000007,23.035862,1983.391945674,"{'complete': True, 'min_image_bytes': 20000, 'files': {'velocity_magnitude.png': {'exists': True, 'size_bytes': 168196, 'valid': True}, 'pressure.png': {'exists': True, 'size_bytes': 124719, 'valid': True}, 'temperature.png': {'exists': True, 'size_bytes': 132323, 'valid': True}}, 'invalid': []}",F:\pyProject\fipy_naca0012_2.0\七参数_几何掩码代理优化\comsol_results_1000_extra\case_30088\cfd_solution
30089,0.0307779098989205,0.3220277651837958,0.1482742864694213,0.7018570443265348,1.1949636201799652,0.8332935197937853,-4.427113569786111,True,,31.333969,0.083268,1.2490199999999998,29.581163,2409.927589426,"{'complete': True, 'min_image_bytes': 20000, 'files': {'velocity_magnitude.png': {'exists': True, 'size_bytes': 161885, 'valid': True}, 'pressure.png': {'exists': True, 'size_bytes': 115065, 'valid': True}, 'temperature.png': {'exists': True, 'size_bytes': 134458, 'valid': True}}, 'invalid': []}",F:\pyProject\fipy_naca0012_2.0\七参数_几何掩码代理优化\comsol_results_1000_extra\case_30089\cfd_solution
30090,0.0077743879107319,0.2236014178116866,0.1075714273063095,0.980345965151206,1.1436879699651952,0.1888327361242565,-3.455391298156494,True,,29.799287,0.070179,1.0526780000000002,22.562513,1748.101697918,"{'complete': True, 'min_image_bytes': 20000, 'files': {'velocity_magnitude.png': {'exists': True, 'size_bytes': 155574, 'valid': True}, 'pressure.png': {'exists': True, 'size_bytes': 110862, 'valid': True}, 'temperature.png': {'exists': True, 'size_bytes': 129485, 'valid': True}}, 'invalid': []}",F:\pyProject\fipy_naca0012_2.0\七参数_几何掩码代理优化\comsol_results_1000_extra\case_30090\cfd_solution
30091,0.0122679424148409,0.3416736608021544,0.1356457285487574,1.1275468927153414,1.1970348182533372,0.7611273539631377,8.875981826844441,True,,32.531332,0.084318,1.2647680000000001,26.031519,2201.784008863,"{'complete': True, 'min_image_bytes': 20000, 'files': {'velocity_magnitude.png': {'exists': True, 'size_bytes': 162930, 'valid': True}, 'pressure.png': {'exists': True, 'size_bytes': 117077, 'valid': True}, 'temperature.png': {'exists': True, 'size_bytes': 137477, 'valid': True}}, 'invalid': []}",F:\pyProject\fipy_naca0012_2.0\七参数_几何掩码代理优化\comsol_results_1000_extra\case_30091\cfd_solution
30092,0.0172457785926854,0.2679748498813631,0.1232542863964048,0.6175018831915877,0.9760736926975144,0.642776634187921,7.842228816229454,True,,27.233363,0.076425,1.1463710000000003,28.291793,2003.249761119,"{'complete': True, 'min_image_bytes': 20000, 'files': {'velocity_magnitude.png': {'exists': True, 'size_bytes': 161798, 'valid': True}, 'pressure.png': {'exists': True, 'size_bytes': 104038, 'valid': True}, 'temperature.png': {'exists': True, 'size_bytes': 129893, 'valid': True}}, 'invalid': []}",F:\pyProject\fipy_naca0012_2.0\七参数_几何掩码代理优化\comsol_results_1000_extra\case_30092\cfd_solution
30093,0.0371329242395075,0.5935038595101418,0.093375369482515,1.2536502774405696,0.7140014723467909,0.1611304861923388,7.112359076752142,True,,35.835869,0.101275,1.5191250000000007,16.325273,1521.078894008,"{'complete': True, 'min_image_bytes': 20000, 'files': {'velocity_magnitude.png': {'exists': True, 'size_bytes': 148422, 'valid': True}, 'pressure.png': {'exists': True, 'size_bytes': 96036, 'valid': True}, 'temperature.png': {'exists': True, 'size_bytes': 119225, 'valid': True}}, 'invalid': []}",F:\pyProject\fipy_naca0012_2.0\七参数_几何掩码代理优化\comsol_results_1000_extra\case_30093\cfd_solution
30094,0.0083489988037658,0.3359598530154543,0.0813494105884363,1.229224277181598,1.154945967027722,0.7183053684687754,5.561849737927403,True,,28.948146,0.061244,0.9186619999999994,17.572246,1322.578222308,"{'complete': True, 'min_image_bytes': 20000, 'files': {'velocity_magnitude.png': {'exists': True, 'size_bytes': 155180, 'valid': True}, 'pressure.png': {'exists': True, 'size_bytes': 112694, 'valid': True}, 'temperature.png': {'exists': True, 'size_bytes': 122883, 'valid': True}}, 'invalid': []}",F:\pyProject\fipy_naca0012_2.0\七参数_几何掩码代理优化\comsol_results_1000_extra\case_30094\cfd_solution
30095,0.0411513548470744,0.5499636001590198,0.0920606657349645,0.5134730855386836,1.0277975414319322,0.6131524888904681,-8.778960175339328,True,,28.828484,0.088728,1.3309220000000002,20.019238,1500.523100542,"{'complete': True, 'min_image_bytes': 20000, 'files': {'velocity_magnitude.png': {'exists': True, 'size_bytes': 171308, 'valid': True}, 'pressure.png': {'exists': True, 'size_bytes': 105359, 'valid': True}, 'temperature.png': {'exists': True, 'size_bytes': 142966, 'valid': True}}, 'invalid': []}",F:\pyProject\fipy_naca0012_2.0\七参数_几何掩码代理优化\comsol_results_1000_extra\case_30095\cfd_solution
30096,0.0383948596886732,0.5521284636976191,0.1140963820318676,0.5254989188836321,0.5692275859191457,0.062197281088163,-5.72765185842978,True,,31.968814,0.115908,1.738620000000001,22.354503,1858.082068891,"{'complete': True, 'min_image_bytes': 20000, 'files': {'velocity_magnitude.png': {'exists': True, 'size_bytes': 138900, 'valid': True}, 'pressure.png': {'exists': True, 'size_bytes': 85646, 'valid': True}, 'temperature.png': {'exists': True, 'size_bytes': 120790, 'valid': True}}, 'invalid': []}",F:\pyProject\fipy_naca0012_2.0\七参数_几何掩码代理优化\comsol_results_1000_extra\case_30096\cfd_solution
30097,0.0410945490228141,0.5285411724779516,0.1002033910220281,1.116474098801783,0.7984791769361843,0.0133937532297551,6.274276046627843,True,,33.212765,0.091567,1.3735060000000008,18.914236,1633.304532787,"{'complete': True, 'min_image_bytes': 20000, 'files': {'velocity_magnitude.png': {'exists': True, 'size_bytes': 154826, 'valid': True}, 'pressure.png': {'exists': True, 'size_bytes': 106186, 'valid': True}, 'temperature.png': {'exists': True, 'size_bytes': 122797, 'valid': True}}, 'invalid': []}",F:\pyProject\fipy_naca0012_2.0\七参数_几何掩码代理优化\comsol_results_1000_extra\case_30097\cfd_solution
30098,0.0444693752663923,0.4607187246369437,0.1286138039377959,1.213237188565918,0.6024920091309525,0.5569161349597472,-3.77040504764809,True,,41.114545,0.128382,1.9257229999999979,19.601472,2095.354514705,"{'complete': True, 'min_image_bytes': 20000, 'files': {'velocity_magnitude.png': {'exists': True, 'size_bytes': 131353, 'valid': True}, 'pressure.png': {'exists': True, 'size_bytes': 83772, 'valid': True}, 'temperature.png': {'exists': True, 'size_bytes': 108040, 'valid': True}}, 'invalid': []}",F:\pyProject\fipy_naca0012_2.0\七参数_几何掩码代理优化\comsol_results_1000_extra\case_30098\cfd_solution
30099,0.022595264938882,0.3905945832926517,0.1149234250770078,0.9141101351306382,1.183775226278605,0.560879071113149,5.271146159365399,True,,28.947992,0.068055,1.020823,24.812577,1867.513142707,"{'complete': True, 'min_image_bytes': 20000, 'files': {'velocity_magnitude.png': {'exists': True, 'size_bytes': 158808, 'valid': True}, 'pressure.png': {'exists': True, 'size_bytes': 117572, 'valid': True}, 'temperature.png': {'exists': True, 'size_bytes': 131882, 'valid': True}}, 'invalid': []}",F:\pyProject\fipy_naca0012_2.0\七参数_几何掩码代理优化\comsol_results_1000_extra\case_30099\cfd_solution
30100,0.0168239618553986,0.4392884658187596,0.117598217682353,1.0699406698245726,0.9705444145683872,0.8248665577002293,-7.780165448828643,True,,37.0908,0.105582,1.5837310000000002,19.807251,1910.133667049,"{'complete': True, 'min_image_bytes': 20000, 'files': {'velocity_magnitude.png': {'exists': True, 'size_bytes': 162584, 'valid': True}, 'pressure.png': {'exists': True, 'size_bytes': 107892, 'valid': True}, 'temperature.png': {'exists': True, 'size_bytes': 136673, 'valid': True}}, 'invalid': []}",F:\pyProject\fipy_naca0012_2.0\七参数_几何掩码代理优化\comsol_results_1000_extra\case_30100\cfd_solution
30101,0.0064396154444417,0.4217216172808585,0.1019358346790067,1.190789288448985,0.6178364526207458,0.4366234322871888,-9.439696839817978,True,,37.714354,0.12476,1.8713940000000022,16.893758,1656.556587065,"{'complete': True, 'min_image_bytes': 20000, 'files': {'velocity_magnitude.png': {'exists': True, 'size_bytes': 139200, 'valid': True}, 'pressure.png': {'exists': True, 'size_bytes': 87436, 'valid': True}, 'temperature.png': {'exists': True, 'size_bytes': 115112, 'valid': True}}, 'invalid': []}",F:\pyProject\fipy_naca0012_2.0\七参数_几何掩码代理优化\comsol_results_1000_extra\case_30101\cfd_solution
30102,0.0277128723814642,0.5378859612259292,0.14530093435457,0.7437166066476524,0.734175916702625,0.1697608434408619,7.683867602804163,True,,34.22662,0.120364,1.8054629999999996,26.519172,2359.920191846,"{'complete': True, 'min_image_bytes': 20000, 'files': {'velocity_magnitude.png': {'exists': True, 'size_bytes': 155180, 'valid': True}, 'pressure.png': {'exists': True, 'size_bytes': 101315, 'valid': True}, 'temperature.png': {'exists': True, 'size_bytes': 131701, 'valid': True}}, 'invalid': []}",F:\pyProject\fipy_naca0012_2.0\七参数_几何掩码代理优化\comsol_results_1000_extra\case_30102\cfd_solution
30103,0.0355834537973278,0.5300654172518757,0.0837325325331761,1.425119926406891,0.7087601451773563,0.6481921619809364,-9.599703611393815,True,,39.374001,0.119426,1.7913949999999996,13.326794,1364.295885687,"{'complete': True, 'min_image_bytes': 20000, 'files': {'velocity_magnitude.png': {'exists': True, 'size_bytes': 148693, 'valid': True}, 'pressure.png': {'exists': True, 'size_bytes': 91215, 'valid': True}, 'temperature.png': {'exists': True, 'size_bytes': 118660, 'valid': True}}, 'invalid': []}",F:\pyProject\fipy_naca0012_2.0\七参数_几何掩码代理优化\comsol_results_1000_extra\case_30103\cfd_solution
30104,0.0365075634874718,0.4951819662226116,0.143352347176067,0.5466626490209417,0.7317298669506089,0.3752038117449607,-7.008192885545569,True,,35.220451,0.128896,1.9334419999999994,25.477723,2333.075896505,"{'complete': True, 'min_image_bytes': 20000, 'files': {'velocity_magnitude.png': {'exists': True, 'size_bytes': 158271, 'valid': True}, 'pressure.png': {'exists': True, 'size_bytes': 94749, 'valid': True}, 'temperature.png': {'exists': True, 'size_bytes': 139245, 'valid': True}}, 'invalid': []}",F:\pyProject\fipy_naca0012_2.0\七参数_几何掩码代理优化\comsol_results_1000_extra\case_30104\cfd_solution
30105,0.0037865221712843,0.3142278614869305,0.108174107069853,0.6181374114511317,1.0150750313215382,0.582457871811247,2.125022602199984,True,,25.073357,0.058584,0.8787589999999996,26.957744,1757.394988043,"{'complete': True, 'min_image_bytes': 20000, 'files': {'velocity_magnitude.png': {'exists': True, 'size_bytes': 133528, 'valid': True}, 'pressure.png': {'exists': True, 'size_bytes': 105212, 'valid': True}, 'temperature.png': {'exists': True, 'size_bytes': 118139, 'valid': True}}, 'invalid': []}",F:\pyProject\fipy_naca0012_2.0\七参数_几何掩码代理优化\comsol_results_1000_extra\case_30105\cfd_solution
30106,0.0038299437895637,0.2066505293849425,0.1227301590021102,1.3098364983957045,0.6384172612367154,0.6783945031669615,3.16332205167404,True,,41.925818,0.108965,1.6344779999999997,18.276665,1992.286785522,"{'complete': True, 'min_image_bytes': 20000, 'files': {'velocity_magnitude.png': {'exists': True, 'size_bytes': 130828, 'valid': True}, 'pressure.png': {'exists': True, 'size_bytes': 85383, 'valid': True}, 'temperature.png': {'exists': True, 'size_bytes': 107725, 'valid': True}}, 'invalid': []}",F:\pyProject\fipy_naca0012_2.0\七参数_几何掩码代理优化\comsol_results_1000_extra\case_30106\cfd_solution
30107,0.0195212503573728,0.2717135010444712,0.1112596097553831,0.6608527045400585,0.6089608595950404,0.4844287598064546,-5.794372439468354,True,,32.310741,0.108553,1.6282969999999999,21.53399,1809.025852218,"{'complete': True, 'min_image_bytes': 20000, 'files': {'velocity_magnitude.png': {'exists': True, 'size_bytes': 138165, 'valid': True}, 'pressure.png': {'exists': True, 'size_bytes': 88028, 'valid': True}, 'temperature.png': {'exists': True, 'size_bytes': 117656, 'valid': True}}, 'invalid': []}",F:\pyProject\fipy_naca0012_2.0\七参数_几何掩码代理优化\comsol_results_1000_extra\case_30107\cfd_solution
30108,0.0161899638533768,0.2210390611998089,0.0990044391554813,0.8354266831731115,0.5342877618922863,0.3131642148362591,-8.090881846213495,True,,33.969757,0.127148,1.9072169999999975,18.226386,1609.77939405,"{'complete': True, 'min_image_bytes': 20000, 'files': {'velocity_magnitude.png': {'exists': True, 'size_bytes': 132139, 'valid': True}, 'pressure.png': {'exists': True, 'size_bytes': 84908, 'valid': True}, 'temperature.png': {'exists': True, 'size_bytes': 113307, 'valid': True}}, 'invalid': []}",F:\pyProject\fipy_naca0012_2.0\七参数_几何掩码代理优化\comsol_results_1000_extra\case_30108\cfd_solution
30109,0.0198136989553022,0.3543825775302692,0.1023464722641566,0.5088984532992243,0.9964789010789756,0.5229869566626718,2.6767274065857,True,,22.413847,0.053224,0.7983609999999999,28.573057,1665.123553309,"{'complete': True, 'min_image_bytes': 20000, 'files': {'velocity_magnitude.png': {'exists': True, 'size_bytes': 131517, 'valid': True}, 'pressure.png': {'exists': True, 'size_bytes': 107575, 'valid': True}, 'temperature.png': {'exists': True, 'size_bytes': 118152, 'valid': True}}, 'invalid': []}",F:\pyProject\fipy_naca0012_2.0\七参数_几何掩码代理优化\comsol_results_1000_extra\case_30109\cfd_solution
30110,0.0059811022111318,0.2258989972030511,0.1027228058471427,1.146436935515588,0.9410527015173974,0.6284049836532729,-3.8551763967371953,True,,34.398194,0.080289,1.2043299999999988,18.665898,1669.390268953,"{'complete': True, 'min_image_bytes': 20000, 'files': {'velocity_magnitude.png': {'exists': True, 'size_bytes': 144745, 'valid': True}, 'pressure.png': {'exists': True, 'size_bytes': 102119, 'valid': True}, 'temperature.png': {'exists': True, 'size_bytes': 120194, 'valid': True}}, 'invalid': []}",F:\pyProject\fipy_naca0012_2.0\七参数_几何掩码代理优化\comsol_results_1000_extra\case_30110\cfd_solution
30111,0.0473316132833718,0.2707257429668613,0.1273732366505928,0.9184896746102956,0.5804362308283383,0.2926113410304484,-4.578431901233903,True,,38.445911,0.139105,2.086580999999999,20.793881,2078.543188345,"{'complete': True, 'min_image_bytes': 20000, 'files': {'velocity_magnitude.png': {'exists': True, 'size_bytes': 137402, 'valid': True}, 'pressure.png': {'exists': True, 'size_bytes': 84958, 'valid': True}, 'temperature.png': {'exists': True, 'size_bytes': 115918, 'valid': True}}, 'invalid': []}",F:\pyProject\fipy_naca0012_2.0\七参数_几何掩码代理优化\comsol_results_1000_extra\case_30111\cfd_solution
30112,0.0405959497013701,0.5685342704565604,0.121075773040405,0.6495932547437355,1.1034625358334649,0.6195962880938577,9.90927258997866,True,,25.563801,0.076559,1.14839,29.673327,1972.263880976,"{'complete': True, 'min_image_bytes': 20000, 'files': {'velocity_magnitude.png': {'exists': True, 'size_bytes': 169904, 'valid': True}, 'pressure.png': {'exists': True, 'size_bytes': 119867, 'valid': True}, 'temperature.png': {'exists': True, 'size_bytes': 143559, 'valid': True}}, 'invalid': []}",F:\pyProject\fipy_naca0012_2.0\七参数_几何掩码代理优化\comsol_results_1000_extra\case_30112\cfd_solution
30113,0.0033866127430738,0.5840047535021107,0.0939857016713612,0.5343214742173852,1.1182307365860442,0.7690118741729591,-6.262083856608758,True,,23.812164,0.061309,0.9196319999999996,24.669043,1527.300578712,"{'complete': True, 'min_image_bytes': 20000, 'files': {'velocity_magnitude.png': {'exists': True, 'size_bytes': 153163, 'valid': True}, 'pressure.png': {'exists': True, 'size_bytes': 106392, 'valid': True}, 'temperature.png': {'exists': True, 'size_bytes': 126674, 'valid': True}}, 'invalid': []}",F:\pyProject\fipy_naca0012_2.0\七参数_几何掩码代理优化\comsol_results_1000_extra\case_30113\cfd_solution
30114,0.0456602672522897,0.438843872472462,0.0809744079947605,0.6719946773389669,1.1779315784668505,0.4141527807632148,5.915727419966386,True,,22.138698,0.054202,0.8130229999999998,22.974388,1322.419873271,"{'complete': True, 'min_image_bytes': 20000, 'files': {'velocity_magnitude.png': {'exists': True, 'size_bytes': 155784, 'valid': True}, 'pressure.png': {'exists': True, 'size_bytes': 124913, 'valid': True}, 'temperature.png': {'exists': True, 'size_bytes': 129793, 'valid': True}}, 'invalid': []}",F:\pyProject\fipy_naca0012_2.0\七参数_几何掩码代理优化\comsol_results_1000_extra\case_30114\cfd_solution
30115,0.0204309685992139,0.2585910730435311,0.126412976156919,1.292730041953636,1.0593065776787365,0.7217091272153179,4.8589064774439095,True,,35.584664,0.080178,1.2026700000000003,22.203711,2054.290140426,"{'complete': True, 'min_image_bytes': 20000, 'files': {'velocity_magnitude.png': {'exists': True, 'size_bytes': 156530, 'valid': True}, 'pressure.png': {'exists': True, 'size_bytes': 109385, 'valid': True}, 'temperature.png': {'exists': True, 'size_bytes': 125824, 'valid': True}}, 'invalid': []}",F:\pyProject\fipy_naca0012_2.0\七参数_几何掩码代理优化\comsol_results_1000_extra\case_30115\cfd_solution
30116,0.0450588206802662,0.5595464530824488,0.1185376858815691,1.4951305044382268,0.5241774273368459,0.33248068883348,-8.53676972248623,True,,38.279535,0.136012,2.040179000000002,19.408993,1931.714767826,"{'complete': True, 'min_image_bytes': 20000, 'files': {'velocity_magnitude.png': {'exists': True, 'size_bytes': 125600, 'valid': True}, 'pressure.png': {'exists': True, 'size_bytes': 80762, 'valid': True}, 'temperature.png': {'exists': True, 'size_bytes': 101122, 'valid': True}}, 'invalid': []}",F:\pyProject\fipy_naca0012_2.0\七参数_几何掩码代理优化\comsol_results_1000_extra\case_30116\cfd_solution
30117,0.0498982557874917,0.555365210791346,0.1429526757848405,0.7134274587969763,1.1602522625450455,0.2241214890762411,-0.5402662251708161,True,,31.010087,0.080786,1.2117880000000003,28.91816,2331.562105821,"{'complete': True, 'min_image_bytes': 20000, 'files': {'velocity_magnitude.png': {'exists': True, 'size_bytes': 160084, 'valid': True}, 'pressure.png': {'exists': True, 'size_bytes': 115512, 'valid': True}, 'temperature.png': {'exists': True, 'size_bytes': 136721, 'valid': True}}, 'invalid': []}",F:\pyProject\fipy_naca0012_2.0\七参数_几何掩码代理优化\comsol_results_1000_extra\case_30117\cfd_solution
30118,0.0463516804412838,0.3168646293383045,0.0820218346899043,1.4264024030350364,0.7017791264755753,0.8939069371168257,-4.103295618079726,True,,37.575577,0.092148,1.3822150000000004,13.721983,1340.589668919,"{'complete': True, 'min_image_bytes': 20000, 'files': {'velocity_magnitude.png': {'exists': True, 'size_bytes': 138055, 'valid': True}, 'pressure.png': {'exists': True, 'size_bytes': 87745, 'valid': True}, 'temperature.png': {'exists': True, 'size_bytes': 111719, 'valid': True}}, 'invalid': []}",F:\pyProject\fipy_naca0012_2.0\七参数_几何掩码代理优化\comsol_results_1000_extra\case_30118\cfd_solution
30119,0.0458763854232488,0.4262454372632628,0.1229064387867455,1.3968992112262013,1.1797537326676184,0.1744478975746457,8.715061842598107,True,,33.894247,0.088155,1.3223270000000005,22.738503,2003.831516067,"{'complete': True, 'min_image_bytes': 20000, 'files': {'velocity_magnitude.png': {'exists': True, 'size_bytes': 170423, 'valid': True}, 'pressure.png': {'exists': True, 'size_bytes': 129633, 'valid': True}, 'temperature.png': {'exists': True, 'size_bytes': 137835, 'valid': True}}, 'invalid': []}",F:\pyProject\fipy_naca0012_2.0\七参数_几何掩码代理优化\comsol_results_1000_extra\case_30119\cfd_solution
30120,0.0447880156165006,0.3154136712787515,0.0987567855318918,0.8172109177174133,0.8245369423662345,0.3522929685351936,5.411805513758907,True,,28.281468,0.074282,1.1142269999999996,21.922395,1611.993510635,"{'complete': True, 'min_image_bytes': 20000, 'files': {'velocity_magnitude.png': {'exists': True, 'size_bytes': 147780, 'valid': True}, 'pressure.png': {'exists': True, 'size_bytes': 103510, 'valid': True}, 'temperature.png': {'exists': True, 'size_bytes': 122169, 'valid': True}}, 'invalid': []}",F:\pyProject\fipy_naca0012_2.0\七参数_几何掩码代理优化\comsol_results_1000_extra\case_30120\cfd_solution
30121,0.0262232745704071,0.5156737769065876,0.1009458434163655,1.084339294375826,1.0475473994215878,0.4203223137685212,1.0077147992924296,True,,31.699243,0.068374,1.0256169999999996,19.928482,1642.466272259,"{'complete': True, 'min_image_bytes': 20000, 'files': {'velocity_magnitude.png': {'exists': True, 'size_bytes': 145248, 'valid': True}, 'pressure.png': {'exists': True, 'size_bytes': 110373, 'valid': True}, 'temperature.png': {'exists': True, 'size_bytes': 118282, 'valid': True}}, 'invalid': []}",F:\pyProject\fipy_naca0012_2.0\七参数_几何掩码代理优化\comsol_results_1000_extra\case_30121\cfd_solution
30122,0.041494847787461,0.4315975436569834,0.1235988995299486,1.0294602222278488,1.1463108817893426,0.8500170689219093,-2.231277994954267,True,,34.023164,0.07972,1.1958000000000002,22.755198,2012.930016451,"{'complete': True, 'min_image_bytes': 20000, 'files': {'velocity_magnitude.png': {'exists': True, 'size_bytes': 156045, 'valid': True}, 'pressure.png': {'exists': True, 'size_bytes': 111288, 'valid': True}, 'temperature.png': {'exists': True, 'size_bytes': 126633, 'valid': True}}, 'invalid': []}",F:\pyProject\fipy_naca0012_2.0\七参数_几何掩码代理优化\comsol_results_1000_extra\case_30122\cfd_solution
30123,0.0255357183201729,0.3738374721541295,0.0958390435561809,0.7901095822748156,0.9938240256618796,0.7384306875459945,-7.915888227239346,True,,31.923365,0.094117,1.4117489999999995,18.788523,1559.461476938,"{'complete': True, 'min_image_bytes': 20000, 'files': {'velocity_magnitude.png': {'exists': True, 'size_bytes': 163852, 'valid': True}, 'pressure.png': {'exists': True, 'size_bytes': 103155, 'valid': True}, 'temperature.png': {'exists': True, 'size_bytes': 135651, 'valid': True}}, 'invalid': []}",F:\pyProject\fipy_naca0012_2.0\七参数_几何掩码代理优化\comsol_results_1000_extra\case_30123\cfd_solution
30124,0.0403575837731119,0.3387976128810021,0.1175172075824779,0.8499378829952329,1.0195218305697291,0.2712746450077726,8.98011772935131,True,,28.394097,0.081736,1.2260409999999995,25.948387,1915.630620226,"{'complete': True, 'min_image_bytes': 20000, 'files': {'velocity_magnitude.png': {'exists': True, 'size_bytes': 166833, 'valid': True}, 'pressure.png': {'exists': True, 'size_bytes': 118851, 'valid': True}, 'temperature.png': {'exists': True, 'size_bytes': 136681, 'valid': True}}, 'invalid': []}",F:\pyProject\fipy_naca0012_2.0\七参数_几何掩码代理优化\comsol_results_1000_extra\case_30124\cfd_solution
30125,0.0407787775840602,0.2807698408142279,0.1333610862888972,0.7749271879982315,0.6362097410340147,0.0286483525063947,-6.131190246298395,True,,36.629587,0.136719,2.050785000000001,22.825377,2173.818749133,"{'complete': True, 'min_image_bytes': 20000, 'files': {'velocity_magnitude.png': {'exists': True, 'size_bytes': 146637, 'valid': True}, 'pressure.png': {'exists': True, 'size_bytes': 90238, 'valid': True}, 'temperature.png': {'exists': True, 'size_bytes': 127335, 'valid': True}}, 'invalid': []}",F:\pyProject\fipy_naca0012_2.0\七参数_几何掩码代理优化\comsol_results_1000_extra\case_30125\cfd_solution
30126,0.0102858597421559,0.5355613837392388,0.0889715581739087,0.9240863593119326,0.6413356841599156,0.6556133105344708,-7.296668040763011,True,,33.851406,0.10433,1.5649569999999997,16.432638,1446.296543632,"{'complete': True, 'min_image_bytes': 20000, 'files': {'velocity_magnitude.png': {'exists': True, 'size_bytes': 139964, 'valid': True}, 'pressure.png': {'exists': True, 'size_bytes': 87909, 'valid': True}, 'temperature.png': {'exists': True, 'size_bytes': 115597, 'valid': True}}, 'invalid': []}",F:\pyProject\fipy_naca0012_2.0\七参数_几何掩码代理优化\comsol_results_1000_extra\case_30126\cfd_solution
30127,0.0016927407258525,0.5796751870153013,0.1361799637660597,0.9797572876373364,0.612049582731535,0.1852243104360041,9.184565013545466,True,,37.680288,0.138886,2.083293000000001,22.552993,2209.488530939,"{'complete': True, 'min_image_bytes': 20000, 'files': {'velocity_magnitude.png': {'exists': True, 'size_bytes': 142009, 'valid': True}, 'pressure.png': {'exists': True, 'size_bytes': 90642, 'valid': True}, 'temperature.png': {'exists': True, 'size_bytes': 118875, 'valid': True}}, 'invalid': []}",F:\pyProject\fipy_naca0012_2.0\七参数_几何掩码代理优化\comsol_results_1000_extra\case_30127\cfd_solution
30128,0.0418404182470961,0.3284636094078166,0.1363700281703145,0.5581901047011412,1.182358044508598,0.1028135587492441,-7.500034826104912,True,,29.300595,0.090828,1.3624149999999995,29.176557,2222.71518314,"{'complete': True, 'min_image_bytes': 20000, 'files': {'velocity_magnitude.png': {'exists': True, 'size_bytes': 180044, 'valid': True}, 'pressure.png': {'exists': True, 'size_bytes': 116070, 'valid': True}, 'temperature.png': {'exists': True, 'size_bytes': 150312, 'valid': True}}, 'invalid': []}",F:\pyProject\fipy_naca0012_2.0\七参数_几何掩码代理优化\comsol_results_1000_extra\case_30128\cfd_solution
30129,0.0352783487475085,0.2072145846589412,0.0855573475677193,0.6043666302426366,1.0166809928367648,0.6657051533846273,-0.8521335681022286,True,,23.82088,0.055084,0.8262640000000001,22.55129,1396.698047027,"{'complete': True, 'min_image_bytes': 20000, 'files': {'velocity_magnitude.png': {'exists': True, 'size_bytes': 132678, 'valid': True}, 'pressure.png': {'exists': True, 'size_bytes': 103519, 'valid': True}, 'temperature.png': {'exists': True, 'size_bytes': 115431, 'valid': True}}, 'invalid': []}",F:\pyProject\fipy_naca0012_2.0\七参数_几何掩码代理优化\comsol_results_1000_extra\case_30129\cfd_solution
30130,0.0017231908188606,0.312759723063858,0.0956888128724798,0.6824410175703913,0.8297568801101685,0.4093481144701661,3.910066423310285,True,,25.766707,0.064325,0.9648720000000006,23.21126,1555.002109886,"{'complete': True, 'min_image_bytes': 20000, 'files': {'velocity_magnitude.png': {'exists': True, 'size_bytes': 134141, 'valid': True}, 'pressure.png': {'exists': True, 'size_bytes': 94143, 'valid': True}, 'temperature.png': {'exists': True, 'size_bytes': 114681, 'valid': True}}, 'invalid': []}",F:\pyProject\fipy_naca0012_2.0\七参数_几何掩码代理优化\comsol_results_1000_extra\case_30130\cfd_solution
30131,0.0271079238245236,0.2515364148985763,0.0860610550924128,1.2579507013371147,0.7274921593139337,0.3862794365824833,-1.927703753343449,True,,35.1531,0.079683,1.1952379999999998,15.341992,1402.228341091,"{'complete': True, 'min_image_bytes': 20000, 'files': {'velocity_magnitude.png': {'exists': True, 'size_bytes': 130105, 'valid': True}, 'pressure.png': {'exists': True, 'size_bytes': 88443, 'valid': True}, 'temperature.png': {'exists': True, 'size_bytes': 110731, 'valid': True}}, 'invalid': []}",F:\pyProject\fipy_naca0012_2.0\七参数_几何掩码代理优化\comsol_results_1000_extra\case_30131\cfd_solution
30132,0.0334509927236715,0.4152303631460684,0.1404367096464032,1.2627069622480738,0.6683603842824444,0.1104748843742716,5.394609670126755,True,,39.759454,0.12308,1.8461990000000004,22.095135,2284.075364402,"{'complete': True, 'min_image_bytes': 20000, 'files': {'velocity_magnitude.png': {'exists': True, 'size_bytes': 137719, 'valid': True}, 'pressure.png': {'exists': True, 'size_bytes': 90591, 'valid': True}, 'temperature.png': {'exists': True, 'size_bytes': 114132, 'valid': True}}, 'invalid': []}",F:\pyProject\fipy_naca0012_2.0\七参数_几何掩码代理优化\comsol_results_1000_extra\case_30132\cfd_solution
30133,0.0431407031480955,0.2200386713285734,0.1202314290816777,0.9593184609309924,0.679348600816924,0.5120683469814099,-2.2770482314202134,True,,39.126485,0.115889,1.7383420000000012,19.279487,1961.280248261,"{'complete': True, 'min_image_bytes': 20000, 'files': {'velocity_magnitude.png': {'exists': True, 'size_bytes': 140810, 'valid': True}, 'pressure.png': {'exists': True, 'size_bytes': 89799, 'valid': True}, 'temperature.png': {'exists': True, 'size_bytes': 118359, 'valid': True}}, 'invalid': []}",F:\pyProject\fipy_naca0012_2.0\七参数_几何掩码代理优化\comsol_results_1000_extra\case_30133\cfd_solution
30134,0.0325510249273714,0.2231851037198405,0.1470456117931575,1.4100674948131289,1.1054594008720244,0.872635863355586,-9.01476649079348,True,,43.739976,0.12412,1.861794999999999,21.033849,2392.052134103,"{'complete': True, 'min_image_bytes': 20000, 'files': {'velocity_magnitude.png': {'exists': True, 'size_bytes': 176462, 'valid': True}, 'pressure.png': {'exists': True, 'size_bytes': 116420, 'valid': True}, 'temperature.png': {'exists': True, 'size_bytes': 148693, 'valid': True}}, 'invalid': []}",F:\pyProject\fipy_naca0012_2.0\七参数_几何掩码代理优化\comsol_results_1000_extra\case_30134\cfd_solution
30135,0.0434522053088762,0.2020157516969134,0.0953277252609714,0.628450222196612,1.0871790146368894,0.3304496665118194,4.759570842920095,True,,21.178439,0.049038,0.735573,28.295609,1558.067779686,"{'complete': True, 'min_image_bytes': 20000, 'files': {'velocity_magnitude.png': {'exists': True, 'size_bytes': 142366, 'valid': True}, 'pressure.png': {'exists': True, 'size_bytes': 118272, 'valid': True}, 'temperature.png': {'exists': True, 'size_bytes': 122375, 'valid': True}}, 'invalid': []}",F:\pyProject\fipy_naca0012_2.0\七参数_几何掩码代理优化\comsol_results_1000_extra\case_30135\cfd_solution
30136,0.0094137674464742,0.4788055519713379,0.1316053150012974,1.3185787662174262,0.5397998079944065,0.1676575264618484,1.1418365050334565,True,,41.249903,0.129301,1.939513999999999,19.919301,2136.340023163,"{'complete': True, 'min_image_bytes': 20000, 'files': {'velocity_magnitude.png': {'exists': True, 'size_bytes': 122175, 'valid': True}, 'pressure.png': {'exists': True, 'size_bytes': 76989, 'valid': True}, 'temperature.png': {'exists': True, 'size_bytes': 95128, 'valid': True}}, 'invalid': []}",F:\pyProject\fipy_naca0012_2.0\七参数_几何掩码代理优化\comsol_results_1000_extra\case_30136\cfd_solution
30137,0.0276274209810277,0.2424205219850884,0.1444081620625653,0.8591441066053576,1.002123592499931,0.4500268536854192,-4.300109366986062,True,,35.881701,0.10277,1.541544,25.153195,2346.602518829,"{'complete': True, 'min_image_bytes': 20000, 'files': {'velocity_magnitude.png': {'exists': True, 'size_bytes': 161563, 'valid': True}, 'pressure.png': {'exists': True, 'size_bytes': 104554, 'valid': True}, 'temperature.png': {'exists': True, 'size_bytes': 136361, 'valid': True}}, 'invalid': []}",F:\pyProject\fipy_naca0012_2.0\七参数_几何掩码代理优化\comsol_results_1000_extra\case_30137\cfd_solution
30138,0.0165759450077085,0.498666123970732,0.148807043520623,1.4643712381676268,0.7913673658470906,0.7028995356636714,0.8779991268869338,True,,46.202827,0.115589,1.7338389999999997,20.087194,2413.021419376,"{'complete': True, 'min_image_bytes': 20000, 'files': {'velocity_magnitude.png': {'exists': True, 'size_bytes': 141503, 'valid': True}, 'pressure.png': {'exists': True, 'size_bytes': 92541, 'valid': True}, 'temperature.png': {'exists': True, 'size_bytes': 119293, 'valid': True}}, 'invalid': []}",F:\pyProject\fipy_naca0012_2.0\七参数_几何掩码代理优化\comsol_results_1000_extra\case_30138\cfd_solution
30139,0.0441707202749607,0.4249420792966516,0.1044244833971163,0.967517297347408,0.90152445009239,0.1709814879452497,3.4298892497134243,True,,31.598475,0.078679,1.1801790000000008,20.73331,1703.366570626,"{'complete': True, 'min_image_bytes': 20000, 'files': {'velocity_magnitude.png': {'exists': True, 'size_bytes': 151999, 'valid': True}, 'pressure.png': {'exists': True, 'size_bytes': 106900, 'valid': True}, 'temperature.png': {'exists': True, 'size_bytes': 123302, 'valid': True}}, 'invalid': []}",F:\pyProject\fipy_naca0012_2.0\七参数_几何掩码代理优化\comsol_results_1000_extra\case_30139\cfd_solution
30140,0.0230899458188368,0.4510266550150575,0.0973603879262809,0.7986176329583259,0.6004956332027243,0.3652603727731201,0.164786268086118,True,,33.071357,0.090067,1.3510010000000001,18.41869,1583.740779881,"{'complete': True, 'min_image_bytes': 20000, 'files': {'velocity_magnitude.png': {'exists': True, 'size_bytes': 121853, 'valid': True}, 'pressure.png': {'exists': True, 'size_bytes': 85105, 'valid': True}, 'temperature.png': {'exists': True, 'size_bytes': 110261, 'valid': True}}, 'invalid': []}",F:\pyProject\fipy_naca0012_2.0\七参数_几何掩码代理优化\comsol_results_1000_extra\case_30140\cfd_solution
30141,0.0126462043822049,0.3612559746618438,0.1367841330564299,0.7301872491954039,1.17667094094434,0.6887162875240666,4.34019140767135,True,,27.316232,0.0664,0.9960050000000003,31.283008,2221.788159023,"{'complete': True, 'min_image_bytes': 20000, 'files': {'velocity_magnitude.png': {'exists': True, 'size_bytes': 155786, 'valid': True}, 'pressure.png': {'exists': True, 'size_bytes': 117120, 'valid': True}, 'temperature.png': {'exists': True, 'size_bytes': 130882, 'valid': True}}, 'invalid': []}",F:\pyProject\fipy_naca0012_2.0\七参数_几何掩码代理优化\comsol_results_1000_extra\case_30141\cfd_solution
30142,0.0035277865290298,0.5015893192351406,0.1406816919387455,1.4048151907331916,1.0576221630191165,0.6395112645270954,6.68178557489011,True,,38.3087,0.094445,1.4166699999999999,22.920694,2282.961171276,"{'complete': True, 'min_image_bytes': 20000, 'files': {'velocity_magnitude.png': {'exists': True, 'size_bytes': 161524, 'valid': True}, 'pressure.png': {'exists': True, 'size_bytes': 109704, 'valid': True}, 'temperature.png': {'exists': True, 'size_bytes': 128840, 'valid': True}}, 'invalid': []}",F:\pyProject\fipy_naca0012_2.0\七参数_几何掩码代理优化\comsol_results_1000_extra\case_30142\cfd_solution
30143,0.0480235700385531,0.2663019458169688,0.1068733128780158,1.1065305455027723,0.7934475994708644,0.9072024617741364,-8.840102876316095,True,,40.000966,0.132096,1.9814419999999995,16.795741,1746.799212051,"{'complete': True, 'min_image_bytes': 20000, 'files': {'velocity_magnitude.png': {'exists': True, 'size_bytes': 155729, 'valid': True}, 'pressure.png': {'exists': True, 'size_bytes': 98793, 'valid': True}, 'temperature.png': {'exists': True, 'size_bytes': 128878, 'valid': True}}, 'invalid': []}",F:\pyProject\fipy_naca0012_2.0\七参数_几何掩码代理优化\comsol_results_1000_extra\case_30143\cfd_solution
30144,0.0034730751936371,0.2733034341285369,0.0979925194183127,0.7092047166333355,0.7653946205221742,0.925242959164286,-8.814031695558256,True,,32.517137,0.107841,1.6176189999999995,18.83499,1592.395865363,"{'complete': True, 'min_image_bytes': 20000, 'files': {'velocity_magnitude.png': {'exists': True, 'size_bytes': 155878, 'valid': True}, 'pressure.png': {'exists': True, 'size_bytes': 95226, 'valid': True}, 'temperature.png': {'exists': True, 'size_bytes': 126158, 'valid': True}}, 'invalid': []}",F:\pyProject\fipy_naca0012_2.0\七参数_几何掩码代理优化\comsol_results_1000_extra\case_30144\cfd_solution
30145,0.0014741467052234,0.4829287324423677,0.1208331602291567,1.2043123886591505,0.818648619590467,0.1415352361638119,-4.832056083019091,True,,39.932512,0.107248,1.6087250000000015,18.892147,1961.468290333,"{'complete': True, 'min_image_bytes': 20000, 'files': {'velocity_magnitude.png': {'exists': True, 'size_bytes': 148778, 'valid': True}, 'pressure.png': {'exists': True, 'size_bytes': 93602, 'valid': True}, 'temperature.png': {'exists': True, 'size_bytes': 122192, 'valid': True}}, 'invalid': []}",F:\pyProject\fipy_naca0012_2.0\七参数_几何掩码代理优化\comsol_results_1000_extra\case_30145\cfd_solution
30146,0.0051257562504909,0.3102168383295167,0.115693327515571,0.9221946660633132,0.6894033419618539,0.759770187886798,-9.382422061611177,True,,39.376646,0.140568,2.1085179999999983,18.344952,1878.142995546,"{'complete': True, 'min_image_bytes': 20000, 'files': {'velocity_magnitude.png': {'exists': True, 'size_bytes': 148357, 'valid': True}, 'pressure.png': {'exists': True, 'size_bytes': 92616, 'valid': True}, 'temperature.png': {'exists': True, 'size_bytes': 125441, 'valid': True}}, 'invalid': []}",F:\pyProject\fipy_naca0012_2.0\七参数_几何掩码代理优化\comsol_results_1000_extra\case_30146\cfd_solution
30147,0.0445640121696181,0.516198654688283,0.0961663188627224,0.7056337425747095,0.99954789406818,0.6323380558361152,6.672213357433961,True,,25.559465,0.06936,1.0403970000000005,23.602863,1568.519033392,"{'complete': True, 'min_image_bytes': 20000, 'files': {'velocity_magnitude.png': {'exists': True, 'size_bytes': 161980, 'valid': True}, 'pressure.png': {'exists': True, 'size_bytes': 115682, 'valid': True}, 'temperature.png': {'exists': True, 'size_bytes': 130793, 'valid': True}}, 'invalid': []}",F:\pyProject\fipy_naca0012_2.0\七参数_几何掩码代理优化\comsol_results_1000_extra\case_30147\cfd_solution
30148,0.0453779598163384,0.3782999156150818,0.1410521230069267,0.9041263043036404,1.1091982729593786,0.6350209379845934,1.8843811546698337,True,,32.340649,0.079757,1.1963540000000004,27.351813,2299.895958984,"{'complete': True, 'min_image_bytes': 20000, 'files': {'velocity_magnitude.png': {'exists': True, 'size_bytes': 156796, 'valid': True}, 'pressure.png': {'exists': True, 'size_bytes': 116082, 'valid': True}, 'temperature.png': {'exists': True, 'size_bytes': 129813, 'valid': True}}, 'invalid': []}",F:\pyProject\fipy_naca0012_2.0\七参数_几何掩码代理优化\comsol_results_1000_extra\case_30148\cfd_solution
30149,0.0148038483682202,0.4866883733302073,0.0882409262559095,0.8942861773958173,0.9197532522705704,0.6864471819332391,1.7602538335441338,True,,28.223748,0.060696,0.9104420000000006,19.561145,1435.430953594,"{'complete': True, 'min_image_bytes': 20000, 'files': {'velocity_magnitude.png': {'exists': True, 'size_bytes': 134207, 'valid': True}, 'pressure.png': {'exists': True, 'size_bytes': 101476, 'valid': True}, 'temperature.png': {'exists': True, 'size_bytes': 114013, 'valid': True}}, 'invalid': []}",F:\pyProject\fipy_naca0012_2.0\七参数_几何掩码代理优化\comsol_results_1000_extra\case_30149\cfd_solution
30150,0.0372157348400258,0.3556485616405972,0.149932569536322,0.5881372298978482,0.5840303157611935,0.0150898222040046,5.101921150409376,True,,32.592728,0.124256,1.863842,28.77473,2438.402065797,"{'complete': True, 'min_image_bytes': 20000, 'files': {'velocity_magnitude.png': {'exists': True, 'size_bytes': 137708, 'valid': True}, 'pressure.png': {'exists': True, 'size_bytes': 91481, 'valid': True}, 'temperature.png': {'exists': True, 'size_bytes': 119556, 'valid': True}}, 'invalid': []}",F:\pyProject\fipy_naca0012_2.0\七参数_几何掩码代理优化\comsol_results_1000_extra\case_30150\cfd_solution
30151,0.0451000186379777,0.3963462227666643,0.1011658281355065,1.4462310190183802,0.8547174451514503,0.7908217135841404,5.781350001500263,True,,34.772351,0.08015,1.2022490000000001,18.262687,1651.095028141,"{'complete': True, 'min_image_bytes': 20000, 'files': {'velocity_magnitude.png': {'exists': True, 'size_bytes': 147149, 'valid': True}, 'pressure.png': {'exists': True, 'size_bytes': 100085, 'valid': True}, 'temperature.png': {'exists': True, 'size_bytes': 116315, 'valid': True}}, 'invalid': []}",F:\pyProject\fipy_naca0012_2.0\七参数_几何掩码代理优化\comsol_results_1000_extra\case_30151\cfd_solution
30152,0.0329336511890154,0.230039369452697,0.1195351545285078,1.1363110562529934,0.7997006221988707,0.9607652252111836,-2.0922456296805354,True,,39.070731,0.097447,1.4616999999999987,19.157896,1946.133759319,"{'complete': True, 'min_image_bytes': 20000, 'files': {'velocity_magnitude.png': {'exists': True, 'size_bytes': 140479, 'valid': True}, 'pressure.png': {'exists': True, 'size_bytes': 91750, 'valid': True}, 'temperature.png': {'exists': True, 'size_bytes': 120323, 'valid': True}}, 'invalid': []}",F:\pyProject\fipy_naca0012_2.0\七参数_几何掩码代理优化\comsol_results_1000_extra\case_30152\cfd_solution
30153,0.0246430837282812,0.5968150813466961,0.1223486628932865,1.3391290240033902,1.0765678501408091,0.3665862335603252,0.4235734141896596,True,,39.1212,0.085305,1.2795769999999997,19.546683,1988.193263877,"{'complete': True, 'min_image_bytes': 20000, 'files': {'velocity_magnitude.png': {'exists': True, 'size_bytes': 154044, 'valid': True}, 'pressure.png': {'exists': True, 'size_bytes': 110550, 'valid': True}, 'temperature.png': {'exists': True, 'size_bytes': 123121, 'valid': True}}, 'invalid': []}",F:\pyProject\fipy_naca0012_2.0\七参数_几何掩码代理优化\comsol_results_1000_extra\case_30153\cfd_solution
30154,0.0245580881813824,0.4595078527698916,0.1396271594092035,0.9115268079457096,0.7701393481516119,0.5544015578457238,3.465246682145596,True,,37.327482,0.105435,1.581524,23.368619,2267.958452214,"{'complete': True, 'min_image_bytes': 20000, 'files': {'velocity_magnitude.png': {'exists': True, 'size_bytes': 146315, 'valid': True}, 'pressure.png': {'exists': True, 'size_bytes': 96439, 'valid': True}, 'temperature.png': {'exists': True, 'size_bytes': 123038, 'valid': True}}, 'invalid': []}",F:\pyProject\fipy_naca0012_2.0\七参数_几何掩码代理优化\comsol_results_1000_extra\case_30154\cfd_solution
30155,0.0134954899058963,0.2307622693167263,0.0932796454725179,1.2265359644505738,1.07779907766261,0.2062513754278788,7.064316151063213,True,,30.562323,0.07313,1.0969570000000006,19.085938,1516.60753491,"{'complete': True, 'min_image_bytes': 20000, 'files': {'velocity_magnitude.png': {'exists': True, 'size_bytes': 158459, 'valid': True}, 'pressure.png': {'exists': True, 'size_bytes': 116316, 'valid': True}, 'temperature.png': {'exists': True, 'size_bytes': 124783, 'valid': True}}, 'invalid': []}",F:\pyProject\fipy_naca0012_2.0\七参数_几何掩码代理优化\comsol_results_1000_extra\case_30155\cfd_solution
30156,0.0309720461786789,0.4123779395966702,0.0976798537959856,1.2336481672149429,0.6955801310299905,0.6856824365192645,-7.226565106483223,True,,37.661527,0.110279,1.654190999999999,16.242977,1590.511858978,"{'complete': True, 'min_image_bytes': 20000, 'files': {'velocity_magnitude.png': {'exists': True, 'size_bytes': 143491, 'valid': True}, 'pressure.png': {'exists': True, 'size_bytes': 89275, 'valid': True}, 'temperature.png': {'exists': True, 'size_bytes': 116973, 'valid': True}}, 'invalid': []}",F:\pyProject\fipy_naca0012_2.0\七参数_几何掩码代理优化\comsol_results_1000_extra\case_30156\cfd_solution
30157,0.0143144677397371,0.5955119713229289,0.1201458481723951,0.6855559013915938,0.961093281975711,0.955227965278768,-2.4511143903580868,True,,30.379322,0.074466,1.1169969999999996,24.71479,1952.128219983,"{'complete': True, 'min_image_bytes': 20000, 'files': {'velocity_magnitude.png': {'exists': True, 'size_bytes': 144007, 'valid': True}, 'pressure.png': {'exists': True, 'size_bytes': 103989, 'valid': True}, 'temperature.png': {'exists': True, 'size_bytes': 121263, 'valid': True}}, 'invalid': []}",F:\pyProject\fipy_naca0012_2.0\七参数_几何掩码代理优化\comsol_results_1000_extra\case_30157\cfd_solution
30158,0.031020866801059,0.2198899171617121,0.1480597672325373,1.3542401281429526,1.0059047068735876,0.8952147885392242,9.353063455975333,True,,38.496452,0.105306,1.5795849999999998,24.038868,2406.068873056,"{'complete': True, 'min_image_bytes': 20000, 'files': {'velocity_magnitude.png': {'exists': True, 'size_bytes': 163113, 'valid': True}, 'pressure.png': {'exists': True, 'size_bytes': 107663, 'valid': True}, 'temperature.png': {'exists': True, 'size_bytes': 134491, 'valid': True}}, 'invalid': []}",F:\pyProject\fipy_naca0012_2.0\七参数_几何掩码代理优化\comsol_results_1000_extra\case_30158\cfd_solution
30159,0.002501489491676,0.340356913393288,0.1288363426107378,0.6802816206905568,0.6279071953596624,0.9194679403229428,-8.145071647724038,True,,35.04606,0.127473,1.9120930000000005,22.961834,2092.276747705,"{'complete': True, 'min_image_bytes': 20000, 'files': {'velocity_magnitude.png': {'exists': True, 'size_bytes': 143213, 'valid': True}, 'pressure.png': {'exists': True, 'size_bytes': 89459, 'valid': True}, 'temperature.png': {'exists': True, 'size_bytes': 118982, 'valid': True}}, 'invalid': []}",F:\pyProject\fipy_naca0012_2.0\七参数_几何掩码代理优化\comsol_results_1000_extra\case_30159\cfd_solution
30160,0.0398868044647544,0.3076580643224169,0.1345219029567015,0.9477921653642392,0.9131979592408184,0.4901461386336368,-7.811894977084012,True,,38.422915,0.123626,1.8543939999999992,21.930525,2190.850178861,"{'complete': True, 'min_image_bytes': 20000, 'files': {'velocity_magnitude.png': {'exists': True, 'size_bytes': 166484, 'valid': True}, 'pressure.png': {'exists': True, 'size_bytes': 104278, 'valid': True}, 'temperature.png': {'exists': True, 'size_bytes': 145424, 'valid': True}}, 'invalid': []}",F:\pyProject\fipy_naca0012_2.0\七参数_几何掩码代理优化\comsol_results_1000_extra\case_30160\cfd_solution
30161,0.030343173378544,0.3519522766590766,0.1355282506899194,0.7262373617724964,0.529826906565498,0.6833469410005335,9.812346281302002,True,,30.685253,0.131903,1.9785389999999996,27.639751,2205.145191686,"{'complete': True, 'min_image_bytes': 20000, 'files': {'velocity_magnitude.png': {'exists': True, 'size_bytes': 138943, 'valid': True}, 'pressure.png': {'exists': True, 'size_bytes': 87174, 'valid': True}, 'temperature.png': {'exists': True, 'size_bytes': 110843, 'valid': True}}, 'invalid': []}",F:\pyProject\fipy_naca0012_2.0\七参数_几何掩码代理优化\comsol_results_1000_extra\case_30161\cfd_solution
30162,0.0206268030787376,0.4095947290915386,0.1441161604883062,1.2917991638363269,0.745025342158634,0.5501811126907777,-1.1389771625964666,True,,44.615384,0.121657,1.8248500000000014,20.169205,2339.627738221,"{'complete': True, 'min_image_bytes': 20000, 'files': {'velocity_magnitude.png': {'exists': True, 'size_bytes': 140657, 'valid': True}, 'pressure.png': {'exists': True, 'size_bytes': 91911, 'valid': True}, 'temperature.png': {'exists': True, 'size_bytes': 120098, 'valid': True}}, 'invalid': []}",F:\pyProject\fipy_naca0012_2.0\七参数_几何掩码代理优化\comsol_results_1000_extra\case_30162\cfd_solution
30163,0.039967077450564,0.4687489767150284,0.1098869414149553,1.4210431830673065,0.6940824605288551,0.0542062830883445,-1.1171796501867544,True,,40.321079,0.101936,1.5290339999999993,17.086924,1791.304352815,"{'complete': True, 'min_image_bytes': 20000, 'files': {'velocity_magnitude.png': {'exists': True, 'size_bytes': 136664, 'valid': True}, 'pressure.png': {'exists': True, 'size_bytes': 86230, 'valid': True}, 'temperature.png': {'exists': True, 'size_bytes': 110848, 'valid': True}}, 'invalid': []}",F:\pyProject\fipy_naca0012_2.0\七参数_几何掩码代理优化\comsol_results_1000_extra\case_30163\cfd_solution
30164,0.0082077575970198,0.536451961513678,0.1338380019976109,0.6588521914214098,0.9028695063498032,0.2994311646012627,7.92008988264816,True,,27.929979,0.086162,1.292433,29.92948,2173.417391637,"{'complete': True, 'min_image_bytes': 20000, 'files': {'velocity_magnitude.png': {'exists': True, 'size_bytes': 158704, 'valid': True}, 'pressure.png': {'exists': True, 'size_bytes': 101371, 'valid': True}, 'temperature.png': {'exists': True, 'size_bytes': 127742, 'valid': True}}, 'invalid': []}",F:\pyProject\fipy_naca0012_2.0\七参数_几何掩码代理优化\comsol_results_1000_extra\case_30164\cfd_solution
30165,0.021473532631404,0.2274697252875488,0.1219923247243155,1.3712380369976749,1.1892307050981614,0.677151466033183,9.645339378129488,True,,35.170778,0.08938,1.340694,21.685662,1983.024137238,"{'complete': True, 'min_image_bytes': 20000, 'files': {'velocity_magnitude.png': {'exists': True, 'size_bytes': 168364, 'valid': True}, 'pressure.png': {'exists': True, 'size_bytes': 118297, 'valid': True}, 'temperature.png': {'exists': True, 'size_bytes': 134202, 'valid': True}}, 'invalid': []}",F:\pyProject\fipy_naca0012_2.0\七参数_几何掩码代理优化\comsol_results_1000_extra\case_30165\cfd_solution
30166,0.010726180102209,0.2119626209208181,0.130051108837208,0.844233533693104,0.9780914519187366,0.5873165072724805,5.814763478162684,True,,30.502184,0.08088,1.2132040000000002,26.630122,2111.919869636,"{'complete': True, 'min_image_bytes': 20000, 'files': {'velocity_magnitude.png': {'exists': True, 'size_bytes': 155336, 'valid': True}, 'pressure.png': {'exists': True, 'size_bytes': 103313, 'valid': True}, 'temperature.png': {'exists': True, 'size_bytes': 125404, 'valid': True}}, 'invalid': []}",F:\pyProject\fipy_naca0012_2.0\七参数_几何掩码代理优化\comsol_results_1000_extra\case_30166\cfd_solution
30167,0.0413729521893512,0.5984169082314739,0.1209061154665909,1.1308757607623563,0.9047436180570072,0.2609724649513221,0.3116201614491505,True,,39.429226,0.099284,1.4892630000000011,19.199882,1968.294841442,"{'complete': True, 'min_image_bytes': 20000, 'files': {'velocity_magnitude.png': {'exists': True, 'size_bytes': 149995, 'valid': True}, 'pressure.png': {'exists': True, 'size_bytes': 102139, 'valid': True}, 'temperature.png': {'exists': True, 'size_bytes': 125706, 'valid': True}}, 'invalid': []}",F:\pyProject\fipy_naca0012_2.0\七参数_几何掩码代理优化\comsol_results_1000_extra\case_30167\cfd_solution
30168,0.0257186378546682,0.2750305285636708,0.0876684915776308,1.0243982272336627,0.7591454120530303,0.8899718791273898,-9.749275444053996,True,,34.468534,0.116303,1.7445389999999996,15.933947,1427.9714942,"{'complete': True, 'min_image_bytes': 20000, 'files': {'velocity_magnitude.png': {'exists': True, 'size_bytes': 152607, 'valid': True}, 'pressure.png': {'exists': True, 'size_bytes': 96302, 'valid': True}, 'temperature.png': {'exists': True, 'size_bytes': 123696, 'valid': True}}, 'invalid': []}",F:\pyProject\fipy_naca0012_2.0\七参数_几何掩码代理优化\comsol_results_1000_extra\case_30168\cfd_solution
30169,0.0420334389519994,0.4752952400843543,0.1446284344595392,1.3065425857495327,0.7221563173030847,0.7248855442651743,0.0103682112864724,True,,45.246114,0.122201,1.8330189999999984,20.015095,2354.573715038,"{'complete': True, 'min_image_bytes': 20000, 'files': {'velocity_magnitude.png': {'exists': True, 'size_bytes': 140303, 'valid': True}, 'pressure.png': {'exists': True, 'size_bytes': 90775, 'valid': True}, 'temperature.png': {'exists': True, 'size_bytes': 115674, 'valid': True}}, 'invalid': []}",F:\pyProject\fipy_naca0012_2.0\七参数_几何掩码代理优化\comsol_results_1000_extra\case_30169\cfd_solution
30170,0.0010512970455229,0.372884893514712,0.0967003020743341,1.0619037642117213,1.1082731970901427,0.6961610316857348,-6.451097298939586,True,,31.036578,0.075876,1.138147,19.474846,1571.52469861,"{'complete': True, 'min_image_bytes': 20000, 'files': {'velocity_magnitude.png': {'exists': True, 'size_bytes': 158087, 'valid': True}, 'pressure.png': {'exists': True, 'size_bytes': 112849, 'valid': True}, 'temperature.png': {'exists': True, 'size_bytes': 126741, 'valid': True}}, 'invalid': []}",F:\pyProject\fipy_naca0012_2.0\七参数_几何掩码代理优化\comsol_results_1000_extra\case_30170\cfd_solution
30171,0.0324957967677391,0.3722202057262611,0.1381879125163819,1.075246749612954,0.8799793796913477,0.9106820146669348,-3.051586786897258,True,,39.649053,0.102022,1.5303360000000001,21.801583,2247.471540876,"{'complete': True, 'min_image_bytes': 20000, 'files': {'velocity_magnitude.png': {'exists': True, 'size_bytes': 150466, 'valid': True}, 'pressure.png': {'exists': True, 'size_bytes': 99091, 'valid': True}, 'temperature.png': {'exists': True, 'size_bytes': 124163, 'valid': True}}, 'invalid': []}",F:\pyProject\fipy_naca0012_2.0\七参数_几何掩码代理优化\comsol_results_1000_extra\case_30171\cfd_solution
30172,0.02918987133153,0.5495093332139125,0.0843185405836407,0.9096748221927234,1.1445297357973208,0.0490197009586747,-7.866808151161182,True,,28.415592,0.077768,1.166524,18.589678,1373.415455517,"{'complete': True, 'min_image_bytes': 20000, 'files': {'velocity_magnitude.png': {'exists': True, 'size_bytes': 169148, 'valid': True}, 'pressure.png': {'exists': True, 'size_bytes': 119163, 'valid': True}, 'temperature.png': {'exists': True, 'size_bytes': 140403, 'valid': True}}, 'invalid': []}",F:\pyProject\fipy_naca0012_2.0\七参数_几何掩码代理优化\comsol_results_1000_extra\case_30172\cfd_solution
30173,0.001879912512862,0.5781233743585827,0.1414439564165797,1.2544781415845103,0.648381429706928,0.8687431823983544,2.8168169755021104,True,,43.124516,0.113258,1.6988739999999982,20.469895,2295.161197328,"{'complete': True, 'min_image_bytes': 20000, 'files': {'velocity_magnitude.png': {'exists': True, 'size_bytes': 135254, 'valid': True}, 'pressure.png': {'exists': True, 'size_bytes': 86334, 'valid': True}, 'temperature.png': {'exists': True, 'size_bytes': 112470, 'valid': True}}, 'invalid': []}",F:\pyProject\fipy_naca0012_2.0\七参数_几何掩码代理优化\comsol_results_1000_extra\case_30173\cfd_solution
30174,0.0319569600819263,0.5096503316295331,0.1474470919141503,0.9885234732897747,0.8661159487834478,0.4804620174973353,-6.347346632899885,True,,41.653346,0.126485,1.8972820000000006,22.12466,2396.071905551,"{'complete': True, 'min_image_bytes': 20000, 'files': {'velocity_magnitude.png': {'exists': True, 'size_bytes': 159203, 'valid': True}, 'pressure.png': {'exists': True, 'size_bytes': 98223, 'valid': True}, 'temperature.png': {'exists': True, 'size_bytes': 138199, 'valid': True}}, 'invalid': []}",F:\pyProject\fipy_naca0012_2.0\七参数_几何掩码代理优化\comsol_results_1000_extra\case_30174\cfd_solution
30175,0.0430294004443878,0.5812716295333347,0.1090985207383914,1.165746363963497,0.6767926396876143,0.5096858953557147,2.785320794650925,True,,38.218511,0.10124,1.5186050000000009,17.903477,1779.034935534,"{'complete': True, 'min_image_bytes': 20000, 'files': {'velocity_magnitude.png': {'exists': True, 'size_bytes': 137730, 'valid': True}, 'pressure.png': {'exists': True, 'size_bytes': 89482, 'valid': True}, 'temperature.png': {'exists': True, 'size_bytes': 112998, 'valid': True}}, 'invalid': []}",F:\pyProject\fipy_naca0012_2.0\七参数_几何掩码代理优化\comsol_results_1000_extra\case_30175\cfd_solution
30176,0.0381407077242226,0.4930073053059928,0.1278834986534384,1.103840838226374,0.6649122351741362,0.4486920044909182,-8.349744107030347,True,,41.763191,0.145391,2.1808650000000007,19.166717,2081.20450109,"{'complete': True, 'min_image_bytes': 20000, 'files': {'velocity_magnitude.png': {'exists': True, 'size_bytes': 148091, 'valid': True}, 'pressure.png': {'exists': True, 'size_bytes': 90787, 'valid': True}, 'temperature.png': {'exists': True, 'size_bytes': 121193, 'valid': True}}, 'invalid': []}",F:\pyProject\fipy_naca0012_2.0\七参数_几何掩码代理优化\comsol_results_1000_extra\case_30176\cfd_solution
30177,0.0044173631636175,0.418066742983357,0.1182927336031298,0.562250763893332,1.1347600671781617,0.4010360040562324,-7.195287108348751,True,,26.611977,0.074255,1.113832,27.768603,1921.34133964,"{'complete': True, 'min_image_bytes': 20000, 'files': {'velocity_magnitude.png': {'exists': True, 'size_bytes': 164616, 'valid': True}, 'pressure.png': {'exists': True, 'size_bytes': 108534, 'valid': True}, 'temperature.png': {'exists': True, 'size_bytes': 135820, 'valid': True}}, 'invalid': []}",F:\pyProject\fipy_naca0012_2.0\七参数_几何掩码代理优化\comsol_results_1000_extra\case_30177\cfd_solution
30178,0.0443852905505436,0.2900442757119237,0.1379139860198171,0.5306596134315443,1.1849404233026004,0.7970454891880688,-8.2470285393938,True,,30.883803,0.095457,1.4318600000000004,28.013834,2249.451705648,"{'complete': True, 'min_image_bytes': 20000, 'files': {'velocity_magnitude.png': {'exists': True, 'size_bytes': 179153, 'valid': True}, 'pressure.png': {'exists': True, 'size_bytes': 111545, 'valid': True}, 'temperature.png': {'exists': True, 'size_bytes': 149845, 'valid': True}}, 'invalid': []}",F:\pyProject\fipy_naca0012_2.0\七参数_几何掩码代理优化\comsol_results_1000_extra\case_30178\cfd_solution
30179,0.0248279183123106,0.5821211363864942,0.0954809805831568,1.2240061312980677,0.8422647900824638,0.6255556862612021,2.7023715727980786,True,,35.943561,0.079692,1.19538,16.621205,1553.305742873,"{'complete': True, 'min_image_bytes': 20000, 'files': {'velocity_magnitude.png': {'exists': True, 'size_bytes': 139262, 'valid': True}, 'pressure.png': {'exists': True, 'size_bytes': 98159, 'valid': True}, 'temperature.png': {'exists': True, 'size_bytes': 117978, 'valid': True}}, 'invalid': []}",F:\pyProject\fipy_naca0012_2.0\七参数_几何掩码代理优化\comsol_results_1000_extra\case_30179\cfd_solution
30180,0.0211334988553662,0.3744973780386938,0.1317037090121786,0.8152505928952016,0.7517575053441784,0.2748962349429076,-0.3251768916050022,True,,35.805393,0.101558,1.5233679999999996,22.989993,2140.230887748,"{'complete': True, 'min_image_bytes': 20000, 'files': {'velocity_magnitude.png': {'exists': True, 'size_bytes': 138431, 'valid': True}, 'pressure.png': {'exists': True, 'size_bytes': 93553, 'valid': True}, 'temperature.png': {'exists': True, 'size_bytes': 120718, 'valid': True}}, 'invalid': []}",F:\pyProject\fipy_naca0012_2.0\七参数_几何掩码代理优化\comsol_results_1000_extra\case_30180\cfd_solution
30181,0.0151349173685131,0.2532681630317023,0.0952182007749252,1.348229269769187,0.6226169002996051,0.1425349652403822,-9.779607374220674,True,,37.507006,0.122485,1.8372680000000017,15.877175,1548.3137239,"{'complete': True, 'min_image_bytes': 20000, 'files': {'velocity_magnitude.png': {'exists': True, 'size_bytes': 141812, 'valid': True}, 'pressure.png': {'exists': True, 'size_bytes': 89258, 'valid': True}, 'temperature.png': {'exists': True, 'size_bytes': 116121, 'valid': True}}, 'invalid': []}",F:\pyProject\fipy_naca0012_2.0\七参数_几何掩码代理优化\comsol_results_1000_extra\case_30181\cfd_solution
30182,0.0164118076690233,0.301486764862693,0.1126459533213533,0.5037156880907919,1.1516239049051724,0.4632511204727914,7.622811277693579,True,,22.901948,0.061194,0.9179030000000004,30.746559,1830.805897995,"{'complete': True, 'min_image_bytes': 20000, 'files': {'velocity_magnitude.png': {'exists': True, 'size_bytes': 157598, 'valid': True}, 'pressure.png': {'exists': True, 'size_bytes': 113690, 'valid': True}, 'temperature.png': {'exists': True, 'size_bytes': 132612, 'valid': True}}, 'invalid': []}",F:\pyProject\fipy_naca0012_2.0\七参数_几何掩码代理优化\comsol_results_1000_extra\case_30182\cfd_solution
30183,0.0321083416434478,0.2871870704602715,0.1212978216409414,0.5408491302645101,0.6505918367405442,0.471325906032703,6.910721218384214,True,,29.947351,0.096916,1.4537410000000008,25.363469,1974.878656922,"{'complete': True, 'min_image_bytes': 20000, 'files': {'velocity_magnitude.png': {'exists': True, 'size_bytes': 148365, 'valid': True}, 'pressure.png': {'exists': True, 'size_bytes': 91673, 'valid': True}, 'temperature.png': {'exists': True, 'size_bytes': 122224, 'valid': True}}, 'invalid': []}",F:\pyProject\fipy_naca0012_2.0\七参数_几何掩码代理优化\comsol_results_1000_extra\case_30183\cfd_solution
30184,0.0130503921087192,0.4097636360174168,0.0886415165952639,0.8615319203218879,0.7820063321640658,0.0828039377808068,-6.674868343190747,True,,31.000269,0.089615,1.344227,17.888105,1441.79374188,"{'complete': True, 'min_image_bytes': 20000, 'files': {'velocity_magnitude.png': {'exists': True, 'size_bytes': 148665, 'valid': True}, 'pressure.png': {'exists': True, 'size_bytes': 98331, 'valid': True}, 'temperature.png': {'exists': True, 'size_bytes': 126621, 'valid': True}}, 'invalid': []}",F:\pyProject\fipy_naca0012_2.0\七参数_几何掩码代理优化\comsol_results_1000_extra\case_30184\cfd_solution
30185,0.0465373046076536,0.4350942482332711,0.1005680388834639,1.29881386240883,1.1934490878933102,0.4581794825546633,6.299625965055075,True,,30.314974,0.06896,1.0344040000000003,20.825045,1641.407798684,"{'complete': True, 'min_image_bytes': 20000, 'files': {'velocity_magnitude.png': {'exists': True, 'size_bytes': 162409, 'valid': True}, 'pressure.png': {'exists': True, 'size_bytes': 123357, 'valid': True}, 'temperature.png': {'exists': True, 'size_bytes': 129619, 'valid': True}}, 'invalid': []}",F:\pyProject\fipy_naca0012_2.0\七参数_几何掩码代理优化\comsol_results_1000_extra\case_30185\cfd_solution
30186,0.0459093044427751,0.5591380921905631,0.0871597962341118,1.4390652566573467,0.8074504884054328,0.8124056341079433,-3.641617335701107,True,,37.217454,0.083641,1.2546169999999996,14.704181,1422.855723963,"{'complete': True, 'min_image_bytes': 20000, 'files': {'velocity_magnitude.png': {'exists': True, 'size_bytes': 136414, 'valid': True}, 'pressure.png': {'exists': True, 'size_bytes': 90508, 'valid': True}, 'temperature.png': {'exists': True, 'size_bytes': 113839, 'valid': True}}, 'invalid': []}",F:\pyProject\fipy_naca0012_2.0\七参数_几何掩码代理优化\comsol_results_1000_extra\case_30186\cfd_solution
30187,0.0042237906399629,0.3571132627288653,0.1349381727549816,1.1855689951764208,0.8105461593685723,0.4358534929701207,1.3612209387194412,True,,40.751191,0.103491,1.5523659999999992,20.668077,2189.846759715,"{'complete': True, 'min_image_bytes': 20000, 'files': {'velocity_magnitude.png': {'exists': True, 'size_bytes': 140476, 'valid': True}, 'pressure.png': {'exists': True, 'size_bytes': 95210, 'valid': True}, 'temperature.png': {'exists': True, 'size_bytes': 120787, 'valid': True}}, 'invalid': []}",F:\pyProject\fipy_naca0012_2.0\七参数_几何掩码代理优化\comsol_results_1000_extra\case_30187\cfd_solution
30188,0.0008819754561593,0.5307443082631709,0.0821293043751436,1.3642778805400546,0.950961015211214,0.7372335161253181,6.879698005789756,True,,34.257668,0.079728,1.1959240000000015,14.988901,1335.060472127,"{'complete': True, 'min_image_bytes': 20000, 'files': {'velocity_magnitude.png': {'exists': True, 'size_bytes': 151013, 'valid': True}, 'pressure.png': {'exists': True, 'size_bytes': 101445, 'valid': True}, 'temperature.png': {'exists': True, 'size_bytes': 119542, 'valid': True}}, 'invalid': []}",F:\pyProject\fipy_naca0012_2.0\七参数_几何掩码代理优化\comsol_results_1000_extra\case_30188\cfd_solution
30189,0.0062566089086326,0.3346179602513217,0.0880575971343772,0.6099620953550047,0.6257295681610137,0.9336062706262972,7.305736884608482,True,,28.372955,0.089953,1.3492919999999984,19.413461,1432.124829044,"{'complete': True, 'min_image_bytes': 20000, 'files': {'velocity_magnitude.png': {'exists': True, 'size_bytes': 140311, 'valid': True}, 'pressure.png': {'exists': True, 'size_bytes': 87305, 'valid': True}, 'temperature.png': {'exists': True, 'size_bytes': 114946, 'valid': True}}, 'invalid': []}",F:\pyProject\fipy_naca0012_2.0\七参数_几何掩码代理优化\comsol_results_1000_extra\case_30189\cfd_solution
30190,0.0392415391291725,0.2165132473622721,0.1129497254199995,0.9686892676861848,0.91004548924509,0.231595396545628,7.757265482619555,True,,29.068989,0.079808,1.197114,24.363601,1841.385658064,"{'complete': True, 'min_image_bytes': 20000, 'files': {'velocity_magnitude.png': {'exists': True, 'size_bytes': 156479, 'valid': True}, 'pressure.png': {'exists': True, 'size_bytes': 111343, 'valid': True}, 'temperature.png': {'exists': True, 'size_bytes': 127476, 'valid': True}}, 'invalid': []}",F:\pyProject\fipy_naca0012_2.0\七参数_几何掩码代理优化\comsol_results_1000_extra\case_30190\cfd_solution
30191,0.0175459015110413,0.2820747012514594,0.1443914295426496,1.4015069168034269,0.7884972514525967,0.4051450611097559,2.3402012757662387,True,,43.377887,0.112679,1.6901840000000004,20.783568,2344.022931703,"{'complete': True, 'min_image_bytes': 20000, 'files': {'velocity_magnitude.png': {'exists': True, 'size_bytes': 143552, 'valid': True}, 'pressure.png': {'exists': True, 'size_bytes': 93441, 'valid': True}, 'temperature.png': {'exists': True, 'size_bytes': 118960, 'valid': True}}, 'invalid': []}",F:\pyProject\fipy_naca0012_2.0\七参数_几何掩码代理优化\comsol_results_1000_extra\case_30191\cfd_solution
30192,0.0241981200034778,0.5604773363914498,0.097873685619506,1.0384621291219274,0.9654063810707384,0.430114046132505,8.825306099493368,True,,30.050658,0.086613,1.2992000000000008,20.376905,1592.082503458,"{'complete': True, 'min_image_bytes': 20000, 'files': {'velocity_magnitude.png': {'exists': True, 'size_bytes': 161093, 'valid': True}, 'pressure.png': {'exists': True, 'size_bytes': 110884, 'valid': True}, 'temperature.png': {'exists': True, 'size_bytes': 131865, 'valid': True}}, 'invalid': []}",F:\pyProject\fipy_naca0012_2.0\七参数_几何掩码代理优化\comsol_results_1000_extra\case_30192\cfd_solution
30193,0.0475896847839438,0.595044493489262,0.0804418450488022,1.37962489864855,1.064723395536248,0.6803341891057227,-5.697924849958354,True,,35.649176,0.082926,1.2438839999999995,14.170892,1313.469592315,"{'complete': True, 'min_image_bytes': 20000, 'files': {'velocity_magnitude.png': {'exists': True, 'size_bytes': 159922, 'valid': True}, 'pressure.png': {'exists': True, 'size_bytes': 107590, 'valid': True}, 'temperature.png': {'exists': True, 'size_bytes': 126302, 'valid': True}}, 'invalid': []}",F:\pyProject\fipy_naca0012_2.0\七参数_几何掩码代理优化\comsol_results_1000_extra\case_30193\cfd_solution
30194,0.0253825727590336,0.2758303282327674,0.0892936507341161,0.6229171491613176,0.9438654427860612,0.8420503350415125,8.56438696686924,True,,23.630267,0.066225,0.9933779999999999,23.66465,1453.925155382,"{'complete': True, 'min_image_bytes': 20000, 'files': {'velocity_magnitude.png': {'exists': True, 'size_bytes': 156375, 'valid': True}, 'pressure.png': {'exists': True, 'size_bytes': 103761, 'valid': True}, 'temperature.png': {'exists': True, 'size_bytes': 124601, 'valid': True}}, 'invalid': []}",F:\pyProject\fipy_naca0012_2.0\七参数_几何掩码代理优化\comsol_results_1000_extra\case_30194\cfd_solution
30195,0.028518134949354,0.4116819109405034,0.1405612232644839,1.4892329430130709,1.0796847913516712,0.7432462518654664,1.4322636254315633,True,,40.110235,0.085711,1.2856660000000009,21.907424,2284.650967561,"{'complete': True, 'min_image_bytes': 20000, 'files': {'velocity_magnitude.png': {'exists': True, 'size_bytes': 151691, 'valid': True}, 'pressure.png': {'exists': True, 'size_bytes': 112324, 'valid': True}, 'temperature.png': {'exists': True, 'size_bytes': 123163, 'valid': True}}, 'invalid': []}",F:\pyProject\fipy_naca0012_2.0\七参数_几何掩码代理优化\comsol_results_1000_extra\case_30195\cfd_solution
30196,0.0377006428962427,0.3897288368392455,0.1233135569684865,0.9920036568649542,0.5046474901540355,0.6279850312110321,-1.0362407439912804,True,,38.064263,0.126651,1.8997650000000021,20.283474,2007.396245262,"{'complete': True, 'min_image_bytes': 20000, 'files': {'velocity_magnitude.png': {'exists': True, 'size_bytes': 117982, 'valid': True}, 'pressure.png': {'exists': True, 'size_bytes': 77616, 'valid': True}, 'temperature.png': {'exists': True, 'size_bytes': 95793, 'valid': True}}, 'invalid': []}",F:\pyProject\fipy_naca0012_2.0\七参数_几何掩码代理优化\comsol_results_1000_extra\case_30196\cfd_solution
30197,0.0012824241596097,0.4460457748817205,0.0818393327147356,1.3038456940362744,0.8917125400995849,0.9834110154618828,1.2126412372843376,True,,34.830559,0.064682,0.9702260000000003,14.690285,1330.34422639,"{'complete': True, 'min_image_bytes': 20000, 'files': {'velocity_magnitude.png': {'exists': True, 'size_bytes': 125680, 'valid': True}, 'pressure.png': {'exists': True, 'size_bytes': 93914, 'valid': True}, 'temperature.png': {'exists': True, 'size_bytes': 107285, 'valid': True}}, 'invalid': []}",F:\pyProject\fipy_naca0012_2.0\七参数_几何掩码代理优化\comsol_results_1000_extra\case_30197\cfd_solution
30198,0.029543946398841,0.3132699077648667,0.0849149237683853,0.5008682220856351,0.9257538242407226,0.4939720766305763,-5.476336809490487,True,,24.611817,0.069476,1.0421389999999997,21.623451,1383.700293243,"{'complete': True, 'min_image_bytes': 20000, 'files': {'velocity_magnitude.png': {'exists': True, 'size_bytes': 152855, 'valid': True}, 'pressure.png': {'exists': True, 'size_bytes': 99058, 'valid': True}, 'temperature.png': {'exists': True, 'size_bytes': 125009, 'valid': True}}, 'invalid': []}",F:\pyProject\fipy_naca0012_2.0\七参数_几何掩码代理优化\comsol_results_1000_extra\case_30198\cfd_solution
30199,0.007048564140308,0.4614626669767695,0.1458178896449104,0.955367748811756,0.738120833595093,0.3281084684644277,-7.619017455383577,True,,41.209563,0.139529,2.092929,22.078144,2365.55971001,"{'complete': True, 'min_image_bytes': 20000, 'files': {'velocity_magnitude.png': {'exists': True, 'size_bytes': 151842, 'valid': True}, 'pressure.png': {'exists': True, 'size_bytes': 93641, 'valid': True}, 'temperature.png': {'exists': True, 'size_bytes': 127247, 'valid': True}}, 'invalid': []}",F:\pyProject\fipy_naca0012_2.0\七参数_几何掩码代理优化\comsol_results_1000_extra\case_30199\cfd_solution
30200,0.0125145024451551,0.2549131099981774,0.0981762500226087,0.9439896846700496,0.9913538332756994,0.1003768531504901,5.662754091774673,True,,27.177897,0.067348,1.0102139999999995,22.584493,1595.877466758,"{'complete': True, 'min_image_bytes': 20000, 'files': {'velocity_magnitude.png': {'exists': True, 'size_bytes': 149732, 'valid': True}, 'pressure.png': {'exists': True, 'size_bytes': 110481, 'valid': True}, 'temperature.png': {'exists': True, 'size_bytes': 121796, 'valid': True}}, 'invalid': []}",F:\pyProject\fipy_naca0012_2.0\七参数_几何掩码代理优化\comsol_results_1000_extra\case_30200\cfd_solution
30201,0.0349445013129522,0.4976071614333406,0.1213841870286401,0.7384611286936266,0.9241794241036052,0.5951244674633887,-3.1042068403169587,True,,32.824874,0.089236,1.3385429999999996,23.150306,1975.755272163,"{'complete': True, 'min_image_bytes': 20000, 'files': {'velocity_magnitude.png': {'exists': True, 'size_bytes': 153649, 'valid': True}, 'pressure.png': {'exists': True, 'size_bytes': 101359, 'valid': True}, 'temperature.png': {'exists': True, 'size_bytes': 124334, 'valid': True}}, 'invalid': []}",F:\pyProject\fipy_naca0012_2.0\七参数_几何掩码代理优化\comsol_results_1000_extra\case_30201\cfd_solution
30202,0.0489934547524417,0.3483490432834848,0.112831153188012,1.271232845277838,0.8436937575633454,0.1828332865621219,-6.727718728040174,True,,42.239269,0.125632,1.8844750000000001,16.768435,1841.544724924,"{'complete': True, 'min_image_bytes': 20000, 'files': {'velocity_magnitude.png': {'exists': True, 'size_bytes': 157072, 'valid': True}, 'pressure.png': {'exists': True, 'size_bytes': 99947, 'valid': True}, 'temperature.png': {'exists': True, 'size_bytes': 134812, 'valid': True}}, 'invalid': []}",F:\pyProject\fipy_naca0012_2.0\七参数_几何掩码代理优化\comsol_results_1000_extra\case_30202\cfd_solution
30203,0.0289673292805842,0.2814586454620201,0.1337107741186283,0.9778631977197676,0.9122550953543496,0.7763227655238756,1.7215983837322175,True,,36.02806,0.086902,1.303528,23.208301,2173.990155104,"{'complete': True, 'min_image_bytes': 20000, 'files': {'velocity_magnitude.png': {'exists': True, 'size_bytes': 148517, 'valid': True}, 'pressure.png': {'exists': True, 'size_bytes': 104248, 'valid': True}, 'temperature.png': {'exists': True, 'size_bytes': 123162, 'valid': True}}, 'invalid': []}",F:\pyProject\fipy_naca0012_2.0\七参数_几何掩码代理优化\comsol_results_1000_extra\case_30203\cfd_solution
30204,0.0052003181109293,0.3763878841635288,0.1088612601401596,0.755392893663791,0.9349357787447587,0.7122427932494488,4.912600836872938,True,,27.934233,0.06976,1.046405,24.353205,1768.74902007,"{'complete': True, 'min_image_bytes': 20000, 'files': {'velocity_magnitude.png': {'exists': True, 'size_bytes': 144761, 'valid': True}, 'pressure.png': {'exists': True, 'size_bytes': 100526, 'valid': True}, 'temperature.png': {'exists': True, 'size_bytes': 119045, 'valid': True}}, 'invalid': []}",F:\pyProject\fipy_naca0012_2.0\七参数_几何掩码代理优化\comsol_results_1000_extra\case_30204\cfd_solution
30205,0.0382624018428187,0.3876658226242087,0.1495458291266986,1.1523079051126173,1.133904218253841,0.903758586236224,4.479851667771071,True,,35.93076,0.088838,1.3325649999999998,26.021269,2430.90633876,"{'complete': True, 'min_image_bytes': 20000, 'files': {'velocity_magnitude.png': {'exists': True, 'size_bytes': 161639, 'valid': True}, 'pressure.png': {'exists': True, 'size_bytes': 115452, 'valid': True}, 'temperature.png': {'exists': True, 'size_bytes': 129773, 'valid': True}}, 'invalid': []}",F:\pyProject\fipy_naca0012_2.0\七参数_几何掩码代理优化\comsol_results_1000_extra\case_30205\cfd_solution
30206,0.0028918600491773,0.3939546429621889,0.1082988888633574,0.92102356519733,0.8117404520232544,0.0809540693597956,-2.482921672740421,True,,33.715694,0.086325,1.2948730000000008,20.072705,1759.589484925,"{'complete': True, 'min_image_bytes': 20000, 'files': {'velocity_magnitude.png': {'exists': True, 'size_bytes': 139379, 'valid': True}, 'pressure.png': {'exists': True, 'size_bytes': 92784, 'valid': True}, 'temperature.png': {'exists': True, 'size_bytes': 119401, 'valid': True}}, 'invalid': []}",F:\pyProject\fipy_naca0012_2.0\七参数_几何掩码代理优化\comsol_results_1000_extra\case_30206\cfd_solution
30207,0.0120960553728375,0.5057009148312821,0.1230488035452448,0.7349019438108767,0.7249400771360149,0.8261877337758895,-7.661480855346671,True,,35.57422,0.118622,1.7793320000000001,21.613268,1999.07538506,"{'complete': True, 'min_image_bytes': 20000, 'files': {'velocity_magnitude.png': {'exists': True, 'size_bytes': 150576, 'valid': True}, 'pressure.png': {'exists': True, 'size_bytes': 96209, 'valid': True}, 'temperature.png': {'exists': True, 'size_bytes': 130179, 'valid': True}}, 'invalid': []}",F:\pyProject\fipy_naca0012_2.0\七参数_几何掩码代理优化\comsol_results_1000_extra\case_30207\cfd_solution
30208,0.0030917122572547,0.3704401274491691,0.0817017557703139,1.1046555185043885,1.0942613770945695,0.4079571192816603,-9.66348167476528,True,,29.39693,0.083387,1.2508109999999997,17.38561,1328.817272931,"{'complete': True, 'min_image_bytes': 20000, 'files': {'velocity_magnitude.png': {'exists': True, 'size_bytes': 166626, 'valid': True}, 'pressure.png': {'exists': True, 'size_bytes': 116019, 'valid': True}, 'temperature.png': {'exists': True, 'size_bytes': 135619, 'valid': True}}, 'invalid': []}",F:\pyProject\fipy_naca0012_2.0\七参数_几何掩码代理优化\comsol_results_1000_extra\case_30208\cfd_solution
30209,0.0438725115476135,0.4413157663381032,0.1221342514183751,1.4552067406544145,0.5719861629165657,0.9238179920893786,1.1884579626734606,True,,41.431516,0.102847,1.5427039999999987,18.47887,1990.57974403,"{'complete': True, 'min_image_bytes': 20000, 'files': {'velocity_magnitude.png': {'exists': True, 'size_bytes': 127527, 'valid': True}, 'pressure.png': {'exists': True, 'size_bytes': 83110, 'valid': True}, 'temperature.png': {'exists': True, 'size_bytes': 102016, 'valid': True}}, 'invalid': []}",F:\pyProject\fipy_naca0012_2.0\七参数_几何掩码代理优化\comsol_results_1000_extra\case_30209\cfd_solution
30210,0.0280900075385641,0.3562473536534261,0.0816297441644826,0.5275240280254352,1.123413561960097,0.4416587259547193,2.3739636412785714,True,,21.594481,0.046168,0.6925249999999998,23.685235,1329.822927582,"{'complete': True, 'min_image_bytes': 20000, 'files': {'velocity_magnitude.png': {'exists': True, 'size_bytes': 141489, 'valid': True}, 'pressure.png': {'exists': True, 'size_bytes': 116443, 'valid': True}, 'temperature.png': {'exists': True, 'size_bytes': 121827, 'valid': True}}, 'invalid': []}",F:\pyProject\fipy_naca0012_2.0\七参数_几何掩码代理优化\comsol_results_1000_extra\case_30210\cfd_solution
30211,0.0322090782131262,0.4205609765188177,0.0917287552163762,1.3116971184017765,1.1676786435895778,0.4466089928116195,5.286606502086521,True,,30.044352,0.063396,0.9509379999999998,19.123679,1493.852173721,"{'complete': True, 'min_image_bytes': 20000, 'files': {'velocity_magnitude.png': {'exists': True, 'size_bytes': 155970, 'valid': True}, 'pressure.png': {'exists': True, 'size_bytes': 116592, 'valid': True}, 'temperature.png': {'exists': True, 'size_bytes': 125297, 'valid': True}}, 'invalid': []}",F:\pyProject\fipy_naca0012_2.0\七参数_几何掩码代理优化\comsol_results_1000_extra\case_30211\cfd_solution
30212,0.0472412473459529,0.519137173105499,0.1290474449067701,0.8214091521074474,0.6562386081581504,0.8148214829404072,0.5802149472359055,True,,38.792122,0.113449,1.7017310000000005,20.863217,2104.253972654,"{'complete': True, 'min_image_bytes': 20000, 'files': {'velocity_magnitude.png': {'exists': True, 'size_bytes': 137774, 'valid': True}, 'pressure.png': {'exists': True, 'size_bytes': 91141, 'valid': True}, 'temperature.png': {'exists': True, 'size_bytes': 117643, 'valid': True}}, 'invalid': []}",F:\pyProject\fipy_naca0012_2.0\七参数_几何掩码代理优化\comsol_results_1000_extra\case_30212\cfd_solution
30213,0.0300276273451517,0.3395197483243766,0.1498209538238272,1.2000090397166636,1.0079894119607795,0.9428942993358412,2.4409260514806306,True,,39.036371,0.095623,1.4343400000000006,23.970752,2432.901031377,"{'complete': True, 'min_image_bytes': 20000, 'files': {'velocity_magnitude.png': {'exists': True, 'size_bytes': 155408, 'valid': True}, 'pressure.png': {'exists': True, 'size_bytes': 109153, 'valid': True}, 'temperature.png': {'exists': True, 'size_bytes': 127855, 'valid': True}}, 'invalid': []}",F:\pyProject\fipy_naca0012_2.0\七参数_几何掩码代理优化\comsol_results_1000_extra\case_30213\cfd_solution
30214,0.0495579939880983,0.2490581262324155,0.0993350177886916,1.4021262088229935,0.6990272195110812,0.4221493772464886,-5.603012965568719,True,,39.972989,0.116159,1.742389000000001,15.629842,1624.405942345,"{'complete': True, 'min_image_bytes': 20000, 'files': {'velocity_magnitude.png': {'exists': True, 'size_bytes': 143599, 'valid': True}, 'pressure.png': {'exists': True, 'size_bytes': 88774, 'valid': True}, 'temperature.png': {'exists': True, 'size_bytes': 117663, 'valid': True}}, 'invalid': []}",F:\pyProject\fipy_naca0012_2.0\七参数_几何掩码代理优化\comsol_results_1000_extra\case_30214\cfd_solution
30215,0.024076746195284,0.5425582219495524,0.1339388629693784,0.7804599497448572,0.9495923789670933,0.8573147607357156,-0.7213481917751317,True,,32.917899,0.082854,1.2428040000000005,25.432514,2176.680808236,"{'complete': True, 'min_image_bytes': 20000, 'files': {'velocity_magnitude.png': {'exists': True, 'size_bytes': 147378, 'valid': True}, 'pressure.png': {'exists': True, 'size_bytes': 104920, 'valid': True}, 'temperature.png': {'exists': True, 'size_bytes': 122165, 'valid': True}}, 'invalid': []}",F:\pyProject\fipy_naca0012_2.0\七参数_几何掩码代理优化\comsol_results_1000_extra\case_30215\cfd_solution
30216,0.0036797043553183,0.5625831403594246,0.1461315971291178,1.1496512122282356,0.9169432251018148,0.2977737064650271,-5.958692669290363,True,,41.379043,0.11761,1.7641559999999998,22.012011,2368.173441784,"{'complete': True, 'min_image_bytes': 20000, 'files': {'velocity_magnitude.png': {'exists': True, 'size_bytes': 155945, 'valid': True}, 'pressure.png': {'exists': True, 'size_bytes': 98749, 'valid': True}, 'temperature.png': {'exists': True, 'size_bytes': 134025, 'valid': True}}, 'invalid': []}",F:\pyProject\fipy_naca0012_2.0\七参数_几何掩码代理优化\comsol_results_1000_extra\case_30216\cfd_solution
30217,0.0152659310018886,0.3846707076047811,0.0998993056810332,1.216329116851406,1.0656596219446577,0.9772390758986992,-5.5103421119783285,True,,33.956483,0.079876,1.1981469999999996,18.397116,1624.22348623,"{'complete': True, 'min_image_bytes': 20000, 'files': {'velocity_magnitude.png': {'exists': True, 'size_bytes': 156688, 'valid': True}, 'pressure.png': {'exists': True, 'size_bytes': 112250, 'valid': True}, 'temperature.png': {'exists': True, 'size_bytes': 123093, 'valid': True}}, 'invalid': []}",F:\pyProject\fipy_naca0012_2.0\七参数_几何掩码代理优化\comsol_results_1000_extra\case_30217\cfd_solution
30218,0.002647113322889,0.5116373811953644,0.1091510552675915,0.664891995013262,0.8898883611487366,0.2195586604841163,7.186444430511305,True,,26.353003,0.075797,1.1369549999999995,25.882419,1773.406589522,"{'complete': True, 'min_image_bytes': 20000, 'files': {'velocity_magnitude.png': {'exists': True, 'size_bytes': 155795, 'valid': True}, 'pressure.png': {'exists': True, 'size_bytes': 102262, 'valid': True}, 'temperature.png': {'exists': True, 'size_bytes': 124528, 'valid': True}}, 'invalid': []}",F:\pyProject\fipy_naca0012_2.0\七参数_几何掩码代理优化\comsol_results_1000_extra\case_30218\cfd_solution
30219,0.0069435326080165,0.4820064952267169,0.1109629047022999,0.5068711708425668,0.6138458402191467,0.5194148493872102,0.4762418086172921,True,,30.192927,0.084677,1.2701519999999995,22.966725,1802.924857898,"{'complete': True, 'min_image_bytes': 20000, 'files': {'velocity_magnitude.png': {'exists': True, 'size_bytes': 119249, 'valid': True}, 'pressure.png': {'exists': True, 'size_bytes': 86894, 'valid': True}, 'temperature.png': {'exists': True, 'size_bytes': 110343, 'valid': True}}, 'invalid': []}",F:\pyProject\fipy_naca0012_2.0\七参数_几何掩码代理优化\comsol_results_1000_extra\case_30219\cfd_solution
30220,0.0301553644594851,0.3790017946782931,0.1206410699378366,0.8728511873647857,0.7969683734862092,0.8174822744671902,8.236931638677135,True,,32.341864,0.095664,1.4349589999999992,23.330748,1961.855668944,"{'complete': True, 'min_image_bytes': 20000, 'files': {'velocity_magnitude.png': {'exists': True, 'size_bytes': 156389, 'valid': True}, 'pressure.png': {'exists': True, 'size_bytes': 98141, 'valid': True}, 'temperature.png': {'exists': True, 'size_bytes': 127210, 'valid': True}}, 'invalid': []}",F:\pyProject\fipy_naca0012_2.0\七参数_几何掩码代理优化\comsol_results_1000_extra\case_30220\cfd_solution
30221,0.0292611667746335,0.481229307174522,0.1069205790440893,0.653800595459664,0.7958433113735317,0.3783262320180168,4.988986130189289,True,,26.268213,0.072834,1.092504,25.470771,1739.586234553,"{'complete': True, 'min_image_bytes': 20000, 'files': {'velocity_magnitude.png': {'exists': True, 'size_bytes': 143899, 'valid': True}, 'pressure.png': {'exists': True, 'size_bytes': 99261, 'valid': True}, 'temperature.png': {'exists': True, 'size_bytes': 119992, 'valid': True}}, 'invalid': []}",F:\pyProject\fipy_naca0012_2.0\七参数_几何掩码代理优化\comsol_results_1000_extra\case_30221\cfd_solution
30222,0.0252489023702813,0.576997540683698,0.0902252858802768,1.4748092985310564,1.0097237744153302,0.8395202654164906,9.945022215471417,True,,32.936023,0.090668,1.3600220000000007,17.143132,1468.029079288,"{'complete': True, 'min_image_bytes': 20000, 'files': {'velocity_magnitude.png': {'exists': True, 'size_bytes': 163200, 'valid': True}, 'pressure.png': {'exists': True, 'size_bytes': 109871, 'valid': True}, 'temperature.png': {'exists': True, 'size_bytes': 127298, 'valid': True}}, 'invalid': []}",F:\pyProject\fipy_naca0012_2.0\七参数_几何掩码代理优化\comsol_results_1000_extra\case_30222\cfd_solution
30223,0.0448274037982444,0.4528739595899569,0.1180957917550081,0.7361878907715186,0.8970396168325054,0.0574199268753161,6.184861251742525,True,,28.402894,0.082097,1.2314570000000007,26.076558,1925.689296884,"{'complete': True, 'min_image_bytes': 20000, 'files': {'velocity_magnitude.png': {'exists': True, 'size_bytes': 161221, 'valid': True}, 'pressure.png': {'exists': True, 'size_bytes': 114787, 'valid': True}, 'temperature.png': {'exists': True, 'size_bytes': 134047, 'valid': True}}, 'invalid': []}",F:\pyProject\fipy_naca0012_2.0\七参数_几何掩码代理优化\comsol_results_1000_extra\case_30223\cfd_solution
30224,0.0351462669935324,0.3479395967008931,0.0968355354539722,1.0178453435875128,0.8645446880939399,0.5975707729921528,6.013456868254,True,,30.170875,0.076241,1.143618,20.113942,1577.823630809,"{'complete': True, 'min_image_bytes': 20000, 'files': {'velocity_magnitude.png': {'exists': True, 'size_bytes': 148213, 'valid': True}, 'pressure.png': {'exists': True, 'size_bytes': 101915, 'valid': True}, 'temperature.png': {'exists': True, 'size_bytes': 121233, 'valid': True}}, 'invalid': []}",F:\pyProject\fipy_naca0012_2.0\七参数_几何掩码代理优化\comsol_results_1000_extra\case_30224\cfd_solution
30225,0.0153265216132193,0.2348501744276395,0.1040905902982071,0.5453957621119413,0.8828556189781175,0.3181471869680876,-9.630018696805973,True,,28.945408,0.098814,1.482215000000001,22.496811,1693.06640257,"{'complete': True, 'min_image_bytes': 20000, 'files': {'velocity_magnitude.png': {'exists': True, 'size_bytes': 167155, 'valid': True}, 'pressure.png': {'exists': True, 'size_bytes': 103872, 'valid': True}, 'temperature.png': {'exists': True, 'size_bytes': 140205, 'valid': True}}, 'invalid': []}",F:\pyProject\fipy_naca0012_2.0\七参数_几何掩码代理优化\comsol_results_1000_extra\case_30225\cfd_solution
30226,0.014285471570422,0.5288374927844026,0.1190316405436402,1.20319303897785,0.9875390548209948,0.5325052276532521,-4.663185708340704,True,,38.325953,0.094076,1.4111399999999996,19.399248,1933.08609287,"{'complete': True, 'min_image_bytes': 20000, 'files': {'velocity_magnitude.png': {'exists': True, 'size_bytes': 156616, 'valid': True}, 'pressure.png': {'exists': True, 'size_bytes': 104613, 'valid': True}, 'temperature.png': {'exists': True, 'size_bytes': 127766, 'valid': True}}, 'invalid': []}",F:\pyProject\fipy_naca0012_2.0\七参数_几何掩码代理优化\comsol_results_1000_extra\case_30226\cfd_solution
30227,0.0013213762963375,0.4164988485634819,0.1167624825737732,0.9733715226005576,0.5005282865275218,0.0478703330979198,7.513429706833637,True,,35.258112,0.129539,1.9430830000000014,20.674973,1895.297326821,"{'complete': True, 'min_image_bytes': 20000, 'files': {'velocity_magnitude.png': {'exists': True, 'size_bytes': 125755, 'valid': True}, 'pressure.png': {'exists': True, 'size_bytes': 84104, 'valid': True}, 'temperature.png': {'exists': True, 'size_bytes': 106594, 'valid': True}}, 'invalid': []}",F:\pyProject\fipy_naca0012_2.0\七参数_几何掩码代理优化\comsol_results_1000_extra\case_30227\cfd_solution
30228,0.0009889892693111,0.3145211604505508,0.0929444457795073,0.7923237423141174,0.5653898901034434,0.9464874656165774,-4.015027150969751,True,,34.823194,0.097468,1.4620200000000008,16.682932,1510.477719492,"{'complete': True, 'min_image_bytes': 20000, 'files': {'velocity_magnitude.png': {'exists': True, 'size_bytes': 126639, 'valid': True}, 'pressure.png': {'exists': True, 'size_bytes': 85443, 'valid': True}, 'temperature.png': {'exists': True, 'size_bytes': 105975, 'valid': True}}, 'invalid': []}",F:\pyProject\fipy_naca0012_2.0\七参数_几何掩码代理优化\comsol_results_1000_extra\case_30228\cfd_solution
30229,0.0073578795718851,0.3026675993781444,0.1115504977521715,0.7409044764854221,0.6730326917492361,0.2231380134255342,-4.055134135832335,True,,32.330894,0.095821,1.4373120000000004,21.55936,1812.286824383,"{'complete': True, 'min_image_bytes': 20000, 'files': {'velocity_magnitude.png': {'exists': True, 'size_bytes': 136305, 'valid': True}, 'pressure.png': {'exists': True, 'size_bytes': 87771, 'valid': True}, 'temperature.png': {'exists': True, 'size_bytes': 118879, 'valid': True}}, 'invalid': []}",F:\pyProject\fipy_naca0012_2.0\七参数_几何掩码代理优化\comsol_results_1000_extra\case_30229\cfd_solution
30230,0.0150015293249692,0.3644244713370204,0.1107505424156548,1.235458034989574,0.7229836626099759,0.6225574037693763,8.67703595674099,True,,38.017599,0.112683,1.6902469999999994,18.201328,1799.124100152,"{'complete': True, 'min_image_bytes': 20000, 'files': {'velocity_magnitude.png': {'exists': True, 'size_bytes': 148757, 'valid': True}, 'pressure.png': {'exists': True, 'size_bytes': 92103, 'valid': True}, 'temperature.png': {'exists': True, 'size_bytes': 119703, 'valid': True}}, 'invalid': []}",F:\pyProject\fipy_naca0012_2.0\七参数_几何掩码代理优化\comsol_results_1000_extra\case_30230\cfd_solution
30231,0.0209370674245364,0.5439466949397307,0.1303642260667318,1.066014607468191,0.5167279936025799,0.6501855678181363,7.54959454412494,True,,34.362619,0.122797,1.841951,23.707298,2118.076627634,"{'complete': True, 'min_image_bytes': 20000, 'files': {'velocity_magnitude.png': {'exists': True, 'size_bytes': 126417, 'valid': True}, 'pressure.png': {'exists': True, 'size_bytes': 83011, 'valid': True}, 'temperature.png': {'exists': True, 'size_bytes': 104332, 'valid': True}}, 'invalid': []}",F:\pyProject\fipy_naca0012_2.0\七参数_几何掩码代理优化\comsol_results_1000_extra\case_30231\cfd_solution
30232,0.0162292149166838,0.3295512375051549,0.0891428894432053,0.9998546034819557,0.8780217268683435,0.0320514471316665,9.760765974386846,True,,30.366123,0.092996,1.3949339999999992,18.367538,1450.152386925,"{'complete': True, 'min_image_bytes': 20000, 'files': {'velocity_magnitude.png': {'exists': True, 'size_bytes': 161828, 'valid': True}, 'pressure.png': {'exists': True, 'size_bytes': 112666, 'valid': True}, 'temperature.png': {'exists': True, 'size_bytes': 131758, 'valid': True}}, 'invalid': []}",F:\pyProject\fipy_naca0012_2.0\七参数_几何掩码代理优化\comsol_results_1000_extra\case_30232\cfd_solution
30233,0.0302538142965121,0.2644834420765762,0.1061436301248141,1.28936224969064,0.9145119713376584,0.6676856079958123,-4.5147474288955545,True,,37.379878,0.09173,1.375947,17.789679,1728.937717136,"{'complete': True, 'min_image_bytes': 20000, 'files': {'velocity_magnitude.png': {'exists': True, 'size_bytes': 149443, 'valid': True}, 'pressure.png': {'exists': True, 'size_bytes': 99227, 'valid': True}, 'temperature.png': {'exists': True, 'size_bytes': 121941, 'valid': True}}, 'invalid': []}",F:\pyProject\fipy_naca0012_2.0\七参数_几何掩码代理优化\comsol_results_1000_extra\case_30233\cfd_solution
30234,0.0275970647393949,0.2666082159571528,0.097350957574823,0.9320464726641964,0.7166719874870471,0.6914071166204544,-7.358955772474994,True,,34.707563,0.110166,1.6524959999999993,17.563639,1584.936839794,"{'complete': True, 'min_image_bytes': 20000, 'files': {'velocity_magnitude.png': {'exists': True, 'size_bytes': 146750, 'valid': True}, 'pressure.png': {'exists': True, 'size_bytes': 90877, 'valid': True}, 'temperature.png': {'exists': True, 'size_bytes': 123824, 'valid': True}}, 'invalid': []}",F:\pyProject\fipy_naca0012_2.0\七参数_几何掩码代理优化\comsol_results_1000_extra\case_30234\cfd_solution
30235,0.0404766922112158,0.4712933149004115,0.129649515125026,0.9440862597974478,0.917509937297336,0.5931840904756782,-7.098420420386227,True,,38.429741,0.115369,1.7305330000000012,21.123339,2110.587544023,"{'complete': True, 'min_image_bytes': 20000, 'files': {'velocity_magnitude.png': {'exists': True, 'size_bytes': 163033, 'valid': True}, 'pressure.png': {'exists': True, 'size_bytes': 102188, 'valid': True}, 'temperature.png': {'exists': True, 'size_bytes': 141399, 'valid': True}}, 'invalid': []}",F:\pyProject\fipy_naca0012_2.0\七参数_几何掩码代理优化\comsol_results_1000_extra\case_30235\cfd_solution
30236,0.0297886758578883,0.2396730965802443,0.1029956743732369,1.19789220769666,0.5492251748371282,0.598462917840678,9.090426550655032,True,,33.502683,0.109055,1.6358219999999992,19.259322,1677.621301087,"{'complete': True, 'min_image_bytes': 20000, 'files': {'velocity_magnitude.png': {'exists': True, 'size_bytes': 133245, 'valid': True}, 'pressure.png': {'exists': True, 'size_bytes': 86400, 'valid': True}, 'temperature.png': {'exists': True, 'size_bytes': 106432, 'valid': True}}, 'invalid': []}",F:\pyProject\fipy_naca0012_2.0\七参数_几何掩码代理优化\comsol_results_1000_extra\case_30236\cfd_solution
30237,0.040687340235915,0.576048336790728,0.1441645880179393,1.4291300443108828,0.7798157838620651,0.1878779936146013,-3.735481565169235,True,,45.808844,0.130271,1.9540640000000007,19.702877,2346.671681395,"{'complete': True, 'min_image_bytes': 20000, 'files': {'velocity_magnitude.png': {'exists': True, 'size_bytes': 149561, 'valid': True}, 'pressure.png': {'exists': True, 'size_bytes': 92832, 'valid': True}, 'temperature.png': {'exists': True, 'size_bytes': 122214, 'valid': True}}, 'invalid': []}",F:\pyProject\fipy_naca0012_2.0\七参数_几何掩码代理优化\comsol_results_1000_extra\case_30237\cfd_solution
30238,0.0339899123374284,0.4328043857160517,0.1193855884253559,1.097479861502424,1.0187233873466082,0.0885937173492888,-3.136255629499073,True,,36.305798,0.091862,1.3779359999999992,20.57646,1942.316444389,"{'complete': True, 'min_image_bytes': 20000, 'files': {'velocity_magnitude.png': {'exists': True, 'size_bytes': 158961, 'valid': True}, 'pressure.png': {'exists': True, 'size_bytes': 103468, 'valid': True}, 'temperature.png': {'exists': True, 'size_bytes': 128343, 'valid': True}}, 'invalid': []}",F:\pyProject\fipy_naca0012_2.0\七参数_几何掩码代理优化\comsol_results_1000_extra\case_30238\cfd_solution
30239,0.021770752600262,0.5923793293560189,0.1072677913103984,1.195083613218901,0.5580742582404599,0.9667929707910028,8.05925404685744,True,,33.920409,0.106568,1.598516,19.781778,1744.615584653,"{'complete': True, 'min_image_bytes': 20000, 'files': {'velocity_magnitude.png': {'exists': True, 'size_bytes': 133378, 'valid': True}, 'pressure.png': {'exists': True, 'size_bytes': 85188, 'valid': True}, 'temperature.png': {'exists': True, 'size_bytes': 104814, 'valid': True}}, 'invalid': []}",F:\pyProject\fipy_naca0012_2.0\七参数_几何掩码代理优化\comsol_results_1000_extra\case_30239\cfd_solution
30240,0.0261209842995805,0.4210254811806659,0.1192002940910092,1.1444354381020547,0.5936008963362582,0.0650557903593038,-0.3198577727815763,True,,39.291152,0.115955,1.7393309999999982,18.966828,1937.594150243,"{'complete': True, 'min_image_bytes': 20000, 'files': {'velocity_magnitude.png': {'exists': True, 'size_bytes': 124510, 'valid': True}, 'pressure.png': {'exists': True, 'size_bytes': 80977, 'valid': True}, 'temperature.png': {'exists': True, 'size_bytes': 105021, 'valid': True}}, 'invalid': []}",F:\pyProject\fipy_naca0012_2.0\七参数_几何掩码代理优化\comsol_results_1000_extra\case_30240\cfd_solution
30241,0.0139264961881651,0.4013505739836535,0.1283931621241613,1.4998046270207936,0.755771572035168,0.8628507893213481,-5.57676975555439,True,,42.537628,0.106675,1.600124000000001,18.854465,2085.262929018,"{'complete': True, 'min_image_bytes': 20000, 'files': {'velocity_magnitude.png': {'exists': True, 'size_bytes': 144653, 'valid': True}, 'pressure.png': {'exists': True, 'size_bytes': 91045, 'valid': True}, 'temperature.png': {'exists': True, 'size_bytes': 116535, 'valid': True}}, 'invalid': []}",F:\pyProject\fipy_naca0012_2.0\七参数_几何掩码代理优化\comsol_results_1000_extra\case_30241\cfd_solution
30242,0.0098179126757487,0.5731525591058189,0.1054375471165298,1.3588689788765058,1.113830153258767,0.749239463368519,9.428544874869672,True,,33.382331,0.086416,1.296240000000001,19.744694,1713.722118809,"{'complete': True, 'min_image_bytes': 20000, 'files': {'velocity_magnitude.png': {'exists': True, 'size_bytes': 167036, 'valid': True}, 'pressure.png': {'exists': True, 'size_bytes': 114094, 'valid': True}, 'temperature.png': {'exists': True, 'size_bytes': 133618, 'valid': True}}, 'invalid': []}",F:\pyProject\fipy_naca0012_2.0\七参数_几何掩码代理优化\comsol_results_1000_extra\case_30242\cfd_solution
30243,0.0427405119062351,0.5246424397396972,0.122172126065726,0.6472442124483269,0.898475884324293,0.0348238284580934,-2.8855920634521635,True,,31.500737,0.090385,1.3557800000000002,24.306874,1990.779563381,"{'complete': True, 'min_image_bytes': 20000, 'files': {'velocity_magnitude.png': {'exists': True, 'size_bytes': 157243, 'valid': True}, 'pressure.png': {'exists': True, 'size_bytes': 96975, 'valid': True}, 'temperature.png': {'exists': True, 'size_bytes': 129391, 'valid': True}}, 'invalid': []}",F:\pyProject\fipy_naca0012_2.0\七参数_几何掩码代理优化\comsol_results_1000_extra\case_30243\cfd_solution
30244,0.0388917756634185,0.3071409399183207,0.1187038244527228,1.2671255628001052,0.5989320939135364,0.9486450463835008,-3.482681058809371,True,,40.55363,0.11273,1.6909460000000003,18.34241,1934.01338815,"{'complete': True, 'min_image_bytes': 20000, 'files': {'velocity_magnitude.png': {'exists': True, 'size_bytes': 131083, 'valid': True}, 'pressure.png': {'exists': True, 'size_bytes': 84099, 'valid': True}, 'temperature.png': {'exists': True, 'size_bytes': 107600, 'valid': True}}, 'invalid': []}",F:\pyProject\fipy_naca0012_2.0\七参数_几何掩码代理优化\comsol_results_1000_extra\case_30244\cfd_solution
30245,0.025050587121922,0.2108365634485488,0.1065512480024842,1.0209448827888892,0.8210518708635358,0.568721290272372,0.3637357862466199,True,,34.009198,0.079559,1.1933919999999993,19.614013,1734.347838363,"{'complete': True, 'min_image_bytes': 20000, 'files': {'velocity_magnitude.png': {'exists': True, 'size_bytes': 135650, 'valid': True}, 'pressure.png': {'exists': True, 'size_bytes': 95973, 'valid': True}, 'temperature.png': {'exists': True, 'size_bytes': 115788, 'valid': True}}, 'invalid': []}",F:\pyProject\fipy_naca0012_2.0\七参数_几何掩码代理优化\comsol_results_1000_extra\case_30245\cfd_solution
30246,0.0019518165036852,0.4340057611249222,0.083250857681657,0.6119122498670727,1.1860600121122569,0.2574992909477199,-5.837345720881265,True,,22.516492,0.055844,0.8376540000000001,23.125792,1353.850463717,"{'complete': True, 'min_image_bytes': 20000, 'files': {'velocity_magnitude.png': {'exists': True, 'size_bytes': 156056, 'valid': True}, 'pressure.png': {'exists': True, 'size_bytes': 116049, 'valid': True}, 'temperature.png': {'exists': True, 'size_bytes': 130567, 'valid': True}}, 'invalid': []}",F:\pyProject\fipy_naca0012_2.0\七参数_几何掩码代理优化\comsol_results_1000_extra\case_30246\cfd_solution
30247,0.0131659638348408,0.2037091908747925,0.131461078725314,0.5683171430424785,0.5450551531758944,0.5464710979046479,-2.635841167478836,True,,32.855193,0.11177,1.6765540000000012,25.002198,2135.775246261,"{'complete': True, 'min_image_bytes': 20000, 'files': {'velocity_magnitude.png': {'exists': True, 'size_bytes': 126237, 'valid': True}, 'pressure.png': {'exists': True, 'size_bytes': 83979, 'valid': True}, 'temperature.png': {'exists': True, 'size_bytes': 110904, 'valid': True}}, 'invalid': []}",F:\pyProject\fipy_naca0012_2.0\七参数_几何掩码代理优化\comsol_results_1000_extra\case_30247\cfd_solution
30248,0.0216145020085905,0.3694540336645781,0.1179787659315816,1.239183342944949,0.8468056317335508,0.5724989906772471,-8.039043167703111,True,,40.650533,0.118941,1.7841109999999993,18.138825,1917.117557825,"{'complete': True, 'min_image_bytes': 20000, 'files': {'velocity_magnitude.png': {'exists': True, 'size_bytes': 154124, 'valid': True}, 'pressure.png': {'exists': True, 'size_bytes': 96905, 'valid': True}, 'temperature.png': {'exists': True, 'size_bytes': 130637, 'valid': True}}, 'invalid': []}",F:\pyProject\fipy_naca0012_2.0\七参数_几何掩码代理优化\comsol_results_1000_extra\case_30248\cfd_solution
30249,0.0423926832129405,0.2315050503582866,0.1136343372062752,1.1797992786674083,0.6292057513346733,0.8677328844097248,2.213830633971254,True,,38.548707,0.0952,1.428001,18.494487,1853.640249533,"{'complete': True, 'min_image_bytes': 20000, 'files': {'velocity_magnitude.png': {'exists': True, 'size_bytes': 130857, 'valid': True}, 'pressure.png': {'exists': True, 'size_bytes': 87148, 'valid': True}, 'temperature.png': {'exists': True, 'size_bytes': 107123, 'valid': True}}, 'invalid': []}",F:\pyProject\fipy_naca0012_2.0\七参数_几何掩码代理优化\comsol_results_1000_extra\case_30249\cfd_solution
30250,0.0368739956523852,0.5141281393824886,0.0975402799809637,0.5706706554231431,1.0120011063359962,0.6319699918600902,8.465726562109225,True,,23.455109,0.068164,1.0224600000000001,26.056912,1589.036077147,"{'complete': True, 'min_image_bytes': 20000, 'files': {'velocity_magnitude.png': {'exists': True, 'size_bytes': 162652, 'valid': True}, 'pressure.png': {'exists': True, 'size_bytes': 114737, 'valid': True}, 'temperature.png': {'exists': True, 'size_bytes': 132530, 'valid': True}}, 'invalid': []}",F:\pyProject\fipy_naca0012_2.0\七参数_几何掩码代理优化\comsol_results_1000_extra\case_30250\cfd_solution
30251,0.0412091075693405,0.588191347070808,0.1047114405309681,0.7701667317322012,1.1617059417167863,0.468522961171527,-5.322414537103163,True,,29.987954,0.0772,1.1580050000000002,21.877372,1705.749842468,"{'complete': True, 'min_image_bytes': 20000, 'files': {'velocity_magnitude.png': {'exists': True, 'size_bytes': 163527, 'valid': True}, 'pressure.png': {'exists': True, 'size_bytes': 113121, 'valid': True}, 'temperature.png': {'exists': True, 'size_bytes': 135863, 'valid': True}}, 'invalid': []}",F:\pyProject\fipy_naca0012_2.0\七参数_几何掩码代理优化\comsol_results_1000_extra\case_30251\cfd_solution
30252,0.0394329219753122,0.450167026035865,0.1145271876309057,0.7070458103254739,0.6486467143606172,0.4036179984990397,-0.6582392478366152,True,,33.38314,0.098928,1.483915999999999,21.498239,1865.964718018,"{'complete': True, 'min_image_bytes': 20000, 'files': {'velocity_magnitude.png': {'exists': True, 'size_bytes': 130510, 'valid': True}, 'pressure.png': {'exists': True, 'size_bytes': 87883, 'valid': True}, 'temperature.png': {'exists': True, 'size_bytes': 113969, 'valid': True}}, 'invalid': []}",F:\pyProject\fipy_naca0012_2.0\七参数_几何掩码代理优化\comsol_results_1000_extra\case_30252\cfd_solution
30253,0.0171652669797122,0.2469177632536329,0.1043296741794332,0.8041787960959568,1.031004940505338,0.0976553647663425,2.8840997682246865,True,,27.521431,0.065039,0.9755889999999994,23.707374,1696.398235261,"{'complete': True, 'min_image_bytes': 20000, 'files': {'velocity_magnitude.png': {'exists': True, 'size_bytes': 144416, 'valid': True}, 'pressure.png': {'exists': True, 'size_bytes': 107863, 'valid': True}, 'temperature.png': {'exists': True, 'size_bytes': 122134, 'valid': True}}, 'invalid': []}",F:\pyProject\fipy_naca0012_2.0\七参数_几何掩码代理优化\comsol_results_1000_extra\case_30253\cfd_solution
30254,0.043269100973836,0.4311650253692624,0.0910927666345594,1.005534375533536,1.0212791794464824,0.0403207460150316,2.8415998663609603,True,,29.561009,0.066955,1.004327,19.332092,1485.838018442,"{'complete': True, 'min_image_bytes': 20000, 'files': {'velocity_magnitude.png': {'exists': True, 'size_bytes': 154013, 'valid': True}, 'pressure.png': {'exists': True, 'size_bytes': 113787, 'valid': True}, 'temperature.png': {'exists': True, 'size_bytes': 123448, 'valid': True}}, 'invalid': []}",F:\pyProject\fipy_naca0012_2.0\七参数_几何掩码代理优化\comsol_results_1000_extra\case_30254\cfd_solution
30255,0.011874964310489,0.2563104025222151,0.1003220998089139,1.4409621103088723,0.9271938923447828,0.1466075886366481,-5.302277138246743,True,,37.837274,0.090403,1.3560529999999993,16.578806,1630.97174752,"{'complete': True, 'min_image_bytes': 20000, 'files': {'velocity_magnitude.png': {'exists': True, 'size_bytes': 151770, 'valid': True}, 'pressure.png': {'exists': True, 'size_bytes': 100419, 'valid': True}, 'temperature.png': {'exists': True, 'size_bytes': 120665, 'valid': True}}, 'invalid': []}",F:\pyProject\fipy_naca0012_2.0\七参数_几何掩码代理优化\comsol_results_1000_extra\case_30255\cfd_solution
30256,0.0236107781528278,0.5066150742828004,0.1168493592197056,1.218796767332905,0.9391483164063475,0.3060417399357755,1.5865596236889845,True,,37.424684,0.086614,1.2992080000000001,19.515426,1898.932540451,"{'complete': True, 'min_image_bytes': 20000, 'files': {'velocity_magnitude.png': {'exists': True, 'size_bytes': 148314, 'valid': True}, 'pressure.png': {'exists': True, 'size_bytes': 102995, 'valid': True}, 'temperature.png': {'exists': True, 'size_bytes': 121729, 'valid': True}}, 'invalid': []}",F:\pyProject\fipy_naca0012_2.0\七参数_几何掩码代理优化\comsol_results_1000_extra\case_30256\cfd_solution
30257,0.0101428806253352,0.2321837554619355,0.1320630771645842,1.3289687858644474,0.6873454247430699,0.8773476179551715,5.556587669021585,True,,39.516018,0.103161,1.547410000000001,20.870221,2144.240888415,"{'complete': True, 'min_image_bytes': 20000, 'files': {'velocity_magnitude.png': {'exists': True, 'size_bytes': 139415, 'valid': True}, 'pressure.png': {'exists': True, 'size_bytes': 90201, 'valid': True}, 'temperature.png': {'exists': True, 'size_bytes': 113469, 'valid': True}}, 'invalid': []}",F:\pyProject\fipy_naca0012_2.0\七参数_几何掩码代理优化\comsol_results_1000_extra\case_30257\cfd_solution
30258,0.003952704208403,0.4646791363109248,0.085619317364841,0.5220251549556937,0.7834817744042661,0.2332492818626222,-9.532503521000306,True,,27.257567,0.094273,1.4140990000000002,19.646438,1392.33667842,"{'complete': True, 'min_image_bytes': 20000, 'files': {'velocity_magnitude.png': {'exists': True, 'size_bytes': 157619, 'valid': True}, 'pressure.png': {'exists': True, 'size_bytes': 97083, 'valid': True}, 'temperature.png': {'exists': True, 'size_bytes': 137318, 'valid': True}}, 'invalid': []}",F:\pyProject\fipy_naca0012_2.0\七参数_几何掩码代理优化\comsol_results_1000_extra\case_30258\cfd_solution
30259,0.0157207109560665,0.3037703064292327,0.125366184015929,0.5821549175936029,0.616880074108486,0.2004386785926792,2.574059579032504,True,,30.476277,0.095293,1.4293890000000005,25.707642,2037.030350822,"{'complete': True, 'min_image_bytes': 20000, 'files': {'velocity_magnitude.png': {'exists': True, 'size_bytes': 127961, 'valid': True}, 'pressure.png': {'exists': True, 'size_bytes': 88349, 'valid': True}, 'temperature.png': {'exists': True, 'size_bytes': 113576, 'valid': True}}, 'invalid': []}",F:\pyProject\fipy_naca0012_2.0\七参数_几何掩码代理优化\comsol_results_1000_extra\case_30259\cfd_solution
30260,0.0092655285177011,0.3184508474438591,0.1184370506256385,0.5175379422751513,0.6447673516111067,0.1772227351319743,5.338342443496767,True,,29.341773,0.0931,1.396495999999999,25.217643,1923.818902643,"{'complete': True, 'min_image_bytes': 20000, 'files': {'velocity_magnitude.png': {'exists': True, 'size_bytes': 135015, 'valid': True}, 'pressure.png': {'exists': True, 'size_bytes': 92506, 'valid': True}, 'temperature.png': {'exists': True, 'size_bytes': 116885, 'valid': True}}, 'invalid': []}",F:\pyProject\fipy_naca0012_2.0\七参数_几何掩码代理优化\comsol_results_1000_extra\case_30260\cfd_solution
30261,0.0159945856610942,0.23348696222079,0.1341087778830198,0.7824730967996536,1.0704413266759258,0.662277919224566,2.631267120259832,True,,29.704292,0.072785,1.091774,28.206607,2178.428926334,"{'complete': True, 'min_image_bytes': 20000, 'files': {'velocity_magnitude.png': {'exists': True, 'size_bytes': 149936, 'valid': True}, 'pressure.png': {'exists': True, 'size_bytes': 110975, 'valid': True}, 'temperature.png': {'exists': True, 'size_bytes': 123602, 'valid': True}}, 'invalid': []}",F:\pyProject\fipy_naca0012_2.0\七参数_几何掩码代理优化\comsol_results_1000_extra\case_30261\cfd_solution
30262,0.0190441312095826,0.3267692145928993,0.0918754129469842,1.461481494371408,0.7801425038647177,0.8402293249802962,1.6090647563760374,True,,37.07915,0.07292,1.0937979999999996,15.501264,1494.411649281,"{'complete': True, 'min_image_bytes': 20000, 'files': {'velocity_magnitude.png': {'exists': True, 'size_bytes': 125186, 'valid': True}, 'pressure.png': {'exists': True, 'size_bytes': 90171, 'valid': True}, 'temperature.png': {'exists': True, 'size_bytes': 107565, 'valid': True}}, 'invalid': []}",F:\pyProject\fipy_naca0012_2.0\七参数_几何掩码代理优化\comsol_results_1000_extra\case_30262\cfd_solution
30263,0.0229405946036045,0.503227798874533,0.1158626383653412,0.598911490249168,0.5736850507233211,0.4566669255273228,0.4964934786946902,True,,33.513068,0.100844,1.5126650000000001,21.615263,1883.423804569,"{'complete': True, 'min_image_bytes': 20000, 'files': {'velocity_magnitude.png': {'exists': True, 'size_bytes': 124630, 'valid': True}, 'pressure.png': {'exists': True, 'size_bytes': 87483, 'valid': True}, 'temperature.png': {'exists': True, 'size_bytes': 111930, 'valid': True}}, 'invalid': []}",F:\pyProject\fipy_naca0012_2.0\七参数_几何掩码代理优化\comsol_results_1000_extra\case_30263\cfd_solution
30264,0.0264148755811986,0.4652020072880097,0.0834251652815804,1.157897327516452,0.7196339856154212,0.2082481889272437,-8.707643848634346,True,,33.953655,0.10473,1.5709520000000001,15.39063,1358.677192136,"{'complete': True, 'min_image_bytes': 20000, 'files': {'velocity_magnitude.png': {'exists': True, 'size_bytes': 150551, 'valid': True}, 'pressure.png': {'exists': True, 'size_bytes': 95800, 'valid': True}, 'temperature.png': {'exists': True, 'size_bytes': 122626, 'valid': True}}, 'invalid': []}",F:\pyProject\fipy_naca0012_2.0\七参数_几何掩码代理优化\comsol_results_1000_extra\case_30264\cfd_solution
30265,0.0462220122754832,0.4174210400869012,0.1139181269293998,0.9418214447150122,0.8959962940018888,0.7653785872083513,-6.0676181512988325,True,,37.816385,0.109024,1.6353559999999998,18.88995,1857.308991715,"{'complete': True, 'min_image_bytes': 20000, 'files': {'velocity_magnitude.png': {'exists': True, 'size_bytes': 158827, 'valid': True}, 'pressure.png': {'exists': True, 'size_bytes': 100328, 'valid': True}, 'temperature.png': {'exists': True, 'size_bytes': 135255, 'valid': True}}, 'invalid': []}",F:\pyProject\fipy_naca0012_2.0\七参数_几何掩码代理优化\comsol_results_1000_extra\case_30265\cfd_solution
30266,0.0269233330969416,0.3115399917020688,0.1295261656839311,1.0822915559144666,0.7054802275304406,0.417109036579966,3.858671525622493,True,,38.026281,0.105321,1.579815,21.295799,2105.48007748,"{'complete': True, 'min_image_bytes': 20000, 'files': {'velocity_magnitude.png': {'exists': True, 'size_bytes': 142042, 'valid': True}, 'pressure.png': {'exists': True, 'size_bytes': 92390, 'valid': True}, 'temperature.png': {'exists': True, 'size_bytes': 117917, 'valid': True}}, 'invalid': []}",F:\pyProject\fipy_naca0012_2.0\七参数_几何掩码代理优化\comsol_results_1000_extra\case_30266\cfd_solution
30267,0.0340291613580716,0.4993481424554564,0.1020853569375882,1.2779871343752047,0.9749268390596684,0.1581745085105516,3.702461134614019,True,,34.420495,0.076945,1.1541740000000003,18.577477,1662.559513442,"{'complete': True, 'min_image_bytes': 20000, 'files': {'velocity_magnitude.png': {'exists': True, 'size_bytes': 153385, 'valid': True}, 'pressure.png': {'exists': True, 'size_bytes': 109930, 'valid': True}, 'temperature.png': {'exists': True, 'size_bytes': 123955, 'valid': True}}, 'invalid': []}",F:\pyProject\fipy_naca0012_2.0\七参数_几何掩码代理优化\comsol_results_1000_extra\case_30267\cfd_solution
30268,0.0266351908111141,0.5273365608781602,0.1261519007760114,0.5974936821787078,0.7706075684880364,0.823683884650999,-3.533421833240512,True,,32.575849,0.093437,1.401553999999999,24.219412,2051.316578312,"{'complete': True, 'min_image_bytes': 20000, 'files': {'velocity_magnitude.png': {'exists': True, 'size_bytes': 145502, 'valid': True}, 'pressure.png': {'exists': True, 'size_bytes': 94304, 'valid': True}, 'temperature.png': {'exists': True, 'size_bytes': 122702, 'valid': True}}, 'invalid': []}",F:\pyProject\fipy_naca0012_2.0\七参数_几何掩码代理优化\comsol_results_1000_extra\case_30268\cfd_solution
30269,0.0201229526008796,0.3922727449739276,0.1248838762281317,1.1093397312153113,0.9064998214762452,0.3971788609420745,-1.6421587933606272,True,,37.537304,0.091109,1.3666409999999996,20.785757,2028.627330315,"{'complete': True, 'min_image_bytes': 20000, 'files': {'velocity_magnitude.png': {'exists': True, 'size_bytes': 148584, 'valid': True}, 'pressure.png': {'exists': True, 'size_bytes': 100386, 'valid': True}, 'temperature.png': {'exists': True, 'size_bytes': 123364, 'valid': True}}, 'invalid': []}",F:\pyProject\fipy_naca0012_2.0\七参数_几何掩码代理优化\comsol_results_1000_extra\case_30269\cfd_solution
30270,0.0137981617034191,0.5001252530055101,0.1035356608123133,1.3851504304093964,0.5311827504107013,0.8076724473821492,-7.41197173287629,True,,37.042833,0.110224,1.6533529999999992,17.47609,1683.146044408,"{'complete': True, 'min_image_bytes': 20000, 'files': {'velocity_magnitude.png': {'exists': True, 'size_bytes': 127956, 'valid': True}, 'pressure.png': {'exists': True, 'size_bytes': 81209, 'valid': True}, 'temperature.png': {'exists': True, 'size_bytes': 101465, 'valid': True}}, 'invalid': []}",F:\pyProject\fipy_naca0012_2.0\七参数_几何掩码代理优化\comsol_results_1000_extra\case_30270\cfd_solution
30271,0.0369742822510627,0.3551223428066197,0.1120822208379381,0.6371258121434132,0.5038545459858293,0.7075342366485252,2.491007877401879,True,,30.476236,0.092905,1.39358,23.050291,1826.463845421,"{'complete': True, 'min_image_bytes': 20000, 'files': {'velocity_magnitude.png': {'exists': True, 'size_bytes': 120087, 'valid': True}, 'pressure.png': {'exists': True, 'size_bytes': 82994, 'valid': True}, 'temperature.png': {'exists': True, 'size_bytes': 103287, 'valid': True}}, 'invalid': []}",F:\pyProject\fipy_naca0012_2.0\七参数_几何掩码代理优化\comsol_results_1000_extra\case_30271\cfd_solution
30272,0.0053381067747815,0.3380524048137457,0.1116406050003388,0.519840552936539,0.6017750323438441,0.0160050505074038,-5.085383975035976,True,,29.590482,0.098047,1.4707089999999994,23.571706,1813.49516118,"{'complete': True, 'min_image_bytes': 20000, 'files': {'velocity_magnitude.png': {'exists': True, 'size_bytes': 132033, 'valid': True}, 'pressure.png': {'exists': True, 'size_bytes': 87132, 'valid': True}, 'temperature.png': {'exists': True, 'size_bytes': 116802, 'valid': True}}, 'invalid': []}",F:\pyProject\fipy_naca0012_2.0\七参数_几何掩码代理优化\comsol_results_1000_extra\case_30272\cfd_solution
30273,0.0274067802845459,0.5212823730522138,0.0910486549779657,1.1750697779320158,0.681567314027058,0.5622647277737155,-1.444253480417963,True,,36.282398,0.084684,1.2702609999999996,15.708159,1481.817159323,"{'complete': True, 'min_image_bytes': 20000, 'files': {'velocity_magnitude.png': {'exists': True, 'size_bytes': 126636, 'valid': True}, 'pressure.png': {'exists': True, 'size_bytes': 87517, 'valid': True}, 'temperature.png': {'exists': True, 'size_bytes': 110387, 'valid': True}}, 'invalid': []}",F:\pyProject\fipy_naca0012_2.0\七参数_几何掩码代理优化\comsol_results_1000_extra\case_30273\cfd_solution
30274,0.0338788692179643,0.3273516053491752,0.1276215405394044,1.2821448946352645,0.9488554579719352,0.0761758497464389,-4.944904829682874,True,,40.513969,0.109813,1.6471940000000007,19.717025,2076.918773921,"{'complete': True, 'min_image_bytes': 20000, 'files': {'velocity_magnitude.png': {'exists': True, 'size_bytes': 159778, 'valid': True}, 'pressure.png': {'exists': True, 'size_bytes': 103878, 'valid': True}, 'temperature.png': {'exists': True, 'size_bytes': 133915, 'valid': True}}, 'invalid': []}",F:\pyProject\fipy_naca0012_2.0\七参数_几何掩码代理优化\comsol_results_1000_extra\case_30274\cfd_solution
30275,0.0138008496166291,0.3639160174807745,0.1058243463425497,1.0093868841012374,0.8526907570402488,0.8296824121610915,-7.251328443750283,True,,36.289964,0.104715,1.570722,18.231791,1720.240703505,"{'complete': True, 'min_image_bytes': 20000, 'files': {'velocity_magnitude.png': {'exists': True, 'size_bytes': 153297, 'valid': True}, 'pressure.png': {'exists': True, 'size_bytes': 102586, 'valid': True}, 'temperature.png': {'exists': True, 'size_bytes': 129077, 'valid': True}}, 'invalid': []}",F:\pyProject\fipy_naca0012_2.0\七参数_几何掩码代理优化\comsol_results_1000_extra\case_30275\cfd_solution
30276,0.0358928257314048,0.4772137677773985,0.1457555956400322,0.5546306588563044,0.8028490398346044,0.2288424380384853,5.50378651894375,True,,30.680143,0.1023,1.5344970000000009,29.730853,2371.581723604,"{'complete': True, 'min_image_bytes': 20000, 'files': {'velocity_magnitude.png': {'exists': True, 'size_bytes': 157226, 'valid': True}, 'pressure.png': {'exists': True, 'size_bytes': 102980, 'valid': True}, 'temperature.png': {'exists': True, 'size_bytes': 135596, 'valid': True}}, 'invalid': []}",F:\pyProject\fipy_naca0012_2.0\七参数_几何掩码代理优化\comsol_results_1000_extra\case_30276\cfd_solution
30277,0.0132228754453422,0.5565677979491128,0.1450514452585139,1.3221909603130395,0.7470005567564836,0.2580648438034134,-3.1876539207173007,True,,46.652701,0.132607,1.9891039999999975,19.401293,2353.319119665,"{'complete': True, 'min_image_bytes': 20000, 'files': {'velocity_magnitude.png': {'exists': True, 'size_bytes': 145195, 'valid': True}, 'pressure.png': {'exists': True, 'size_bytes': 90366, 'valid': True}, 'temperature.png': {'exists': True, 'size_bytes': 120798, 'valid': True}}, 'invalid': []}",F:\pyProject\fipy_naca0012_2.0\七参数_几何掩码代理优化\comsol_results_1000_extra\case_30277\cfd_solution
30278,0.0243106097737494,0.4958075711246242,0.1028202849966591,0.7242528117573824,0.980748225298318,0.7455329481231185,-4.172830681851341,True,,28.889001,0.075064,1.1259539999999992,22.268793,1672.640305863,"{'complete': True, 'min_image_bytes': 20000, 'files': {'velocity_magnitude.png': {'exists': True, 'size_bytes': 150156, 'valid': True}, 'pressure.png': {'exists': True, 'size_bytes': 102305, 'valid': True}, 'temperature.png': {'exists': True, 'size_bytes': 122070, 'valid': True}}, 'invalid': []}",F:\pyProject\fipy_naca0012_2.0\七参数_几何掩码代理优化\comsol_results_1000_extra\case_30278\cfd_solution
30279,0.0212365438705,0.5642896618438336,0.0848442025449372,0.9135368582350992,1.004057287604391,0.1286538997784194,9.84920621361224,True,,26.299583,0.08063,1.2094560000000003,20.195718,1380.961310562,"{'complete': True, 'min_image_bytes': 20000, 'files': {'velocity_magnitude.png': {'exists': True, 'size_bytes': 164343, 'valid': True}, 'pressure.png': {'exists': True, 'size_bytes': 121761, 'valid': True}, 'temperature.png': {'exists': True, 'size_bytes': 135596, 'valid': True}}, 'invalid': []}",F:\pyProject\fipy_naca0012_2.0\七参数_几何掩码代理优化\comsol_results_1000_extra\case_30279\cfd_solution
30280,0.0337940467623046,0.5266388727494689,0.105048305575794,1.1257575942964433,0.93726025958112,0.7747125557749072,-3.566718127227694,True,,35.705048,0.086567,1.2985000000000007,18.425726,1710.517733152,"{'complete': True, 'min_image_bytes': 20000, 'files': {'velocity_magnitude.png': {'exists': True, 'size_bytes': 151171, 'valid': True}, 'pressure.png': {'exists': True, 'size_bytes': 102382, 'valid': True}, 'temperature.png': {'exists': True, 'size_bytes': 123130, 'valid': True}}, 'invalid': []}",F:\pyProject\fipy_naca0012_2.0\七参数_几何掩码代理优化\comsol_results_1000_extra\case_30280\cfd_solution
30281,0.0335588925603015,0.5026884039875515,0.0919995858387387,0.5661989705378916,1.168982163348129,0.1138214893888221,-5.207069515048172,True,,24.059851,0.062813,0.9421939999999998,23.949285,1498.162195617,"{'complete': True, 'min_image_bytes': 20000, 'files': {'velocity_magnitude.png': {'exists': True, 'size_bytes': 157500, 'valid': True}, 'pressure.png': {'exists': True, 'size_bytes': 109730, 'valid': True}, 'temperature.png': {'exists': True, 'size_bytes': 134293, 'valid': True}}, 'invalid': []}",F:\pyProject\fipy_naca0012_2.0\七参数_几何掩码代理优化\comsol_results_1000_extra\case_30281\cfd_solution
30282,0.0078429830320434,0.5894505293058281,0.125855778541099,0.9703891714088916,0.5527464647041826,0.5752653299595453,4.232966403561232,True,,36.603227,0.116346,1.745184,21.46561,2042.847506606,"{'complete': True, 'min_image_bytes': 20000, 'files': {'velocity_magnitude.png': {'exists': True, 'size_bytes': 128349, 'valid': True}, 'pressure.png': {'exists': True, 'size_bytes': 82671, 'valid': True}, 'temperature.png': {'exists': True, 'size_bytes': 105749, 'valid': True}}, 'invalid': []}",F:\pyProject\fipy_naca0012_2.0\七参数_几何掩码代理优化\comsol_results_1000_extra\case_30282\cfd_solution
30283,0.0293681721781424,0.2129656537506991,0.1422289525499098,1.4838395466438603,0.8600194368442429,0.497637183051818,1.504630717937513,True,,42.927684,0.102594,1.5389160000000004,20.747684,2315.690106157,"{'complete': True, 'min_image_bytes': 20000, 'files': {'velocity_magnitude.png': {'exists': True, 'size_bytes': 145950, 'valid': True}, 'pressure.png': {'exists': True, 'size_bytes': 99419, 'valid': True}, 'temperature.png': {'exists': True, 'size_bytes': 120747, 'valid': True}}, 'invalid': []}",F:\pyProject\fipy_naca0012_2.0\七参数_几何掩码代理优化\comsol_results_1000_extra\case_30283\cfd_solution
30284,0.0442981854659654,0.4196709462325431,0.0873995542836594,0.6957426722011305,0.692336336611975,0.5007553211427184,9.365647167870598,True,,26.957905,0.091967,1.3795020000000005,20.361508,1427.149378926,"{'complete': True, 'min_image_bytes': 20000, 'files': {'velocity_magnitude.png': {'exists': True, 'size_bytes': 152626, 'valid': True}, 'pressure.png': {'exists': True, 'size_bytes': 97437, 'valid': True}, 'temperature.png': {'exists': True, 'size_bytes': 122337, 'valid': True}}, 'invalid': []}",F:\pyProject\fipy_naca0012_2.0\七参数_几何掩码代理优化\comsol_results_1000_extra\case_30284\cfd_solution
30285,0.0282007983628051,0.4074519041054711,0.0987782978716696,0.6787739004496118,0.7876685322523874,0.85895235259205,5.862044890753001,True,,27.62597,0.073404,1.1010559999999998,22.381982,1607.642309516,"{'complete': True, 'min_image_bytes': 20000, 'files': {'velocity_magnitude.png': {'exists': True, 'size_bytes': 146603, 'valid': True}, 'pressure.png': {'exists': True, 'size_bytes': 96576, 'valid': True}, 'temperature.png': {'exists': True, 'size_bytes': 120074, 'valid': True}}, 'invalid': []}",F:\pyProject\fipy_naca0012_2.0\七参数_几何掩码代理优化\comsol_results_1000_extra\case_30285\cfd_solution
30286,0.0467453366396824,0.3200110391975763,0.0899458292913081,0.9370802388861597,1.0728384346155169,0.5359246866154318,9.274120399484186,True,,26.369584,0.074643,1.119643,21.438721,1469.858383313,"{'complete': True, 'min_image_bytes': 20000, 'files': {'velocity_magnitude.png': {'exists': True, 'size_bytes': 163411, 'valid': True}, 'pressure.png': {'exists': True, 'size_bytes': 117707, 'valid': True}, 'temperature.png': {'exists': True, 'size_bytes': 134711, 'valid': True}}, 'invalid': []}",F:\pyProject\fipy_naca0012_2.0\七参数_几何掩码代理优化\comsol_results_1000_extra\case_30286\cfd_solution
30287,0.0347219437735216,0.2484456871977633,0.0887555006146144,0.889053382931321,0.5758843504716675,0.9953675801333276,3.957030676814215,True,,31.283783,0.078177,1.1726519999999994,17.799006,1447.732634815,"{'complete': True, 'min_image_bytes': 20000, 'files': {'velocity_magnitude.png': {'exists': True, 'size_bytes': 128879, 'valid': True}, 'pressure.png': {'exists': True, 'size_bytes': 85272, 'valid': True}, 'temperature.png': {'exists': True, 'size_bytes': 103251, 'valid': True}}, 'invalid': []}",F:\pyProject\fipy_naca0012_2.0\七参数_几何掩码代理优化\comsol_results_1000_extra\case_30287\cfd_solution
30288,0.0397781803273615,0.240058674229998,0.09245864782933,0.8461734646693045,0.8728356082147921,0.4383275072163669,-4.969543556863597,True,,31.785797,0.091354,1.370315999999999,18.253042,1508.487468274,"{'complete': True, 'min_image_bytes': 20000, 'files': {'velocity_magnitude.png': {'exists': True, 'size_bytes': 151881, 'valid': True}, 'pressure.png': {'exists': True, 'size_bytes': 97556, 'valid': True}, 'temperature.png': {'exists': True, 'size_bytes': 126724, 'valid': True}}, 'invalid': []}",F:\pyProject\fipy_naca0012_2.0\七参数_几何掩码代理优化\comsol_results_1000_extra\case_30288\cfd_solution
30289,0.019279006637828,0.2377018816788059,0.1432098630730651,1.0006429898259022,0.7284790734278137,0.7894453285614802,-1.1903400263538817,True,,41.045688,0.113307,1.6996120000000001,21.785221,2324.892438097,"{'complete': True, 'min_image_bytes': 20000, 'files': {'velocity_magnitude.png': {'exists': True, 'size_bytes': 136092, 'valid': True}, 'pressure.png': {'exists': True, 'size_bytes': 91898, 'valid': True}, 'temperature.png': {'exists': True, 'size_bytes': 119774, 'valid': True}}, 'invalid': []}",F:\pyProject\fipy_naca0012_2.0\七参数_几何掩码代理优化\comsol_results_1000_extra\case_30289\cfd_solution
30290,0.0182541879842933,0.5723566244197842,0.1131780617103754,1.280506051811567,1.0886627901351278,0.0678094819818285,6.090872787612742,True,,32.827114,0.079692,1.195378999999999,21.542274,1838.643756397,"{'complete': True, 'min_image_bytes': 20000, 'files': {'velocity_magnitude.png': {'exists': True, 'size_bytes': 161508, 'valid': True}, 'pressure.png': {'exists': True, 'size_bytes': 118830, 'valid': True}, 'temperature.png': {'exists': True, 'size_bytes': 128771, 'valid': True}}, 'invalid': []}",F:\pyProject\fipy_naca0012_2.0\七参数_几何掩码代理优化\comsol_results_1000_extra\case_30290\cfd_solution
30291,0.0097873272948788,0.5542118383019812,0.1199320783311395,1.3208175447786994,0.78678544782204,0.9047684486901314,-3.268790896140551,True,,41.649784,0.097862,1.467924,17.983766,1947.451896111,"{'complete': True, 'min_image_bytes': 20000, 'files': {'velocity_magnitude.png': {'exists': True, 'size_bytes': 140512, 'valid': True}, 'pressure.png': {'exists': True, 'size_bytes': 91853, 'valid': True}, 'temperature.png': {'exists': True, 'size_bytes': 120143, 'valid': True}}, 'invalid': []}",F:\pyProject\fipy_naca0012_2.0\七参数_几何掩码代理优化\comsol_results_1000_extra\case_30291\cfd_solution
30292,0.0054575873084036,0.2622970395849224,0.1172232498233371,0.843014690507001,1.1571862778738242,0.3513197914219274,8.908361400455334,True,,29.886323,0.082096,1.2314430000000005,24.488327,1902.851704171,"{'complete': True, 'min_image_bytes': 20000, 'files': {'velocity_magnitude.png': {'exists': True, 'size_bytes': 168438, 'valid': True}, 'pressure.png': {'exists': True, 'size_bytes': 118507, 'valid': True}, 'temperature.png': {'exists': True, 'size_bytes': 139513, 'valid': True}}, 'invalid': []}",F:\pyProject\fipy_naca0012_2.0\七参数_几何掩码代理优化\comsol_results_1000_extra\case_30292\cfd_solution
30293,0.0426418998728062,0.5741965369458625,0.0982571254931823,0.7663151128506542,0.740937575585316,0.7280491674747583,6.955827782875069,True,,30.764973,0.093004,1.395054,20.023497,1601.65809034,"{'complete': True, 'min_image_bytes': 20000, 'files': {'velocity_magnitude.png': {'exists': True, 'size_bytes': 151850, 'valid': True}, 'pressure.png': {'exists': True, 'size_bytes': 96918, 'valid': True}, 'temperature.png': {'exists': True, 'size_bytes': 124096, 'valid': True}}, 'invalid': []}",F:\pyProject\fipy_naca0012_2.0\七参数_几何掩码代理优化\comsol_results_1000_extra\case_30293\cfd_solution
30294,0.0316977634923199,0.5336895090673189,0.1063392092563381,1.0779282833871844,0.8530450444858177,0.0307514670904315,-6.715673049297664,True,,37.327304,0.10985,1.647748,17.836113,1731.012412733,"{'complete': True, 'min_image_bytes': 20000, 'files': {'velocity_magnitude.png': {'exists': True, 'size_bytes': 157773, 'valid': True}, 'pressure.png': {'exists': True, 'size_bytes': 100799, 'valid': True}, 'temperature.png': {'exists': True, 'size_bytes': 135646, 'valid': True}}, 'invalid': []}",F:\pyProject\fipy_naca0012_2.0\七参数_几何掩码代理优化\comsol_results_1000_extra\case_30294\cfd_solution
30295,0.0231972509769957,0.5786522788544499,0.0949831686162512,1.1883517348325612,0.8579446407560305,0.0220078441445209,-4.846218038175211,True,,37.151495,0.095069,1.4260359999999999,15.994334,1544.954914069,"{'complete': True, 'min_image_bytes': 20000, 'files': {'velocity_magnitude.png': {'exists': True, 'size_bytes': 151049, 'valid': True}, 'pressure.png': {'exists': True, 'size_bytes': 97880, 'valid': True}, 'temperature.png': {'exists': True, 'size_bytes': 126020, 'valid': True}}, 'invalid': []}",F:\pyProject\fipy_naca0012_2.0\七参数_几何掩码代理优化\comsol_results_1000_extra\case_30295\cfd_solution
30296,0.0446853131626451,0.2091272569645195,0.085805772950228,1.3359571645352788,0.8161576521721636,0.8473512494868737,-7.46081306782412,True,,37.509707,0.107732,1.6159750000000006,14.390109,1403.398786962,"{'complete': True, 'min_image_bytes': 20000, 'files': {'velocity_magnitude.png': {'exists': True, 'size_bytes': 151483, 'valid': True}, 'pressure.png': {'exists': True, 'size_bytes': 98464, 'valid': True}, 'temperature.png': {'exists': True, 'size_bytes': 123804, 'valid': True}}, 'invalid': []}",F:\pyProject\fipy_naca0012_2.0\七参数_几何掩码代理优化\comsol_results_1000_extra\case_30296\cfd_solution
30297,0.0312384991712565,0.2157483589231027,0.1326689590204211,1.054951794225828,0.8275433449140647,0.0691768111659673,8.360758692791737,True,,34.287939,0.100483,1.5072390000000002,24.213203,2158.574181456,"{'complete': True, 'min_image_bytes': 20000, 'files': {'velocity_magnitude.png': {'exists': True, 'size_bytes': 157461, 'valid': True}, 'pressure.png': {'exists': True, 'size_bytes': 105969, 'valid': True}, 'temperature.png': {'exists': True, 'size_bytes': 130021, 'valid': True}}, 'invalid': []}",F:\pyProject\fipy_naca0012_2.0\七参数_几何掩码代理优化\comsol_results_1000_extra\case_30297\cfd_solution
30298,0.0022497788968497,0.4873593198215266,0.1301453738749111,1.1012347934733484,0.5504313496566636,0.2123494038247464,9.47182079904557,True,,37.445694,0.142082,2.131233999999999,21.693788,2112.081255861,"{'complete': True, 'min_image_bytes': 20000, 'files': {'velocity_magnitude.png': {'exists': True, 'size_bytes': 131916, 'valid': True}, 'pressure.png': {'exists': True, 'size_bytes': 86114, 'valid': True}, 'temperature.png': {'exists': True, 'size_bytes': 110712, 'valid': True}}, 'invalid': []}",F:\pyProject\fipy_naca0012_2.0\七参数_几何掩码代理优化\comsol_results_1000_extra\case_30298\cfd_solution
30299,0.0268888985033882,0.2267080329669336,0.138762460879076,1.2854025197757446,1.012960843932588,0.864228429457089,-2.5476968269528677,True,,39.879598,0.093712,1.4056819999999988,21.753074,2255.509992621,"{'complete': True, 'min_image_bytes': 20000, 'files': {'velocity_magnitude.png': {'exists': True, 'size_bytes': 154955, 'valid': True}, 'pressure.png': {'exists': True, 'size_bytes': 106705, 'valid': True}, 'temperature.png': {'exists': True, 'size_bytes': 125214, 'valid': True}}, 'invalid': []}",F:\pyProject\fipy_naca0012_2.0\七参数_几何掩码代理优化\comsol_results_1000_extra\case_30299\cfd_solution
30300,0.0327828841927956,0.4419938638381257,0.1096038024442801,0.750614429147856,1.1498495678118954,0.0843012192926759,-6.11705766582884,True,,28.938152,0.078531,1.177969,23.729298,1785.373297609,"{'complete': True, 'min_image_bytes': 20000, 'files': {'velocity_magnitude.png': {'exists': True, 'size_bytes': 167216, 'valid': True}, 'pressure.png': {'exists': True, 'size_bytes': 113488, 'valid': True}, 'temperature.png': {'exists': True, 'size_bytes': 137893, 'valid': True}}, 'invalid': []}",F:\pyProject\fipy_naca0012_2.0\七参数_几何掩码代理优化\comsol_results_1000_extra\case_30300\cfd_solution
30301,0.0308153412210089,0.5865268523305575,0.135883825421306,0.6140089610877991,0.5832925939780396,0.7509263915517783,-1.5904682602388558,True,,35.573359,0.113363,1.700443,23.895451,2210.107812472,"{'complete': True, 'min_image_bytes': 20000, 'files': {'velocity_magnitude.png': {'exists': True, 'size_bytes': 129473, 'valid': True}, 'pressure.png': {'exists': True, 'size_bytes': 86621, 'valid': True}, 'temperature.png': {'exists': True, 'size_bytes': 113650, 'valid': True}}, 'invalid': []}",F:\pyProject\fipy_naca0012_2.0\七参数_几何掩码代理优化\comsol_results_1000_extra\case_30301\cfd_solution
30302,0.0417304768507088,0.3372993759821634,0.0945988991168686,1.0433879419929672,1.1425168267149726,0.9569895773047868,5.686724780946886,True,,27.338284,0.061133,0.916989,21.711279,1543.227687988,"{'complete': True, 'min_image_bytes': 20000, 'files': {'velocity_magnitude.png': {'exists': True, 'size_bytes': 152747, 'valid': True}, 'pressure.png': {'exists': True, 'size_bytes': 117437, 'valid': True}, 'temperature.png': {'exists': True, 'size_bytes': 125693, 'valid': True}}, 'invalid': []}",F:\pyProject\fipy_naca0012_2.0\七参数_几何掩码代理优化\comsol_results_1000_extra\case_30302\cfd_solution
30303,0.0385067771944978,0.2527642960924745,0.0806059543658248,1.0958391372395218,0.5546198305268616,0.7736233090037125,0.329858981236562,True,,34.562016,0.081885,1.228268,14.642813,1315.821306781,"{'complete': True, 'min_image_bytes': 20000, 'files': {'velocity_magnitude.png': {'exists': True, 'size_bytes': 123051, 'valid': True}, 'pressure.png': {'exists': True, 'size_bytes': 80266, 'valid': True}, 'temperature.png': {'exists': True, 'size_bytes': 99459, 'valid': True}}, 'invalid': []}",F:\pyProject\fipy_naca0012_2.0\七参数_几何掩码代理优化\comsol_results_1000_extra\case_30303\cfd_solution
30304,0.0281492458540602,0.3312460520860578,0.0852375307721561,1.093055787067318,0.6101572848739515,0.0029173588979739,2.9451250280451085,True,,32.585337,0.079244,1.1886609999999997,16.390573,1388.640105137,"{'complete': True, 'min_image_bytes': 20000, 'files': {'velocity_magnitude.png': {'exists': True, 'size_bytes': 129412, 'valid': True}, 'pressure.png': {'exists': True, 'size_bytes': 86296, 'valid': True}, 'temperature.png': {'exists': True, 'size_bytes': 105742, 'valid': True}}, 'invalid': []}",F:\pyProject\fipy_naca0012_2.0\七参数_几何掩码代理优化\comsol_results_1000_extra\case_30304\cfd_solution
30305,0.011224374510457,0.562032055071103,0.1346575687177391,0.5324275874374901,0.7844852067057866,0.964376524813353,-3.372496084877639,True,,30.849398,0.087598,1.3139630000000002,27.265799,2186.947058706,"{'complete': True, 'min_image_bytes': 20000, 'files': {'velocity_magnitude.png': {'exists': True, 'size_bytes': 143895, 'valid': True}, 'pressure.png': {'exists': True, 'size_bytes': 95441, 'valid': True}, 'temperature.png': {'exists': True, 'size_bytes': 120785, 'valid': True}}, 'invalid': []}",F:\pyProject\fipy_naca0012_2.0\七参数_几何掩码代理优化\comsol_results_1000_extra\case_30305\cfd_solution
30306,0.0135724892934164,0.221829796292594,0.0871080520922362,0.7198078505956591,0.8389642550579501,0.203126550726185,-7.576760258102521,True,,28.374232,0.087131,1.3069700000000006,19.210006,1417.179831361,"{'complete': True, 'min_image_bytes': 20000, 'files': {'velocity_magnitude.png': {'exists': True, 'size_bytes': 157602, 'valid': True}, 'pressure.png': {'exists': True, 'size_bytes': 101328, 'valid': True}, 'temperature.png': {'exists': True, 'size_bytes': 128294, 'valid': True}}, 'invalid': []}",F:\pyProject\fipy_naca0012_2.0\七参数_几何掩码代理优化\comsol_results_1000_extra\case_30306\cfd_solution
30307,0.0356490318506608,0.4688298174802486,0.1282454122208876,0.8568981730148582,0.9840366901309484,0.3095681843143115,-6.874174198839216,True,,35.270185,0.104658,1.569875999999999,22.764515,2087.562483676,"{'complete': True, 'min_image_bytes': 20000, 'files': {'velocity_magnitude.png': {'exists': True, 'size_bytes': 167171, 'valid': True}, 'pressure.png': {'exists': True, 'size_bytes': 107085, 'valid': True}, 'temperature.png': {'exists': True, 'size_bytes': 142470, 'valid': True}}, 'invalid': []}",F:\pyProject\fipy_naca0012_2.0\七参数_几何掩码代理优化\comsol_results_1000_extra\case_30307\cfd_solution
30308,0.0226162589708371,0.2951119551343957,0.1479870609075909,0.8696573219779777,0.7545896422672956,0.1180025443305591,-4.695529491650166,True,,39.874989,0.129205,1.9380810000000004,23.179076,2403.090001597,"{'complete': True, 'min_image_bytes': 20000, 'files': {'velocity_magnitude.png': {'exists': True, 'size_bytes': 155417, 'valid': True}, 'pressure.png': {'exists': True, 'size_bytes': 94782, 'valid': True}, 'temperature.png': {'exists': True, 'size_bytes': 131888, 'valid': True}}, 'invalid': []}",F:\pyProject\fipy_naca0012_2.0\七参数_几何掩码代理优化\comsol_results_1000_extra\case_30308\cfd_solution
30309,0.0452197099417517,0.3307683811017558,0.1122243304055209,0.6894245815521365,0.7121551023216216,0.1271666108309344,-9.870403947818012,True,,35.889994,0.140733,2.1109899999999993,19.624989,1831.285922049,"{'complete': True, 'min_image_bytes': 20000, 'files': {'velocity_magnitude.png': {'exists': True, 'size_bytes': 162882, 'valid': True}, 'pressure.png': {'exists': True, 'size_bytes': 95745, 'valid': True}, 'temperature.png': {'exists': True, 'size_bytes': 142395, 'valid': True}}, 'invalid': []}",F:\pyProject\fipy_naca0012_2.0\七参数_几何掩码代理优化\comsol_results_1000_extra\case_30309\cfd_solution
30310,0.0176691568337315,0.5652770680272508,0.1013387394427282,0.9965836002627644,0.9461731319654928,0.7867932806152861,-2.8572872505096,True,,32.765629,0.075437,1.1315620000000006,19.339841,1647.573365137,"{'complete': True, 'min_image_bytes': 20000, 'files': {'velocity_magnitude.png': {'exists': True, 'size_bytes': 143826, 'valid': True}, 'pressure.png': {'exists': True, 'size_bytes': 100877, 'valid': True}, 'temperature.png': {'exists': True, 'size_bytes': 118259, 'valid': True}}, 'invalid': []}",F:\pyProject\fipy_naca0012_2.0\七参数_几何掩码代理优化\comsol_results_1000_extra\case_30310\cfd_solution
30311,0.0006923344998027,0.2928426717533634,0.1305938684656716,1.4975110476703963,1.1112401911444645,0.3905736120148945,-1.9760712735332664,True,,39.715542,0.083747,1.256203000000001,20.528071,2119.737048366,"{'complete': True, 'min_image_bytes': 20000, 'files': {'velocity_magnitude.png': {'exists': True, 'size_bytes': 153459, 'valid': True}, 'pressure.png': {'exists': True, 'size_bytes': 109764, 'valid': True}, 'temperature.png': {'exists': True, 'size_bytes': 121855, 'valid': True}}, 'invalid': []}",F:\pyProject\fipy_naca0012_2.0\七参数_几何掩码代理优化\comsol_results_1000_extra\case_30311\cfd_solution
30312,0.0440867027161533,0.490121339612785,0.1217686804377045,0.7788927035390845,0.9571485281041434,0.5204746556695956,-6.295884049102934,True,,34.710997,0.103758,1.5563729999999998,21.994978,1985.015825631,"{'complete': True, 'min_image_bytes': 20000, 'files': {'velocity_magnitude.png': {'exists': True, 'size_bytes': 167142, 'valid': True}, 'pressure.png': {'exists': True, 'size_bytes': 104624, 'valid': True}, 'temperature.png': {'exists': True, 'size_bytes': 142356, 'valid': True}}, 'invalid': []}",F:\pyProject\fipy_naca0012_2.0\七参数_几何掩码代理优化\comsol_results_1000_extra\case_30312\cfd_solution
30313,0.0173393830151337,0.3003350677373589,0.1436989774278821,0.8315101037856616,0.5223221872257834,0.7350268391208316,8.349567778223982,True,,32.904072,0.130612,1.9591790000000007,27.282185,2334.006949624,"{'complete': True, 'min_image_bytes': 20000, 'files': {'velocity_magnitude.png': {'exists': True, 'size_bytes': 130654, 'valid': True}, 'pressure.png': {'exists': True, 'size_bytes': 84746, 'valid': True}, 'temperature.png': {'exists': True, 'size_bytes': 107893, 'valid': True}}, 'invalid': []}",F:\pyProject\fipy_naca0012_2.0\七参数_几何掩码代理优化\comsol_results_1000_extra\case_30313\cfd_solution
30314,0.0370292607877166,0.2916434192909421,0.1292521479669399,0.5919951025579524,1.0343108014788909,0.1503385414958588,-2.04544584642024,True,,27.498415,0.074436,1.116543,29.450112,2105.561658205,"{'complete': True, 'min_image_bytes': 20000, 'files': {'velocity_magnitude.png': {'exists': True, 'size_bytes': 152617, 'valid': True}, 'pressure.png': {'exists': True, 'size_bytes': 101280, 'valid': True}, 'temperature.png': {'exists': True, 'size_bytes': 125175, 'valid': True}}, 'invalid': []}",F:\pyProject\fipy_naca0012_2.0\七参数_几何掩码代理优化\comsol_results_1000_extra\case_30314\cfd_solution
30315,0.0304353278546695,0.4882189306182564,0.1118238686020281,0.6515406286025149,0.5564995753642851,0.7318048138307932,6.972448242214654,True,,30.107134,0.103571,1.5535689999999995,23.244263,1819.5271862,"{'complete': True, 'min_image_bytes': 20000, 'files': {'velocity_magnitude.png': {'exists': True, 'size_bytes': 138086, 'valid': True}, 'pressure.png': {'exists': True, 'size_bytes': 86897, 'valid': True}, 'temperature.png': {'exists': True, 'size_bytes': 113435, 'valid': True}}, 'invalid': []}",F:\pyProject\fipy_naca0012_2.0\七参数_几何掩码代理优化\comsol_results_1000_extra\case_30315\cfd_solution
30316,0.0331141583649161,0.4738519312300083,0.1390481399809775,1.1706825185247096,0.7624461268899076,0.939298430158393,-0.9271405364815593,True,,43.043513,0.1085,1.627497,20.202862,2260.965591865,"{'complete': True, 'min_image_bytes': 20000, 'files': {'velocity_magnitude.png': {'exists': True, 'size_bytes': 138885, 'valid': True}, 'pressure.png': {'exists': True, 'size_bytes': 91636, 'valid': True}, 'temperature.png': {'exists': True, 'size_bytes': 119374, 'valid': True}}, 'invalid': []}",F:\pyProject\fipy_naca0012_2.0\七参数_几何掩码代理优化\comsol_results_1000_extra\case_30316\cfd_solution
30317,0.0315047376092986,0.3673504838892318,0.0830800652987075,1.3054165641147533,0.8509360293913455,0.1947167591635804,-6.953086202588168,True,,35.656999,0.095584,1.4337560000000007,14.605488,1354.048413059,"{'complete': True, 'min_image_bytes': 20000, 'files': {'velocity_magnitude.png': {'exists': True, 'size_bytes': 153036, 'valid': True}, 'pressure.png': {'exists': True, 'size_bytes': 99578, 'valid': True}, 'temperature.png': {'exists': True, 'size_bytes': 123765, 'valid': True}}, 'invalid': []}",F:\pyProject\fipy_naca0012_2.0\七参数_几何掩码代理优化\comsol_results_1000_extra\case_30317\cfd_solution
30318,0.0188988342858116,0.2593460322804558,0.1143536557187851,1.395793791176871,0.7335172407521681,0.3764358976930321,6.15125950353238,True,,38.069013,0.098653,1.4797969999999996,18.776096,1858.447321588,"{'complete': True, 'min_image_bytes': 20000, 'files': {'velocity_magnitude.png': {'exists': True, 'size_bytes': 141829, 'valid': True}, 'pressure.png': {'exists': True, 'size_bytes': 91424, 'valid': True}, 'temperature.png': {'exists': True, 'size_bytes': 115131, 'valid': True}}, 'invalid': []}",F:\pyProject\fipy_naca0012_2.0\七参数_几何掩码代理优化\comsol_results_1000_extra\case_30318\cfd_solution
30319,0.0284099385516584,0.4265408235058922,0.0908346984420443,1.327383565380922,1.1205962678845032,0.2108864732918383,-9.50671499711824,True,,35.094021,0.096049,1.4407320000000006,16.20483,1478.600845656,"{'complete': True, 'min_image_bytes': 20000, 'files': {'velocity_magnitude.png': {'exists': True, 'size_bytes': 173823, 'valid': True}, 'pressure.png': {'exists': True, 'size_bytes': 116875, 'valid': True}, 'temperature.png': {'exists': True, 'size_bytes': 141058, 'valid': True}}, 'invalid': []}",F:\pyProject\fipy_naca0012_2.0\七参数_几何掩码代理优化\comsol_results_1000_extra\case_30319\cfd_solution
30320,0.0145784673473299,0.4834252823452583,0.129752846611917,0.7214148631164079,0.6671371629919739,0.2171727637434729,4.167693993857496,True,,31.458336,0.097156,1.4573429999999998,25.771427,2107.888185593,"{'complete': True, 'min_image_bytes': 20000, 'files': {'velocity_magnitude.png': {'exists': True, 'size_bytes': 138122, 'valid': True}, 'pressure.png': {'exists': True, 'size_bytes': 91887, 'valid': True}, 'temperature.png': {'exists': True, 'size_bytes': 117730, 'valid': True}}, 'invalid': []}",F:\pyProject\fipy_naca0012_2.0\七参数_几何掩码代理优化\comsol_results_1000_extra\case_30320\cfd_solution
30321,0.0254540468140433,0.5535910785013483,0.0867536663440706,0.8274340572721909,0.7014236361551679,0.9970733922292874,-2.369487378829501,True,,32.005541,0.077748,1.1662250000000007,16.974292,1412.505680135,"{'complete': True, 'min_image_bytes': 20000, 'files': {'velocity_magnitude.png': {'exists': True, 'size_bytes': 127979, 'valid': True}, 'pressure.png': {'exists': True, 'size_bytes': 89703, 'valid': True}, 'temperature.png': {'exists': True, 'size_bytes': 112990, 'valid': True}}, 'invalid': []}",F:\pyProject\fipy_naca0012_2.0\七参数_几何掩码代理优化\comsol_results_1000_extra\case_30321\cfd_solution
30322,0.0363285652304176,0.5421400025039351,0.1465799690330282,1.0131976935961524,0.7768165319272264,0.9344642057982632,6.588511868067389,True,,39.268307,0.119125,1.7868750000000002,23.345196,2383.488445179,"{'complete': True, 'min_image_bytes': 20000, 'files': {'velocity_magnitude.png': {'exists': True, 'size_bytes': 154656, 'valid': True}, 'pressure.png': {'exists': True, 'size_bytes': 99546, 'valid': True}, 'temperature.png': {'exists': True, 'size_bytes': 126572, 'valid': True}}, 'invalid': []}",F:\pyProject\fipy_naca0012_2.0\七参数_几何掩码代理优化\comsol_results_1000_extra\case_30322\cfd_solution
30323,0.0237561674828806,0.4747730336246565,0.1179175350141649,0.6553736134214452,0.9206375608989052,0.2482910694963469,7.227219870429277,True,,26.846199,0.077544,1.1631660000000004,27.468492,1917.303958658,"{'complete': True, 'min_image_bytes': 20000, 'files': {'velocity_magnitude.png': {'exists': True, 'size_bytes': 158857, 'valid': True}, 'pressure.png': {'exists': True, 'size_bytes': 107305, 'valid': True}, 'temperature.png': {'exists': True, 'size_bytes': 129406, 'valid': True}}, 'invalid': []}",F:\pyProject\fipy_naca0012_2.0\七参数_几何掩码代理优化\comsol_results_1000_extra\case_30323\cfd_solution
30324,0.0283163343123198,0.5072438862726503,0.125129365061294,0.6078059315635327,1.1630228618809468,0.7706954025150898,-0.08731452487973,True,,27.416945,0.064447,0.9666989999999998,28.550352,2035.184920436,"{'complete': True, 'min_image_bytes': 20000, 'files': {'velocity_magnitude.png': {'exists': True, 'size_bytes': 149712, 'valid': True}, 'pressure.png': {'exists': True, 'size_bytes': 115906, 'valid': True}, 'temperature.png': {'exists': True, 'size_bytes': 129301, 'valid': True}}, 'invalid': []}",F:\pyProject\fipy_naca0012_2.0\七参数_几何掩码代理优化\comsol_results_1000_extra\case_30324\cfd_solution
30325,0.0123688259248492,0.2911210705803463,0.1095294797575553,1.453902222054753,0.7740300940711183,0.3638328525495572,4.491102754520284,True,,39.834759,0.094226,1.4133880000000012,17.178906,1779.22564281,"{'complete': True, 'min_image_bytes': 20000, 'files': {'velocity_magnitude.png': {'exists': True, 'size_bytes': 141867, 'valid': True}, 'pressure.png': {'exists': True, 'size_bytes': 90161, 'valid': True}, 'temperature.png': {'exists': True, 'size_bytes': 115068, 'valid': True}}, 'invalid': []}",F:\pyProject\fipy_naca0012_2.0\七参数_几何掩码代理优化\comsol_results_1000_extra\case_30325\cfd_solution
30326,0.0460837787890534,0.2416399222297607,0.1413095197138105,1.08905514719025,1.0293000837308877,0.3164882252575466,-4.143266647187641,True,,39.686636,0.109103,1.636545,22.337471,2304.89760279,"{'complete': True, 'min_image_bytes': 20000, 'files': {'velocity_magnitude.png': {'exists': True, 'size_bytes': 165125, 'valid': True}, 'pressure.png': {'exists': True, 'size_bytes': 107408, 'valid': True}, 'temperature.png': {'exists': True, 'size_bytes': 140741, 'valid': True}}, 'invalid': []}",F:\pyProject\fipy_naca0012_2.0\七参数_几何掩码代理优化\comsol_results_1000_extra\case_30326\cfd_solution
30327,0.0186264497548501,0.2459863352135795,0.1289053697551691,0.5943142540076909,1.1529399122599546,0.5034923103022623,8.63290751343056,True,,25.312504,0.069741,1.0461149999999995,31.834629,2095.116842199,"{'complete': True, 'min_image_bytes': 20000, 'files': {'velocity_magnitude.png': {'exists': True, 'size_bytes': 164283, 'valid': True}, 'pressure.png': {'exists': True, 'size_bytes': 114815, 'valid': True}, 'temperature.png': {'exists': True, 'size_bytes': 139946, 'valid': True}}, 'invalid': []}",F:\pyProject\fipy_naca0012_2.0\七参数_几何掩码代理优化\comsol_results_1000_extra\case_30327\cfd_solution
30328,0.0242028303815862,0.4625686553543935,0.1373803654054305,1.0789205032698592,0.7058024521897488,0.1450036319341867,0.7957487196806294,True,,41.068082,0.119177,1.7876519999999996,20.899994,2231.638896816,"{'complete': True, 'min_image_bytes': 20000, 'files': {'velocity_magnitude.png': {'exists': True, 'size_bytes': 138683, 'valid': True}, 'pressure.png': {'exists': True, 'size_bytes': 89727, 'valid': True}, 'temperature.png': {'exists': True, 'size_bytes': 118353, 'valid': True}}, 'invalid': []}",F:\pyProject\fipy_naca0012_2.0\七参数_几何掩码代理优化\comsol_results_1000_extra\case_30328\cfd_solution
30329,0.0296293164239851,0.5545910041669262,0.1388105973629391,1.1768128391078263,0.6462454361378943,0.4770743543747297,9.007818733259036,True,,38.489845,0.131998,1.9799769999999999,22.542733,2255.932384626,"{'complete': True, 'min_image_bytes': 20000, 'files': {'velocity_magnitude.png': {'exists': True, 'size_bytes': 146419, 'valid': True}, 'pressure.png': {'exists': True, 'size_bytes': 91367, 'valid': True}, 'temperature.png': {'exists': True, 'size_bytes': 119046, 'valid': True}}, 'invalid': []}",F:\pyProject\fipy_naca0012_2.0\七参数_几何掩码代理优化\comsol_results_1000_extra\case_30329\cfd_solution
30330,0.0350262511860008,0.4427507414076163,0.0906342338463892,1.0030621322246558,1.1188304527890232,0.3582137260953443,6.732762010443913,True,,26.715941,0.066011,0.9901610000000005,21.256605,1476.514499241,"{'complete': True, 'min_image_bytes': 20000, 'files': {'velocity_magnitude.png': {'exists': True, 'size_bytes': 160855, 'valid': True}, 'pressure.png': {'exists': True, 'size_bytes': 119614, 'valid': True}, 'temperature.png': {'exists': True, 'size_bytes': 128176, 'valid': True}}, 'invalid': []}",F:\pyProject\fipy_naca0012_2.0\七参数_几何掩码代理优化\comsol_results_1000_extra\case_30330\cfd_solution
30331,0.0024184337987428,0.4468534046748172,0.1022360376484457,1.248670425600071,0.968800254647786,0.2354387224468952,9.967964282262637,True,,33.847408,0.097914,1.4687070000000002,18.878465,1661.366470413,"{'complete': True, 'min_image_bytes': 20000, 'files': {'velocity_magnitude.png': {'exists': True, 'size_bytes': 164065, 'valid': True}, 'pressure.png': {'exists': True, 'size_bytes': 112776, 'valid': True}, 'temperature.png': {'exists': True, 'size_bytes': 132480, 'valid': True}}, 'invalid': []}",F:\pyProject\fipy_naca0012_2.0\七参数_几何掩码代理优化\comsol_results_1000_extra\case_30331\cfd_solution
30332,0.0360421703964252,0.4289630141488402,0.1312394914117381,0.5770389827370443,1.0378461088297182,0.4271636120430774,3.352295456419484,True,,25.892478,0.067787,1.0168,31.736999,2136.548856836,"{'complete': True, 'min_image_bytes': 20000, 'files': {'velocity_magnitude.png': {'exists': True, 'size_bytes': 153261, 'valid': True}, 'pressure.png': {'exists': True, 'size_bytes': 112152, 'valid': True}, 'temperature.png': {'exists': True, 'size_bytes': 127905, 'valid': True}}, 'invalid': []}",F:\pyProject\fipy_naca0012_2.0\七参数_几何掩码代理优化\comsol_results_1000_extra\case_30332\cfd_solution
30333,0.0479837718613814,0.383931095103384,0.13803716207816,0.7875969405342391,0.8928620199698678,0.3617492543996816,-6.414255843689959,True,,36.837445,0.119549,1.793227,23.51214,2251.930636574,"{'complete': True, 'min_image_bytes': 20000, 'files': {'velocity_magnitude.png': {'exists': True, 'size_bytes': 165350, 'valid': True}, 'pressure.png': {'exists': True, 'size_bytes': 103092, 'valid': True}, 'temperature.png': {'exists': True, 'size_bytes': 144845, 'valid': True}}, 'invalid': []}",F:\pyProject\fipy_naca0012_2.0\七参数_几何掩码代理优化\comsol_results_1000_extra\case_30333\cfd_solution
30334,0.004531274225625,0.3235108043382496,0.0845054032723441,0.7765427338575117,0.5425358015389912,0.5106015194251032,-6.166397038465243,True,,30.968543,0.098152,1.4722819999999999,17.069071,1374.371124565,"{'complete': True, 'min_image_bytes': 20000, 'files': {'velocity_magnitude.png': {'exists': True, 'size_bytes': 127746, 'valid': True}, 'pressure.png': {'exists': True, 'size_bytes': 83263, 'valid': True}, 'temperature.png': {'exists': True, 'size_bytes': 108676, 'valid': True}}, 'invalid': []}",F:\pyProject\fipy_naca0012_2.0\七参数_几何掩码代理优化\comsol_results_1000_extra\case_30334\cfd_solution
30335,0.020785235438122,0.5171400644235169,0.1166307659069791,0.5201283030021377,0.581749747028469,0.3430711409207936,6.790225865311591,True,,28.825688,0.101443,1.521642,25.296947,1895.924955997,"{'complete': True, 'min_image_bytes': 20000, 'files': {'velocity_magnitude.png': {'exists': True, 'size_bytes': 137571, 'valid': True}, 'pressure.png': {'exists': True, 'size_bytes': 90202, 'valid': True}, 'temperature.png': {'exists': True, 'size_bytes': 116142, 'valid': True}}, 'invalid': []}",F:\pyProject\fipy_naca0012_2.0\七参数_几何掩码代理优化\comsol_results_1000_extra\case_30335\cfd_solution
30336,0.0496356486537951,0.2854475615764004,0.1146559049344173,1.0360309174297937,1.060013988969104,0.4337402127514113,6.828615760845654,True,,28.829601,0.072769,1.0915360000000005,24.980655,1872.474006742,"{'complete': True, 'min_image_bytes': 20000, 'files': {'velocity_magnitude.png': {'exists': True, 'size_bytes': 160066, 'valid': True}, 'pressure.png': {'exists': True, 'size_bytes': 116883, 'valid': True}, 'temperature.png': {'exists': True, 'size_bytes': 128270, 'valid': True}}, 'invalid': []}",F:\pyProject\fipy_naca0012_2.0\七参数_几何掩码代理优化\comsol_results_1000_extra\case_30336\cfd_solution
30337,0.0084304361096782,0.5255115858673347,0.0835541333251093,0.6675216307191254,0.5419988693993213,0.300921627776559,-0.70735136969199,True,,29.098763,0.076121,1.1418119999999998,17.962314,1358.970927274,"{'complete': True, 'min_image_bytes': 20000, 'files': {'velocity_magnitude.png': {'exists': True, 'size_bytes': 114351, 'valid': True}, 'pressure.png': {'exists': True, 'size_bytes': 81494, 'valid': True}, 'temperature.png': {'exists': True, 'size_bytes': 102263, 'valid': True}}, 'invalid': []}",F:\pyProject\fipy_naca0012_2.0\七参数_几何掩码代理优化\comsol_results_1000_extra\case_30337\cfd_solution
30338,0.0205177010902673,0.2874528953756758,0.111134700092585,1.2379505825213764,0.6435142754460392,0.3552085495908697,4.650264639742158,True,,37.49091,0.101647,1.5246969999999997,18.53066,1806.301465986,"{'complete': True, 'min_image_bytes': 20000, 'files': {'velocity_magnitude.png': {'exists': True, 'size_bytes': 137231, 'valid': True}, 'pressure.png': {'exists': True, 'size_bytes': 87434, 'valid': True}, 'temperature.png': {'exists': True, 'size_bytes': 109635, 'valid': True}}, 'invalid': []}",F:\pyProject\fipy_naca0012_2.0\七参数_几何掩码代理优化\comsol_results_1000_extra\case_30338\cfd_solution
30339,0.0436026798036781,0.3792783166568727,0.1400378651570289,1.389950961420186,0.8992757285030001,0.4451573611015985,1.466110460184794,True,,42.862293,0.105315,1.5797179999999997,20.475388,2281.817419179,"{'complete': True, 'min_image_bytes': 20000, 'files': {'velocity_magnitude.png': {'exists': True, 'size_bytes': 149730, 'valid': True}, 'pressure.png': {'exists': True, 'size_bytes': 102521, 'valid': True}, 'temperature.png': {'exists': True, 'size_bytes': 123290, 'valid': True}}, 'invalid': []}",F:\pyProject\fipy_naca0012_2.0\七参数_几何掩码代理优化\comsol_results_1000_extra\case_30339\cfd_solution
30340,0.0484563502650675,0.5860437413348638,0.142619088339211,0.6411445092087737,0.7264030113662285,0.4420206867767079,7.400100709571937,True,,33.365474,0.12033,1.804945,26.807662,2325.570909853,"{'complete': True, 'min_image_bytes': 20000, 'files': {'velocity_magnitude.png': {'exists': True, 'size_bytes': 160381, 'valid': True}, 'pressure.png': {'exists': True, 'size_bytes': 98149, 'valid': True}, 'temperature.png': {'exists': True, 'size_bytes': 135459, 'valid': True}}, 'invalid': []}",F:\pyProject\fipy_naca0012_2.0\七参数_几何掩码代理优化\comsol_results_1000_extra\case_30340\cfd_solution
30341,0.0133218418230863,0.587438174736532,0.0964276479651692,1.351036856319158,1.175954612083613,0.6743127721589971,-0.9174097250638696,True,,33.063347,0.062559,0.9383919999999994,18.234625,1567.534097057,"{'complete': True, 'min_image_bytes': 20000, 'files': {'velocity_magnitude.png': {'exists': True, 'size_bytes': 148868, 'valid': True}, 'pressure.png': {'exists': True, 'size_bytes': 114827, 'valid': True}, 'temperature.png': {'exists': True, 'size_bytes': 123899, 'valid': True}}, 'invalid': []}",F:\pyProject\fipy_naca0012_2.0\七参数_几何掩码代理优化\comsol_results_1000_extra\case_30341\cfd_solution
30342,0.008695047586225,0.2940146221349393,0.1162338071063002,1.0537193395890334,1.1729655054779324,0.7523115238236853,-7.969879119523656,True,,34.688473,0.092003,1.3800439999999998,20.925964,1887.313342293,"{'complete': True, 'min_image_bytes': 20000, 'files': {'velocity_magnitude.png': {'exists': True, 'size_bytes': 169219, 'valid': True}, 'pressure.png': {'exists': True, 'size_bytes': 118507, 'valid': True}, 'temperature.png': {'exists': True, 'size_bytes': 139549, 'valid': True}}, 'invalid': []}",F:\pyProject\fipy_naca0012_2.0\七参数_几何掩码代理优化\comsol_results_1000_extra\case_30342\cfd_solution
30343,0.0437133159233521,0.3586541015233582,0.1025643537827323,1.4718084299292022,0.6721584795142129,0.9405910120327974,3.965072168839264,True,,37.47615,0.084206,1.263091000000001,17.178026,1673.79232978,"{'complete': True, 'min_image_bytes': 20000, 'files': {'velocity_magnitude.png': {'exists': True, 'size_bytes': 135273, 'valid': True}, 'pressure.png': {'exists': True, 'size_bytes': 88088, 'valid': True}, 'temperature.png': {'exists': True, 'size_bytes': 107253, 'valid': True}}, 'invalid': []}",F:\pyProject\fipy_naca0012_2.0\七参数_几何掩码代理优化\comsol_results_1000_extra\case_30343\cfd_solution
30344,0.0288878925401129,0.5051902370381884,0.1084957370747318,0.6690474681898321,0.6750809797481434,0.3706176236273597,-1.0548246637467145,True,,32.473878,0.091471,1.372071,20.910576,1765.523437478,"{'complete': True, 'min_image_bytes': 20000, 'files': {'velocity_magnitude.png': {'exists': True, 'size_bytes': 130094, 'valid': True}, 'pressure.png': {'exists': True, 'size_bytes': 90209, 'valid': True}, 'temperature.png': {'exists': True, 'size_bytes': 117218, 'valid': True}}, 'invalid': []}",F:\pyProject\fipy_naca0012_2.0\七参数_几何掩码代理优化\comsol_results_1000_extra\case_30344\cfd_solution
30345,0.0076610144828301,0.4135324285123373,0.147764084656435,1.2501264577852669,0.9630160398755768,0.8056921587787376,7.342031346880752,True,,37.866156,0.101268,1.5190200000000011,24.325871,2394.930845497,"{'complete': True, 'min_image_bytes': 20000, 'files': {'velocity_magnitude.png': {'exists': True, 'size_bytes': 154942, 'valid': True}, 'pressure.png': {'exists': True, 'size_bytes': 101718, 'valid': True}, 'temperature.png': {'exists': True, 'size_bytes': 129114, 'valid': True}}, 'invalid': []}",F:\pyProject\fipy_naca0012_2.0\七参数_几何掩码代理优化\comsol_results_1000_extra\case_30345\cfd_solution
30346,0.0354040302988463,0.5918934186681009,0.0850872060478389,0.5748471197865214,1.097435875134062,0.7837259459808866,4.370140150794938,True,,22.590324,0.053785,0.8067719999999996,23.611087,1386.793484592,"{'complete': True, 'min_image_bytes': 20000, 'files': {'velocity_magnitude.png': {'exists': True, 'size_bytes': 149978, 'valid': True}, 'pressure.png': {'exists': True, 'size_bytes': 115863, 'valid': True}, 'temperature.png': {'exists': True, 'size_bytes': 125330, 'valid': True}}, 'invalid': []}",F:\pyProject\fipy_naca0012_2.0\七参数_几何掩码代理优化\comsol_results_1000_extra\case_30346\cfd_solution
30347,0.0095424371138927,0.4054055671401904,0.1462917665527407,1.4855273728479084,0.6160486807122261,0.0216897667927448,-2.835190749152994,True,,45.730307,0.149559,2.243385,19.944831,2371.416421249,"{'complete': True, 'min_image_bytes': 20000, 'files': {'velocity_magnitude.png': {'exists': True, 'size_bytes': 124996, 'valid': True}, 'pressure.png': {'exists': True, 'size_bytes': 79277, 'valid': True}, 'temperature.png': {'exists': True, 'size_bytes': 107124, 'valid': True}}, 'invalid': []}",F:\pyProject\fipy_naca0012_2.0\七参数_几何掩码代理优化\comsol_results_1000_extra\case_30347\cfd_solution
30348,0.0056835102347308,0.3754987277174774,0.1241572101329137,0.7170964677290775,0.8227639860391389,0.8375147719852472,0.2605018342671705,True,,33.113557,0.083367,1.2505110000000004,23.422137,2016.534701001,"{'complete': True, 'min_image_bytes': 20000, 'files': {'velocity_magnitude.png': {'exists': True, 'size_bytes': 135972, 'valid': True}, 'pressure.png': {'exists': True, 'size_bytes': 97123, 'valid': True}, 'temperature.png': {'exists': True, 'size_bytes': 119541, 'valid': True}}, 'invalid': []}",F:\pyProject\fipy_naca0012_2.0\七参数_几何掩码代理优化\comsol_results_1000_extra\case_30348\cfd_solution
30349,0.0203458136534974,0.3621706024116485,0.1150384942044219,1.1183208388300958,0.673789195233718,0.0951718137511499,1.963666483607721,True,,39.638375,0.108075,1.6211199999999995,18.136273,1869.120246648,"{'complete': True, 'min_image_bytes': 20000, 'files': {'velocity_magnitude.png': {'exists': True, 'size_bytes': 139026, 'valid': True}, 'pressure.png': {'exists': True, 'size_bytes': 88844, 'valid': True}, 'temperature.png': {'exists': True, 'size_bytes': 116476, 'valid': True}}, 'invalid': []}",F:\pyProject\fipy_naca0012_2.0\七参数_几何掩码代理优化\comsol_results_1000_extra\case_30349\cfd_solution
30350,0.0177781989077093,0.4376024956835496,0.0915744070174957,0.5642623283489632,1.1377274518873417,0.4749799125856423,1.947795319018777,True,,22.258102,0.049404,0.74106,25.733571,1489.229162537,"{'complete': True, 'min_image_bytes': 20000, 'files': {'velocity_magnitude.png': {'exists': True, 'size_bytes': 141510, 'valid': True}, 'pressure.png': {'exists': True, 'size_bytes': 112524, 'valid': True}, 'temperature.png': {'exists': True, 'size_bytes': 123364, 'valid': True}}, 'invalid': []}",F:\pyProject\fipy_naca0012_2.0\七参数_几何掩码代理优化\comsol_results_1000_extra\case_30350\cfd_solution
30351,0.0469899345143887,0.5700519936830758,0.086312750856441,1.3910218967223855,1.1910572286596022,0.8446318165976985,3.4973571953537625,True,,31.327698,0.060189,0.9028429999999998,17.301523,1409.243948636,"{'complete': True, 'min_image_bytes': 20000, 'files': {'velocity_magnitude.png': {'exists': True, 'size_bytes': 152315, 'valid': True}, 'pressure.png': {'exists': True, 'size_bytes': 116398, 'valid': True}, 'temperature.png': {'exists': True, 'size_bytes': 124901, 'valid': True}}, 'invalid': []}",F:\pyProject\fipy_naca0012_2.0\七参数_几何掩码代理优化\comsol_results_1000_extra\case_30351\cfd_solution
30352,0.0359735195052526,0.2778008508025846,0.1401638268031025,1.0989334537257718,0.7110084364255191,0.0512893535256547,5.201658122929111,True,,38.165771,0.115853,1.7377909999999996,22.986853,2281.008481912,"{'complete': True, 'min_image_bytes': 20000, 'files': {'velocity_magnitude.png': {'exists': True, 'size_bytes': 147000, 'valid': True}, 'pressure.png': {'exists': True, 'size_bytes': 97923, 'valid': True}, 'temperature.png': {'exists': True, 'size_bytes': 120915, 'valid': True}}, 'invalid': []}",F:\pyProject\fipy_naca0012_2.0\七参数_几何掩码代理优化\comsol_results_1000_extra\case_30352\cfd_solution
30353,0.0140917324151534,0.4110507147484558,0.1226908051493988,0.9563867562346796,1.0783798661112258,0.7551464900554573,8.733893385215385,True,,32.007132,0.087241,1.3086160000000007,23.939471,1992.207916844,"{'complete': True, 'min_image_bytes': 20000, 'files': {'velocity_magnitude.png': {'exists': True, 'size_bytes': 164945, 'valid': True}, 'pressure.png': {'exists': True, 'size_bytes': 113998, 'valid': True}, 'temperature.png': {'exists': True, 'size_bytes': 134986, 'valid': True}}, 'invalid': []}",F:\pyProject\fipy_naca0012_2.0\七参数_几何掩码代理优化\comsol_results_1000_extra\case_30353\cfd_solution
30354,0.0384095282793201,0.2692877356117473,0.1494091204562316,1.4080440496396327,0.982978643494264,0.1979052171002621,2.555051822310672,True,,42.806755,0.107109,1.6066389999999995,21.834591,2430.136767266,"{'complete': True, 'min_image_bytes': 20000, 'files': {'velocity_magnitude.png': {'exists': True, 'size_bytes': 158258, 'valid': True}, 'pressure.png': {'exists': True, 'size_bytes': 106641, 'valid': True}, 'temperature.png': {'exists': True, 'size_bytes': 129820, 'valid': True}}, 'invalid': []}",F:\pyProject\fipy_naca0012_2.0\七参数_几何掩码代理优化\comsol_results_1000_extra\case_30354\cfd_solution
30355,0.0491981269351395,0.2767584124194078,0.1382504203208752,1.4862946327256985,1.075319425324162,0.428753639024141,6.055239611077361,True,,37.809752,0.088768,1.3315210000000004,22.95731,2256.826521422,"{'complete': True, 'min_image_bytes': 20000, 'files': {'velocity_magnitude.png': {'exists': True, 'size_bytes': 163420, 'valid': True}, 'pressure.png': {'exists': True, 'size_bytes': 113670, 'valid': True}, 'temperature.png': {'exists': True, 'size_bytes': 128823, 'valid': True}}, 'invalid': []}",F:\pyProject\fipy_naca0012_2.0\七参数_几何掩码代理优化\comsol_results_1000_extra\case_30355\cfd_solution
30356,0.0155927480196623,0.4520707204586253,0.1198969270769599,0.7689102956159093,1.1591654819273178,0.4869265827379465,-3.001507814067958,True,,28.479033,0.069043,1.0356489999999994,26.312474,1948.31992976,"{'complete': True, 'min_image_bytes': 20000, 'files': {'velocity_magnitude.png': {'exists': True, 'size_bytes': 152548, 'valid': True}, 'pressure.png': {'exists': True, 'size_bytes': 111468, 'valid': True}, 'temperature.png': {'exists': True, 'size_bytes': 127995, 'valid': True}}, 'invalid': []}",F:\pyProject\fipy_naca0012_2.0\七参数_几何掩码代理优化\comsol_results_1000_extra\case_30356\cfd_solution
30357,0.0218439390997365,0.2385586732734418,0.1343670228256444,0.8511756785741534,0.5976154499012988,0.1046609778053359,-9.907450225042092,True,,36.62976,0.147452,2.211773000000001,22.93745,2184.502496503,"{'complete': True, 'min_image_bytes': 20000, 'files': {'velocity_magnitude.png': {'exists': True, 'size_bytes': 148479, 'valid': True}, 'pressure.png': {'exists': True, 'size_bytes': 91893, 'valid': True}, 'temperature.png': {'exists': True, 'size_bytes': 121391, 'valid': True}}, 'invalid': []}",F:\pyProject\fipy_naca0012_2.0\七参数_几何掩码代理优化\comsol_results_1000_extra\case_30357\cfd_solution
30358,0.0167763151743606,0.3996780583904206,0.1332428476536747,0.6326984579823417,0.5861658246035374,0.1156671894071761,2.0286399205229806,True,,32.087394,0.10754,1.6130940000000002,25.946853,2164.67398618,"{'complete': True, 'min_image_bytes': 20000, 'files': {'velocity_magnitude.png': {'exists': True, 'size_bytes': 130271, 'valid': True}, 'pressure.png': {'exists': True, 'size_bytes': 87142, 'valid': True}, 'temperature.png': {'exists': True, 'size_bytes': 110760, 'valid': True}}, 'invalid': []}",F:\pyProject\fipy_naca0012_2.0\七参数_几何掩码代理优化\comsol_results_1000_extra\case_30358\cfd_solution
30359,0.0108688098413581,0.5802892981244117,0.0803053207692351,1.3689688576015815,1.0516350542624286,0.705451021401218,7.252011745966346,True,,31.284141,0.071558,1.0733659999999992,16.055603,1305.942950735,"{'complete': True, 'min_image_bytes': 20000, 'files': {'velocity_magnitude.png': {'exists': True, 'size_bytes': 157687, 'valid': True}, 'pressure.png': {'exists': True, 'size_bytes': 109373, 'valid': True}, 'temperature.png': {'exists': True, 'size_bytes': 121983, 'valid': True}}, 'invalid': []}",F:\pyProject\fipy_naca0012_2.0\七参数_几何掩码代理优化\comsol_results_1000_extra\case_30359\cfd_solution
30360,0.0311932024800217,0.3892047489311731,0.0984338293689497,1.4333434293423848,0.6545966673262948,0.9913072507777392,7.141843922234692,True,,35.255153,0.090425,1.3563680000000016,17.488039,1603.013093561,"{'complete': True, 'min_image_bytes': 20000, 'files': {'velocity_magnitude.png': {'exists': True, 'size_bytes': 139261, 'valid': True}, 'pressure.png': {'exists': True, 'size_bytes': 88016, 'valid': True}, 'temperature.png': {'exists': True, 'size_bytes': 107617, 'valid': True}}, 'invalid': []}",F:\pyProject\fipy_naca0012_2.0\七参数_几何掩码代理优化\comsol_results_1000_extra\case_30360\cfd_solution
30361,0.0239774227116974,0.5460428697280245,0.0956601438498458,1.258948543114358,1.0679702530868358,0.4129306731237236,-6.599530028303287,True,,35.3323,0.087936,1.3190469999999994,16.939407,1556.121386336,"{'complete': True, 'min_image_bytes': 20000, 'files': {'velocity_magnitude.png': {'exists': True, 'size_bytes': 161444, 'valid': True}, 'pressure.png': {'exists': True, 'size_bytes': 108593, 'valid': True}, 'temperature.png': {'exists': True, 'size_bytes': 131544, 'valid': True}}, 'invalid': []}",F:\pyProject\fipy_naca0012_2.0\七参数_几何掩码代理优化\comsol_results_1000_extra\case_30361\cfd_solution
30362,0.0189400557831595,0.3598130836329521,0.0927048826745588,0.855334277451383,0.9603452196694054,0.8905716493682703,4.599428417645244,True,,27.660844,0.064529,0.9679390000000003,20.962901,1507.613997197,"{'complete': True, 'min_image_bytes': 20000, 'files': {'velocity_magnitude.png': {'exists': True, 'size_bytes': 145359, 'valid': True}, 'pressure.png': {'exists': True, 'size_bytes': 104769, 'valid': True}, 'temperature.png': {'exists': True, 'size_bytes': 118585, 'valid': True}}, 'invalid': []}",F:\pyProject\fipy_naca0012_2.0\七参数_几何掩码代理优化\comsol_results_1000_extra\case_30362\cfd_solution
30363,0.0476342900314693,0.541325926500892,0.1067096066334153,0.7327387969201251,0.9400334712233964,0.668542170038042,-8.982667165072268,True,,34.40136,0.108472,1.627085000000001,19.456765,1740.281858603,"{'complete': True, 'min_image_bytes': 20000, 'files': {'velocity_magnitude.png': {'exists': True, 'size_bytes': 169359, 'valid': True}, 'pressure.png': {'exists': True, 'size_bytes': 105277, 'valid': True}, 'temperature.png': {'exists': True, 'size_bytes': 145642, 'valid': True}}, 'invalid': []}",F:\pyProject\fipy_naca0012_2.0\七参数_几何掩码代理优化\comsol_results_1000_extra\case_30363\cfd_solution
30364,0.0486987425770115,0.3702866498193987,0.1237110561530448,0.703622499500467,0.884615540860373,0.9095111099061138,2.2834102493175283,True,,31.449833,0.080644,1.2096549999999997,24.694965,2019.296620942,"{'complete': True, 'min_image_bytes': 20000, 'files': {'velocity_magnitude.png': {'exists': True, 'size_bytes': 152764, 'valid': True}, 'pressure.png': {'exists': True, 'size_bytes': 104583, 'valid': True}, 'temperature.png': {'exists': True, 'size_bytes': 123987, 'valid': True}}, 'invalid': []}",F:\pyProject\fipy_naca0012_2.0\七参数_几何掩码代理优化\comsol_results_1000_extra\case_30364\cfd_solution
30365,0.0074070350673275,0.2081516020150063,0.1137455219643951,1.458054570678978,1.0026765895591958,0.6444248588891874,-0.0149228795772398,True,,38.269472,0.076878,1.1531640000000003,18.565451,1847.274058963,"{'complete': True, 'min_image_bytes': 20000, 'files': {'velocity_magnitude.png': {'exists': True, 'size_bytes': 137938, 'valid': True}, 'pressure.png': {'exists': True, 'size_bytes': 103828, 'valid': True}, 'temperature.png': {'exists': True, 'size_bytes': 115957, 'valid': True}}, 'invalid': []}",F:\pyProject\fipy_naca0012_2.0\七参数_几何掩码代理优化\comsol_results_1000_extra\case_30365\cfd_solution
30366,0.0477741429784095,0.5045602136320896,0.0940304543417325,1.337828079550656,0.8409705512490806,0.945833630678997,-6.780958065566152,True,,39.236181,0.102024,1.5303620000000002,15.044561,1534.756888842,"{'complete': True, 'min_image_bytes': 20000, 'files': {'velocity_magnitude.png': {'exists': True, 'size_bytes': 152747, 'valid': True}, 'pressure.png': {'exists': True, 'size_bytes': 99061, 'valid': True}, 'temperature.png': {'exists': True, 'size_bytes': 125467, 'valid': True}}, 'invalid': []}",F:\pyProject\fipy_naca0012_2.0\七参数_几何掩码代理优化\comsol_results_1000_extra\case_30366\cfd_solution
30367,0.021531703758931,0.2581462951464545,0.0928542715893665,0.5926122138947718,1.1926546667165452,0.6074819991661826,3.208346277913394,True,,21.788803,0.047107,0.706601,26.6757,1511.202118421,"{'complete': True, 'min_image_bytes': 20000, 'files': {'velocity_magnitude.png': {'exists': True, 'size_bytes': 143494, 'valid': True}, 'pressure.png': {'exists': True, 'size_bytes': 114560, 'valid': True}, 'temperature.png': {'exists': True, 'size_bytes': 124326, 'valid': True}}, 'invalid': []}",F:\pyProject\fipy_naca0012_2.0\七参数_几何掩码代理优化\comsol_results_1000_extra\case_30367\cfd_solution
30368,0.0333711432537436,0.472143793179108,0.082869187843341,1.2727858830808474,1.1411352401541697,0.7987331127614189,-8.505975425562449,True,,33.585423,0.087133,1.3069940000000004,15.459999,1349.999542057,"{'complete': True, 'min_image_bytes': 20000, 'files': {'velocity_magnitude.png': {'exists': True, 'size_bytes': 169606, 'valid': True}, 'pressure.png': {'exists': True, 'size_bytes': 116277, 'valid': True}, 'temperature.png': {'exists': True, 'size_bytes': 133918, 'valid': True}}, 'invalid': []}",F:\pyProject\fipy_naca0012_2.0\七参数_几何掩码代理优化\comsol_results_1000_extra\case_30368\cfd_solution
30369,0.0103160831375529,0.2439730365576905,0.1008161576531266,0.9019669506688814,0.973844349966249,0.3241812607078796,-7.95677082438173,True,,31.712325,0.093219,1.3982779999999995,19.873039,1638.572730723,"{'complete': True, 'min_image_bytes': 20000, 'files': {'velocity_magnitude.png': {'exists': True, 'size_bytes': 162940, 'valid': True}, 'pressure.png': {'exists': True, 'size_bytes': 106309, 'valid': True}, 'temperature.png': {'exists': True, 'size_bytes': 134605, 'valid': True}}, 'invalid': []}",F:\pyProject\fipy_naca0012_2.0\七参数_几何掩码代理优化\comsol_results_1000_extra\case_30369\cfd_solution
30370,0.0219916295275575,0.2241449727146246,0.0896151967581635,0.5518197886564389,1.100371179385121,0.2650868334008976,0.0801268107950985,True,,22.724839,0.050646,0.7596880000000001,24.691878,1458.909283889,"{'complete': True, 'min_image_bytes': 20000, 'files': {'velocity_magnitude.png': {'exists': True, 'size_bytes': 136302, 'valid': True}, 'pressure.png': {'exists': True, 'size_bytes': 105258, 'valid': True}, 'temperature.png': {'exists': True, 'size_bytes': 121472, 'valid': True}}, 'invalid': []}",F:\pyProject\fipy_naca0012_2.0\七参数_几何掩码代理优化\comsol_results_1000_extra\case_30370\cfd_solution
30371,0.0146895424056612,0.5514184710161348,0.1430119047647756,0.8851008904571744,0.8250775131742345,0.072959167719698,2.2517331987208173,True,,34.67126,0.100298,1.5044649999999997,25.740768,2320.40859718,"{'complete': True, 'min_image_bytes': 20000, 'files': {'velocity_magnitude.png': {'exists': True, 'size_bytes': 147233, 'valid': True}, 'pressure.png': {'exists': True, 'size_bytes': 99819, 'valid': True}, 'temperature.png': {'exists': True, 'size_bytes': 125170, 'valid': True}}, 'invalid': []}",F:\pyProject\fipy_naca0012_2.0\七参数_几何掩码代理优化\comsol_results_1000_extra\case_30371\cfd_solution
30372,0.0015629940204589,0.2496323875456484,0.119192621622777,0.953704579901093,0.5484000348522591,0.854912283212023,8.141919507913148,True,,35.193865,0.124143,1.8621479999999995,21.153806,1935.658873336,"{'complete': True, 'min_image_bytes': 20000, 'files': {'velocity_magnitude.png': {'exists': True, 'size_bytes': 130260, 'valid': True}, 'pressure.png': {'exists': True, 'size_bytes': 83830, 'valid': True}, 'temperature.png': {'exists': True, 'size_bytes': 107488, 'valid': True}}, 'invalid': []}",F:\pyProject\fipy_naca0012_2.0\七参数_几何掩码代理优化\comsol_results_1000_extra\case_30372\cfd_solution
30373,0.0040071486806623,0.5997978139422324,0.1321117400204566,0.867483940937162,1.0567975994135903,0.0047383477841656,-1.526087655847146,True,,30.731488,0.075839,1.1375799999999998,26.850171,2145.378846555,"{'complete': True, 'min_image_bytes': 20000, 'files': {'velocity_magnitude.png': {'exists': True, 'size_bytes': 149396, 'valid': True}, 'pressure.png': {'exists': True, 'size_bytes': 106057, 'valid': True}, 'temperature.png': {'exists': True, 'size_bytes': 125775, 'valid': True}}, 'invalid': []}",F:\pyProject\fipy_naca0012_2.0\七参数_几何掩码代理优化\comsol_results_1000_extra\case_30373\cfd_solution
30374,0.0093228703454775,0.544849445412166,0.1234451127877918,1.4908011191324448,0.6846312336290785,0.0185197681407357,4.636483516671952,True,,43.891634,0.12144,1.821594000000001,17.563294,2004.292302951,"{'complete': True, 'min_image_bytes': 20000, 'files': {'velocity_magnitude.png': {'exists': True, 'size_bytes': 137453, 'valid': True}, 'pressure.png': {'exists': True, 'size_bytes': 87714, 'valid': True}, 'temperature.png': {'exists': True, 'size_bytes': 112285, 'valid': True}}, 'invalid': []}",F:\pyProject\fipy_naca0012_2.0\七参数_几何掩码代理优化\comsol_results_1000_extra\case_30374\cfd_solution
30375,0.0141080387716389,0.4621055810099348,0.1384377739706301,1.1637174906298444,0.9886446896145158,0.0081713432564691,-6.21730513928938,True,,37.781319,0.104257,1.5638509999999997,22.876344,2247.176018853,"{'complete': True, 'min_image_bytes': 20000, 'files': {'velocity_magnitude.png': {'exists': True, 'size_bytes': 163952, 'valid': True}, 'pressure.png': {'exists': True, 'size_bytes': 106693, 'valid': True}, 'temperature.png': {'exists': True, 'size_bytes': 137044, 'valid': True}}, 'invalid': []}",F:\pyProject\fipy_naca0012_2.0\七参数_几何掩码代理优化\comsol_results_1000_extra\case_30375\cfd_solution
30376,0.0402398075545138,0.3081427277907332,0.1394322604133001,0.7117578182688644,0.8203529860885905,0.1378458880720977,-6.386703822603821,True,,35.880547,0.12149,1.8223439999999993,24.352761,2271.855017632,"{'complete': True, 'min_image_bytes': 20000, 'files': {'velocity_magnitude.png': {'exists': True, 'size_bytes': 163285, 'valid': True}, 'pressure.png': {'exists': True, 'size_bytes': 98824, 'valid': True}, 'temperature.png': {'exists': True, 'size_bytes': 143409, 'valid': True}}, 'invalid': []}",F:\pyProject\fipy_naca0012_2.0\七参数_几何掩码代理优化\comsol_results_1000_extra\case_30376\cfd_solution
30377,0.0178614881258241,0.3831318209790417,0.1335580801682279,0.7624815133394671,0.6975267373797941,0.9858183886182268,-7.696961138574203,True,,38.129727,0.129482,1.9422250000000005,21.874286,2168.557391034,"{'complete': True, 'min_image_bytes': 20000, 'files': {'velocity_magnitude.png': {'exists': True, 'size_bytes': 148975, 'valid': True}, 'pressure.png': {'exists': True, 'size_bytes': 93734, 'valid': True}, 'temperature.png': {'exists': True, 'size_bytes': 124081, 'valid': True}}, 'invalid': []}",F:\pyProject\fipy_naca0012_2.0\七参数_几何掩码代理优化\comsol_results_1000_extra\case_30377\cfd_solution
30378,0.005761649125141,0.4322105124521884,0.0948078539141672,1.051592813097882,0.7371677370586871,0.9211164204055444,5.023145028702045,True,,34.416457,0.085885,1.288278,17.219417,1540.841491471,"{'complete': True, 'min_image_bytes': 20000, 'files': {'velocity_magnitude.png': {'exists': True, 'size_bytes': 136730, 'valid': True}, 'pressure.png': {'exists': True, 'size_bytes': 91326, 'valid': True}, 'temperature.png': {'exists': True, 'size_bytes': 112936, 'valid': True}}, 'invalid': []}",F:\pyProject\fipy_naca0012_2.0\七参数_几何掩码代理优化\comsol_results_1000_extra\case_30378\cfd_solution
30379,0.0227212859688047,0.217253987505707,0.0862961365394284,0.9611625777576236,0.6064910940945158,0.3454281134929689,0.6257627589708505,True,,32.891573,0.08149,1.222347000000001,16.432313,1405.260006532,"{'complete': True, 'min_image_bytes': 20000, 'files': {'velocity_magnitude.png': {'exists': True, 'size_bytes': 123109, 'valid': True}, 'pressure.png': {'exists': True, 'size_bytes': 83662, 'valid': True}, 'temperature.png': {'exists': True, 'size_bytes': 105772, 'valid': True}}, 'invalid': []}",F:\pyProject\fipy_naca0012_2.0\七参数_几何掩码代理优化\comsol_results_1000_extra\case_30379\cfd_solution
30380,0.0208994072274713,0.5398262822493987,0.1172433559335811,1.1343968934930049,1.050999918894795,0.3945549135389344,7.789918681109953,True,,33.153821,0.088361,1.325412000000001,22.097401,1904.79446542,"{'complete': True, 'min_image_bytes': 20000, 'files': {'velocity_magnitude.png': {'exists': True, 'size_bytes': 163705, 'valid': True}, 'pressure.png': {'exists': True, 'size_bytes': 114155, 'valid': True}, 'temperature.png': {'exists': True, 'size_bytes': 133429, 'valid': True}}, 'invalid': []}",F:\pyProject\fipy_naca0012_2.0\七参数_几何掩码代理优化\comsol_results_1000_extra\case_30380\cfd_solution
30381,0.0058266083912011,0.5476422680839623,0.1277915635042613,1.2618238517189746,0.7905976199652625,0.3032588097220262,-3.8013116422401136,True,,40.766595,0.105499,1.582491000000001,19.570441,2074.332597267,"{'complete': True, 'min_image_bytes': 20000, 'files': {'velocity_magnitude.png': {'exists': True, 'size_bytes': 144705, 'valid': True}, 'pressure.png': {'exists': True, 'size_bytes': 92610, 'valid': True}, 'temperature.png': {'exists': True, 'size_bytes': 121659, 'valid': True}}, 'invalid': []}",F:\pyProject\fipy_naca0012_2.0\七参数_几何掩码代理优化\comsol_results_1000_extra\case_30381\cfd_solution
30382,0.0487687260695151,0.3853994363196752,0.117098192201144,1.0142891726636574,0.9425003443812549,0.478614315776627,5.463660779125059,True,,32.647769,0.08495,1.274248,22.520152,1911.605057542,"{'complete': True, 'min_image_bytes': 20000, 'files': {'velocity_magnitude.png': {'exists': True, 'size_bytes': 159484, 'valid': True}, 'pressure.png': {'exists': True, 'size_bytes': 108830, 'valid': True}, 'temperature.png': {'exists': True, 'size_bytes': 128433, 'valid': True}}, 'invalid': []}",F:\pyProject\fipy_naca0012_2.0\七参数_几何掩码代理优化\comsol_results_1000_extra\case_30382\cfd_solution
30383,0.0213687173494474,0.2974693883537577,0.1071164033944481,0.8233872408587466,1.1975809034848612,0.5294723448402834,1.53811078186542,True,,26.485324,0.05758,0.8636970000000002,25.30001,1742.205249771,"{'complete': True, 'min_image_bytes': 20000, 'files': {'velocity_magnitude.png': {'exists': True, 'size_bytes': 149490, 'valid': True}, 'pressure.png': {'exists': True, 'size_bytes': 118347, 'valid': True}, 'temperature.png': {'exists': True, 'size_bytes': 126504, 'valid': True}}, 'invalid': []}",F:\pyProject\fipy_naca0012_2.0\七参数_几何掩码代理优化\comsol_results_1000_extra\case_30383\cfd_solution
30384,0.0104360353699391,0.2001974149636402,0.1102871307536005,1.115094829327753,0.9474051532057286,0.1084160091174673,7.962688550919609,True,,32.427332,0.089072,1.3360829999999986,21.255372,1792.062993545,"{'complete': True, 'min_image_bytes': 20000, 'files': {'velocity_magnitude.png': {'exists': True, 'size_bytes': 159844, 'valid': True}, 'pressure.png': {'exists': True, 'size_bytes': 111806, 'valid': True}, 'temperature.png': {'exists': True, 'size_bytes': 127567, 'valid': True}}, 'invalid': []}",F:\pyProject\fipy_naca0012_2.0\七参数_几何掩码代理优化\comsol_results_1000_extra\case_30384\cfd_solution
30385,0.0119294954285426,0.402691978338471,0.0878782757360277,0.8417952451527829,1.198604526312097,0.5896031785003731,1.6825376785664332,True,,24.369793,0.049029,0.7354309999999997,22.56213,1429.569532824,"{'complete': True, 'min_image_bytes': 20000, 'files': {'velocity_magnitude.png': {'exists': True, 'size_bytes': 147402, 'valid': True}, 'pressure.png': {'exists': True, 'size_bytes': 117431, 'valid': True}, 'temperature.png': {'exists': True, 'size_bytes': 124554, 'valid': True}}, 'invalid': []}",F:\pyProject\fipy_naca0012_2.0\七参数_几何掩码代理优化\comsol_results_1000_extra\case_30385\cfd_solution
30386,0.0065022235287919,0.3446384386315799,0.0865475748089382,1.198838278521021,0.5674767558311696,0.4645865072595225,1.2926019258621777,True,,36.015217,0.08619,1.2928529999999991,15.023752,1406.817618121,"{'complete': True, 'min_image_bytes': 20000, 'files': {'velocity_magnitude.png': {'exists': True, 'size_bytes': 122144, 'valid': True}, 'pressure.png': {'exists': True, 'size_bytes': 79928, 'valid': True}, 'temperature.png': {'exists': True, 'size_bytes': 97770, 'valid': True}}, 'invalid': []}",F:\pyProject\fipy_naca0012_2.0\七参数_几何掩码代理优化\comsol_results_1000_extra\case_30386\cfd_solution
30387,0.0493988211527424,0.2369283666446019,0.0838798444265319,0.5848557395216887,1.0254420358948404,0.9129104744079064,-2.120681504862901,True,,24.258609,0.060142,0.9021280000000003,21.777357,1373.549764952,"{'complete': True, 'min_image_bytes': 20000, 'files': {'velocity_magnitude.png': {'exists': True, 'size_bytes': 142287, 'valid': True}, 'pressure.png': {'exists': True, 'size_bytes': 101961, 'valid': True}, 'temperature.png': {'exists': True, 'size_bytes': 120297, 'valid': True}}, 'invalid': []}",F:\pyProject\fipy_naca0012_2.0\七参数_几何掩码代理优化\comsol_results_1000_extra\case_30387\cfd_solution
30388,0.0116612641671818,0.4905920467123001,0.1455685994564126,1.0900053145852162,0.6062755559022523,0.1165090871616958,-4.618168053089146,True,,41.492692,0.146541,2.1981189999999984,21.886555,2361.143442226,"{'complete': True, 'min_image_bytes': 20000, 'files': {'velocity_magnitude.png': {'exists': True, 'size_bytes': 131427, 'valid': True}, 'pressure.png': {'exists': True, 'size_bytes': 83220, 'valid': True}, 'temperature.png': {'exists': True, 'size_bytes': 114001, 'valid': True}}, 'invalid': []}",F:\pyProject\fipy_naca0012_2.0\七参数_几何掩码代理优化\comsol_results_1000_extra\case_30388\cfd_solution
30389,0.0200777373950335,0.3469700198097044,0.1374292074596653,1.2973146232618549,1.0539902935612968,0.9271192376347644,3.557586273304427,True,,36.565136,0.08101,1.2151460000000007,23.481988,2232.417408954,"{'complete': True, 'min_image_bytes': 20000, 'files': {'velocity_magnitude.png': {'exists': True, 'size_bytes': 153841, 'valid': True}, 'pressure.png': {'exists': True, 'size_bytes': 111058, 'valid': True}, 'temperature.png': {'exists': True, 'size_bytes': 124612, 'valid': True}}, 'invalid': []}",F:\pyProject\fipy_naca0012_2.0\七参数_几何掩码代理优化\comsol_results_1000_extra\case_30389\cfd_solution
30390,0.0272078291494374,0.5195895953825271,0.1045641481672515,1.4483454212465388,0.5023922119362813,0.4827974224314126,-9.263353334478898,True,,35.407537,0.123948,1.8592150000000025,18.483547,1701.587858676,"{'complete': True, 'min_image_bytes': 20000, 'files': {'velocity_magnitude.png': {'exists': True, 'size_bytes': 127492, 'valid': True}, 'pressure.png': {'exists': True, 'size_bytes': 79602, 'valid': True}, 'temperature.png': {'exists': True, 'size_bytes': 99331, 'valid': True}}, 'invalid': []}",F:\pyProject\fipy_naca0012_2.0\七参数_几何掩码代理优化\comsol_results_1000_extra\case_30390\cfd_solution
30391,0.0180550878047421,0.4043271924211925,0.1097786003292643,0.7601971783208371,0.7784468353467167,0.0242455461052895,3.3081281241172853,True,,29.93179,0.079267,1.188998999999999,22.930154,1784.485443002,"{'complete': True, 'min_image_bytes': 20000, 'files': {'velocity_magnitude.png': {'exists': True, 'size_bytes': 141125, 'valid': True}, 'pressure.png': {'exists': True, 'size_bytes': 99670, 'valid': True}, 'temperature.png': {'exists': True, 'size_bytes': 120313, 'valid': True}}, 'invalid': []}",F:\pyProject\fipy_naca0012_2.0\七参数_几何掩码代理优化\comsol_results_1000_extra\case_30391\cfd_solution
30392,0.016312817544322,0.2442826193986356,0.1459941647570434,0.5381494543679068,0.6314487953644315,0.1546911481739478,0.9897044756720454,True,,33.527305,0.118781,1.7817100000000003,27.194787,2370.596637169,"{'complete': True, 'min_image_bytes': 20000, 'files': {'velocity_magnitude.png': {'exists': True, 'size_bytes': 133851, 'valid': True}, 'pressure.png': {'exists': True, 'size_bytes': 88306, 'valid': True}, 'temperature.png': {'exists': True, 'size_bytes': 117706, 'valid': True}}, 'invalid': []}",F:\pyProject\fipy_naca0012_2.0\七参数_几何掩码代理优化\comsol_results_1000_extra\case_30392\cfd_solution
30393,0.0081756478970145,0.3810645701865313,0.0812234061922226,0.7963738394991933,0.8378260427523556,0.6404063682259644,6.478088686346943,True,,27.176685,0.070951,1.0642579999999997,18.69744,1321.149508208,"{'complete': True, 'min_image_bytes': 20000, 'files': {'velocity_magnitude.png': {'exists': True, 'size_bytes': 147985, 'valid': True}, 'pressure.png': {'exists': True, 'size_bytes': 98239, 'valid': True}, 'temperature.png': {'exists': True, 'size_bytes': 119641, 'valid': True}}, 'invalid': []}",F:\pyProject\fipy_naca0012_2.0\七参数_几何掩码代理优化\comsol_results_1000_extra\case_30393\cfd_solution
30394,0.0031864690251093,0.2655156953499279,0.1281172102175089,1.0735502597007736,0.7209583402245563,0.8214557899960074,-9.217531239359568,True,,41.463147,0.137422,2.0613249999999983,19.288883,2079.422253052,"{'complete': True, 'min_image_bytes': 20000, 'files': {'velocity_magnitude.png': {'exists': True, 'size_bytes': 149709, 'valid': True}, 'pressure.png': {'exists': True, 'size_bytes': 93946, 'valid': True}, 'temperature.png': {'exists': True, 'size_bytes': 122151, 'valid': True}}, 'invalid': []}",F:\pyProject\fipy_naca0012_2.0\七参数_几何掩码代理优化\comsol_results_1000_extra\case_30394\cfd_solution
30395,0.0244153329230053,0.2367287838990147,0.0824668835966499,0.6245567295139368,0.5230646553429188,0.2918320847615615,-3.619382616933733,True,,28.614864,0.086636,1.2995339999999995,18.053545,1343.159286774,"{'complete': True, 'min_image_bytes': 20000, 'files': {'velocity_magnitude.png': {'exists': True, 'size_bytes': 121210, 'valid': True}, 'pressure.png': {'exists': True, 'size_bytes': 81082, 'valid': True}, 'temperature.png': {'exists': True, 'size_bytes': 108847, 'valid': True}}, 'invalid': []}",F:\pyProject\fipy_naca0012_2.0\七参数_几何掩码代理优化\comsol_results_1000_extra\case_30395\cfd_solution
30396,0.0001053821018802,0.3056830963125728,0.1328743643926696,0.8328751888895531,0.954798988881802,0.4194029993502531,-7.0503214148658255,True,,32.859165,0.095696,1.435442,25.255705,2157.691607142,"{'complete': True, 'min_image_bytes': 20000, 'files': {'velocity_magnitude.png': {'exists': True, 'size_bytes': 162079, 'valid': True}, 'pressure.png': {'exists': True, 'size_bytes': 102595, 'valid': True}, 'temperature.png': {'exists': True, 'size_bytes': 135176, 'valid': True}}, 'invalid': []}",F:\pyProject\fipy_naca0012_2.0\七参数_几何掩码代理优化\comsol_results_1000_extra\case_30396\cfd_solution
30397,0.0100559249677133,0.5260690072319789,0.1365628394090568,1.3724901602573272,0.8814164989255014,0.2509082415361311,4.532315681279656,True,,41.314226,0.105261,1.5789230000000014,20.63573,2216.627952489,"{'complete': True, 'min_image_bytes': 20000, 'files': {'velocity_magnitude.png': {'exists': True, 'size_bytes': 151721, 'valid': True}, 'pressure.png': {'exists': True, 'size_bytes': 100218, 'valid': True}, 'temperature.png': {'exists': True, 'size_bytes': 123669, 'valid': True}}, 'invalid': []}",F:\pyProject\fipy_naca0012_2.0\七参数_几何掩码代理优化\comsol_results_1000_extra\case_30397\cfd_solution
30398,0.0341979610618997,0.4803514681479489,0.1322427113246373,1.1383676573875383,1.135724742469555,0.9800908909742072,3.6441803210302215,True,,33.667958,0.076546,1.1481900000000005,24.572215,2150.970427449,"{'complete': True, 'min_image_bytes': 20000, 'files': {'velocity_magnitude.png': {'exists': True, 'size_bytes': 158806, 'valid': True}, 'pressure.png': {'exists': True, 'size_bytes': 116151, 'valid': True}, 'temperature.png': {'exists': True, 'size_bytes': 128605, 'valid': True}}, 'invalid': []}",F:\pyProject\fipy_naca0012_2.0\七参数_几何掩码代理优化\comsol_results_1000_extra\case_30398\cfd_solution
30399,0.042242339874874,0.4862826026361367,0.1409388478198737,1.451130249271131,1.147799085072013,0.7220499671896647,-5.844596682207918,True,,41.834856,0.102925,1.5438690000000008,21.097187,2294.75420908,"{'complete': True, 'min_image_bytes': 20000, 'files': {'velocity_magnitude.png': {'exists': True, 'size_bytes': 167170, 'valid': True}, 'pressure.png': {'exists': True, 'size_bytes': 113908, 'valid': True}, 'temperature.png': {'exists': True, 'size_bytes': 141632, 'valid': True}}, 'invalid': []}",F:\pyProject\fipy_naca0012_2.0\七参数_几何掩码代理优化\comsol_results_1000_extra\case_30399\cfd_solution
30400,0.0375480423341192,0.3245578233356571,0.1350316961136808,0.5607875929616896,0.9035995446983264,0.4664009197589077,-8.562421490348822,True,,33.196749,0.116346,1.7451960000000009,25.48186,2199.378772402,"{'complete': True, 'min_image_bytes': 20000, 'files': {'velocity_magnitude.png': {'exists': True, 'size_bytes': 174130, 'valid': True}, 'pressure.png': {'exists': True, 'size_bytes': 104503, 'valid': True}, 'temperature.png': {'exists': True, 'size_bytes': 146731, 'valid': True}}, 'invalid': []}",F:\pyProject\fipy_naca0012_2.0\七参数_几何掩码代理优化\comsol_results_1000_extra\case_30400\cfd_solution
30401,0.0345191521037828,0.3320682417393072,0.1347863628763454,1.018966053477719,0.6659982082970866,0.3275643294471636,-4.358405878467599,True,,38.870316,0.122289,1.8343420000000012,21.712704,2194.347194274,"{'complete': True, 'min_image_bytes': 20000, 'files': {'velocity_magnitude.png': {'exists': True, 'size_bytes': 140645, 'valid': True}, 'pressure.png': {'exists': True, 'size_bytes': 89177, 'valid': True}, 'temperature.png': {'exists': True, 'size_bytes': 119102, 'valid': True}}, 'invalid': []}",F:\pyProject\fipy_naca0012_2.0\七参数_几何掩码代理优化\comsol_results_1000_extra\case_30401\cfd_solution
30402,0.026345655877774,0.4549375792215857,0.1225251529702046,0.8078565840688754,0.7147154263433447,0.5790872090062896,-8.291935343228658,True,,37.970339,0.132996,1.9949329999999996,20.18136,1992.362056979,"{'complete': True, 'min_image_bytes': 20000, 'files': {'velocity_magnitude.png': {'exists': True, 'size_bytes': 152550, 'valid': True}, 'pressure.png': {'exists': True, 'size_bytes': 93368, 'valid': True}, 'temperature.png': {'exists': True, 'size_bytes': 131326, 'valid': True}}, 'invalid': []}",F:\pyProject\fipy_naca0012_2.0\七参数_几何掩码代理优化\comsol_results_1000_extra\case_30402\cfd_solution
30403,0.0367591571542988,0.4671025550294701,0.1408761211317634,1.3470180968975418,1.112916996418806,0.2450686353160879,-9.101236151927576,True,,43.492775,0.124089,1.8613280000000003,20.266777,2291.791782674,"{'complete': True, 'min_image_bytes': 20000, 'files': {'velocity_magnitude.png': {'exists': True, 'size_bytes': 181674, 'valid': True}, 'pressure.png': {'exists': True, 'size_bytes': 116725, 'valid': True}, 'temperature.png': {'exists': True, 'size_bytes': 150237, 'valid': True}}, 'invalid': []}",F:\pyProject\fipy_naca0012_2.0\七参数_几何掩码代理优化\comsol_results_1000_extra\case_30403\cfd_solution
30404,0.0343099566219619,0.3341041311919243,0.1270863572751344,1.287069258566018,1.1662942299468222,0.2146623420082237,-8.894395544499513,True,,39.7072,0.111681,1.6752190000000002,20.034757,2068.362663357,"{'complete': True, 'min_image_bytes': 20000, 'files': {'velocity_magnitude.png': {'exists': True, 'size_bytes': 181711, 'valid': True}, 'pressure.png': {'exists': True, 'size_bytes': 118302, 'valid': True}, 'temperature.png': {'exists': True, 'size_bytes': 148409, 'valid': True}}, 'invalid': []}",F:\pyProject\fipy_naca0012_2.0\七参数_几何掩码代理优化\comsol_results_1000_extra\case_30404\cfd_solution
30405,0.0191920598729937,0.2607194084100324,0.1073641729681292,1.06319555879035,1.0720858675580476,0.5251699002307084,-5.199845893367451,True,,33.102444,0.082903,1.2435409999999996,20.289324,1746.228167455,"{'complete': True, 'min_image_bytes': 20000, 'files': {'velocity_magnitude.png': {'exists': True, 'size_bytes': 157937, 'valid': True}, 'pressure.png': {'exists': True, 'size_bytes': 110279, 'valid': True}, 'temperature.png': {'exists': True, 'size_bytes': 129007, 'valid': True}}, 'invalid': []}",F:\pyProject\fipy_naca0012_2.0\七参数_几何掩码代理优化\comsol_results_1000_extra\case_30405\cfd_solution
30406,0.0492090013963149,0.386821550672993,0.1324691570668727,1.1829648193394595,0.623360286344684,0.7782472241962585,-5.37776416714841,True,,41.141419,0.133321,1.99981,20.201145,2160.869830963,"{'complete': True, 'min_image_bytes': 20000, 'files': {'velocity_magnitude.png': {'exists': True, 'size_bytes': 137222, 'valid': True}, 'pressure.png': {'exists': True, 'size_bytes': 87432, 'valid': True}, 'temperature.png': {'exists': True, 'size_bytes': 114425, 'valid': True}}, 'invalid': []}",F:\pyProject\fipy_naca0012_2.0\七参数_几何掩码代理优化\comsol_results_1000_extra\case_30406\cfd_solution
30407,0.0344087106939097,0.3459131509398021,0.0925755328510344,1.0228106358607283,1.0402055211186283,0.8185051870940641,5.178322735276099,True,,28.304578,0.064079,0.961182,20.495405,1508.295837622,"{'complete': True, 'min_image_bytes': 20000, 'files': {'velocity_magnitude.png': {'exists': True, 'size_bytes': 151704, 'valid': True}, 'pressure.png': {'exists': True, 'size_bytes': 111423, 'valid': True}, 'temperature.png': {'exists': True, 'size_bytes': 122715, 'valid': True}}, 'invalid': []}",F:\pyProject\fipy_naca0012_2.0\七参数_几何掩码代理优化\comsol_results_1000_extra\case_30407\cfd_solution
30408,0.0435710217611262,0.5146428280565187,0.0912674075107235,1.3526295779287976,0.6907142305627251,0.6722126167695288,3.7475752823522654,True,,35.609875,0.082195,1.2329249999999998,16.078054,1488.59751336,"{'complete': True, 'min_image_bytes': 20000, 'files': {'velocity_magnitude.png': {'exists': True, 'size_bytes': 138777, 'valid': True}, 'pressure.png': {'exists': True, 'size_bytes': 89432, 'valid': True}, 'temperature.png': {'exists': True, 'size_bytes': 110047, 'valid': True}}, 'invalid': []}",F:\pyProject\fipy_naca0012_2.0\七参数_几何掩码代理优化\comsol_results_1000_extra\case_30408\cfd_solution
30409,0.0485296738636654,0.4538701053744694,0.0943980053560584,1.0575758112486144,0.6616533343403488,0.6591208908219431,4.064445769884728,True,,33.837276,0.088383,1.325743000000001,17.517005,1541.092089633,"{'complete': True, 'min_image_bytes': 20000, 'files': {'velocity_magnitude.png': {'exists': True, 'size_bytes': 142547, 'valid': True}, 'pressure.png': {'exists': True, 'size_bytes': 89870, 'valid': True}, 'temperature.png': {'exists': True, 'size_bytes': 113038, 'valid': True}}, 'invalid': []}",F:\pyProject\fipy_naca0012_2.0\七参数_几何掩码代理优化\comsol_results_1000_extra\case_30409\cfd_solution
30410,0.042162581296706,0.4244385303052607,0.1054808176360939,0.7659151307659956,0.5171311174006717,0.039723382441083,5.623078173328199,True,,28.901273,0.096095,1.4414250000000006,22.901981,1720.930676042,"{'complete': True, 'min_image_bytes': 20000, 'files': {'velocity_magnitude.png': {'exists': True, 'size_bytes': 131990, 'valid': True}, 'pressure.png': {'exists': True, 'size_bytes': 87666, 'valid': True}, 'temperature.png': {'exists': True, 'size_bytes': 109611, 'valid': True}}, 'invalid': []}",F:\pyProject\fipy_naca0012_2.0\七参数_几何掩码代理优化\comsol_results_1000_extra\case_30410\cfd_solution
30411,0.0185756362091743,0.4656658939800939,0.1285463739385891,0.7535652914129816,1.0427408368401407,0.3114273989500383,8.195479396439293,True,,27.889108,0.079598,1.1939739999999999,28.807479,2088.878741701,"{'complete': True, 'min_image_bytes': 20000, 'files': {'velocity_magnitude.png': {'exists': True, 'size_bytes': 165082, 'valid': True}, 'pressure.png': {'exists': True, 'size_bytes': 115234, 'valid': True}, 'temperature.png': {'exists': True, 'size_bytes': 134999, 'valid': True}}, 'invalid': []}",F:\pyProject\fipy_naca0012_2.0\七参数_几何掩码代理优化\comsol_results_1000_extra\case_30411\cfd_solution
30412,0.0041583238410151,0.4888668857487078,0.124599026899861,0.9942411019552024,1.0919168744361336,0.835557762615654,1.333455190358297,True,,32.026718,0.070977,1.064661,24.286304,2022.307572957,"{'complete': True, 'min_image_bytes': 20000, 'files': {'velocity_magnitude.png': {'exists': True, 'size_bytes': 143544, 'valid': True}, 'pressure.png': {'exists': True, 'size_bytes': 110301, 'valid': True}, 'temperature.png': {'exists': True, 'size_bytes': 120973, 'valid': True}}, 'invalid': []}",F:\pyProject\fipy_naca0012_2.0\七参数_几何掩码代理优化\comsol_results_1000_extra\case_30412\cfd_solution
30413,0.0318664628650247,0.3607518233789563,0.1158373249454101,0.8397916008813666,1.0551964240880216,0.0616531118857588,-6.827628354626212,True,,32.976089,0.094886,1.4232900000000006,21.992608,1885.598531552,"{'complete': True, 'min_image_bytes': 20000, 'files': {'velocity_magnitude.png': {'exists': True, 'size_bytes': 169868, 'valid': True}, 'pressure.png': {'exists': True, 'size_bytes': 110102, 'valid': True}, 'temperature.png': {'exists': True, 'size_bytes': 142402, 'valid': True}}, 'invalid': []}",F:\pyProject\fipy_naca0012_2.0\七参数_几何掩码代理优化\comsol_results_1000_extra\case_30413\cfd_solution
30414,0.0011244964601068,0.5223052122428766,0.1330208384550878,1.4692707482751386,0.8558702020242712,0.6109347526638154,-1.8372257075562857,True,,43.86231,0.099987,1.4998110000000011,18.931983,2159.04133576,"{'complete': True, 'min_image_bytes': 20000, 'files': {'velocity_magnitude.png': {'exists': True, 'size_bytes': 142033, 'valid': True}, 'pressure.png': {'exists': True, 'size_bytes': 96393, 'valid': True}, 'temperature.png': {'exists': True, 'size_bytes': 119416, 'valid': True}}, 'invalid': []}",F:\pyProject\fipy_naca0012_2.0\七参数_几何掩码代理优化\comsol_results_1000_extra\case_30414\cfd_solution
30415,0.0265039726614827,0.4445764470725032,0.1266284516912814,0.6902066764846962,1.098409051105047,0.714553365406404,4.268000308448528,True,,26.566982,0.065805,0.9870790000000005,29.813168,2059.319324195,"{'complete': True, 'min_image_bytes': 20000, 'files': {'velocity_magnitude.png': {'exists': True, 'size_bytes': 154694, 'valid': True}, 'pressure.png': {'exists': True, 'size_bytes': 115652, 'valid': True}, 'temperature.png': {'exists': True, 'size_bytes': 128103, 'valid': True}}, 'invalid': []}",F:\pyProject\fipy_naca0012_2.0\七参数_几何掩码代理优化\comsol_results_1000_extra\case_30415\cfd_solution
30416,0.0238808329406833,0.2838961059846926,0.1076868451175218,0.8379854002284797,1.0284102861447524,0.8791874832786329,-0.6004019162875025,True,,29.866141,0.068024,1.0203619999999995,22.563337,1752.087513165,"{'complete': True, 'min_image_bytes': 20000, 'files': {'velocity_magnitude.png': {'exists': True, 'size_bytes': 143531, 'valid': True}, 'pressure.png': {'exists': True, 'size_bytes': 105408, 'valid': True}, 'temperature.png': {'exists': True, 'size_bytes': 119974, 'valid': True}}, 'invalid': []}",F:\pyProject\fipy_naca0012_2.0\七参数_几何掩码代理优化\comsol_results_1000_extra\case_30416\cfd_solution
30417,0.0259673413707491,0.5666665047797883,0.1309801146164234,1.357430796740791,0.5643055130998098,0.5049641513932049,-9.347713402607033,True,,39.967254,0.145247,2.1787080000000003,20.481765,2128.359702436,"{'complete': True, 'min_image_bytes': 20000, 'files': {'velocity_magnitude.png': {'exists': True, 'size_bytes': 132499, 'valid': True}, 'pressure.png': {'exists': True, 'size_bytes': 83567, 'valid': True}, 'temperature.png': {'exists': True, 'size_bytes': 105962, 'valid': True}}, 'invalid': []}",F:\pyProject\fipy_naca0012_2.0\七参数_几何掩码代理优化\comsol_results_1000_extra\case_30417\cfd_solution
30418,0.0187313640437042,0.5754908090738278,0.1448393458489373,1.3173872815689531,0.8883426569320719,0.7270342127082741,6.410800970696101,True,,39.927787,0.109046,1.6356900000000003,22.649296,2351.274239529,"{'complete': True, 'min_image_bytes': 20000, 'files': {'velocity_magnitude.png': {'exists': True, 'size_bytes': 153263, 'valid': True}, 'pressure.png': {'exists': True, 'size_bytes': 100579, 'valid': True}, 'temperature.png': {'exists': True, 'size_bytes': 126424, 'valid': True}}, 'invalid': []}",F:\pyProject\fipy_naca0012_2.0\七参数_几何掩码代理优化\comsol_results_1000_extra\case_30418\cfd_solution
30419,0.0136034336848258,0.3431729169883675,0.1114682235847683,0.6382786283842001,1.049302083209685,0.1311327009949696,3.3803717811246354,True,,24.64108,0.059802,0.8970279999999997,28.272896,1811.354175842,"{'complete': True, 'min_image_bytes': 20000, 'files': {'velocity_magnitude.png': {'exists': True, 'size_bytes': 145366, 'valid': True}, 'pressure.png': {'exists': True, 'size_bytes': 114332, 'valid': True}, 'temperature.png': {'exists': True, 'size_bytes': 122126, 'valid': True}}, 'invalid': []}",F:\pyProject\fipy_naca0012_2.0\七参数_几何掩码代理优化\comsol_results_1000_extra\case_30419\cfd_solution
30420,0.0027728243328183,0.4038195531966962,0.1416498607243713,1.443062499506934,0.8637374386324588,0.1236664576630603,-1.2444473070594402,True,,44.354072,0.111711,1.6756580000000003,19.931674,2298.532296764,"{'complete': True, 'min_image_bytes': 20000, 'files': {'velocity_magnitude.png': {'exists': True, 'size_bytes': 147164, 'valid': True}, 'pressure.png': {'exists': True, 'size_bytes': 93422, 'valid': True}, 'temperature.png': {'exists': True, 'size_bytes': 122166, 'valid': True}}, 'invalid': []}",F:\pyProject\fipy_naca0012_2.0\七参数_几何掩码代理优化\comsol_results_1000_extra\case_30420\cfd_solution
30421,0.0374265469563311,0.5940907111387863,0.1421562814553272,0.8749657811615523,0.5782453430102343,0.7413004251734272,2.1054349475367182,True,,38.358194,0.12545,1.881748,23.181443,2311.915540332,"{'complete': True, 'min_image_bytes': 20000, 'files': {'velocity_magnitude.png': {'exists': True, 'size_bytes': 130764, 'valid': True}, 'pressure.png': {'exists': True, 'size_bytes': 87106, 'valid': True}, 'temperature.png': {'exists': True, 'size_bytes': 110272, 'valid': True}}, 'invalid': []}",F:\pyProject\fipy_naca0012_2.0\七参数_几何掩码代理优化\comsol_results_1000_extra\case_30421\cfd_solution
30422,0.0166088442514418,0.2987431630730677,0.1364982056106003,1.477144160269384,0.8696414361567295,0.4732326326471467,-9.926088896962174,True,,44.865701,0.135194,2.0279100000000003,19.004766,2216.92161814,"{'complete': True, 'min_image_bytes': 20000, 'files': {'velocity_magnitude.png': {'exists': True, 'size_bytes': 159953, 'valid': True}, 'pressure.png': {'exists': True, 'size_bytes': 101266, 'valid': True}, 'temperature.png': {'exists': True, 'size_bytes': 130215, 'valid': True}}, 'invalid': []}",F:\pyProject\fipy_naca0012_2.0\七参数_几何掩码代理优化\comsol_results_1000_extra\case_30422\cfd_solution
30423,0.0278768454464864,0.4064189637387345,0.1489281390252161,0.7731000427856418,0.8618687387259625,0.1658376481690102,-1.7397998467314435,True,,36.930377,0.10962,1.644305000000001,25.193122,2419.017927747,"{'complete': True, 'min_image_bytes': 20000, 'files': {'velocity_magnitude.png': {'exists': True, 'size_bytes': 154284, 'valid': True}, 'pressure.png': {'exists': True, 'size_bytes': 97015, 'valid': True}, 'temperature.png': {'exists': True, 'size_bytes': 132785, 'valid': True}}, 'invalid': []}",F:\pyProject\fipy_naca0012_2.0\七参数_几何掩码代理优化\comsol_results_1000_extra\case_30423\cfd_solution
30424,0.0326001018448952,0.4915196493997464,0.1491045148725419,0.5145161927046584,0.9942188464426798,0.9872805188588252,-1.3144280990275767,True,,30.277277,0.082753,1.2412929999999998,30.779242,2422.970224286,"{'complete': True, 'min_image_bytes': 20000, 'files': {'velocity_magnitude.png': {'exists': True, 'size_bytes': 152422, 'valid': True}, 'pressure.png': {'exists': True, 'size_bytes': 103143, 'valid': True}, 'temperature.png': {'exists': True, 'size_bytes': 124285, 'valid': True}}, 'invalid': []}",F:\pyProject\fipy_naca0012_2.0\七参数_几何掩码代理优化\comsol_results_1000_extra\case_30424\cfd_solution
30425,0.0286270568169555,0.5688086146546649,0.1496547358206142,1.0266272444036906,1.043342969654811,0.2376046705232658,0.6719555199614451,True,,37.880904,0.097989,1.4698340000000005,24.682707,2431.008421618,"{'complete': True, 'min_image_bytes': 20000, 'files': {'velocity_magnitude.png': {'exists': True, 'size_bytes': 158308, 'valid': True}, 'pressure.png': {'exists': True, 'size_bytes': 109987, 'valid': True}, 'temperature.png': {'exists': True, 'size_bytes': 128233, 'valid': True}}, 'invalid': []}",F:\pyProject\fipy_naca0012_2.0\七参数_几何掩码代理优化\comsol_results_1000_extra\case_30425\cfd_solution
30426,0.0389787378214138,0.4085750220896657,0.0944912892844858,0.6019174849231494,0.9215696214598614,0.9363716922651378,4.714117843199407,True,,24.378855,0.060813,0.9121980000000001,24.29864,1540.169818412,"{'complete': True, 'min_image_bytes': 20000, 'files': {'velocity_magnitude.png': {'exists': True, 'size_bytes': 146268, 'valid': True}, 'pressure.png': {'exists': True, 'size_bytes': 104840, 'valid': True}, 'temperature.png': {'exists': True, 'size_bytes': 120380, 'valid': True}}, 'invalid': []}",F:\pyProject\fipy_naca0012_2.0\七参数_几何掩码代理优化\comsol_results_1000_extra\case_30426\cfd_solution
30427,0.0416622092795129,0.3498779640438294,0.0807875078954279,1.01169556475259,1.0894888586865514,0.1937366689910594,9.541498248835572,True,,25.184542,0.074301,1.1145190000000005,20.142048,1318.897425935,"{'complete': True, 'min_image_bytes': 20000, 'files': {'velocity_magnitude.png': {'exists': True, 'size_bytes': 166243, 'valid': True}, 'pressure.png': {'exists': True, 'size_bytes': 125257, 'valid': True}, 'temperature.png': {'exists': True, 'size_bytes': 134459, 'valid': True}}, 'invalid': []}",F:\pyProject\fipy_naca0012_2.0\七参数_几何掩码代理优化\comsol_results_1000_extra\case_30427\cfd_solution
30428,0.020242179358147,0.5712968387595805,0.0846990603697027,1.344327703818108,0.8456070541438785,0.2870371314709337,1.8175778233841893,True,,35.215297,0.071853,1.0777959999999993,15.055768,1378.502681535,"{'complete': True, 'min_image_bytes': 20000, 'files': {'velocity_magnitude.png': {'exists': True, 'size_bytes': 133336, 'valid': True}, 'pressure.png': {'exists': True, 'size_bytes': 94716, 'valid': True}, 'temperature.png': {'exists': True, 'size_bytes': 112258, 'valid': True}}, 'invalid': []}",F:\pyProject\fipy_naca0012_2.0\七参数_几何掩码代理优化\comsol_results_1000_extra\case_30428\cfd_solution
30429,0.0386340497035365,0.3093391319269411,0.1438989073856813,1.4161133828727692,0.7665022582789627,0.027409517302293,-8.740116572340995,True,,46.489926,0.158564,2.378461999999999,19.379898,2342.522004816,"{'complete': True, 'min_image_bytes': 20000, 'files': {'velocity_magnitude.png': {'exists': True, 'size_bytes': 155329, 'valid': True}, 'pressure.png': {'exists': True, 'size_bytes': 97369, 'valid': True}, 'temperature.png': {'exists': True, 'size_bytes': 133114, 'valid': True}}, 'invalid': []}",F:\pyProject\fipy_naca0012_2.0\七参数_几何掩码代理优化\comsol_results_1000_extra\case_30429\cfd_solution
30430,0.01960656388165,0.4286888541929531,0.1015322031538855,0.7230526092222677,1.0831895845529775,0.0783566910409487,0.2326365478784851,True,,25.86505,0.059322,0.8898370000000004,24.550112,1650.9736985,"{'complete': True, 'min_image_bytes': 20000, 'files': {'velocity_magnitude.png': {'exists': True, 'size_bytes': 142950, 'valid': True}, 'pressure.png': {'exists': True, 'size_bytes': 107836, 'valid': True}, 'temperature.png': {'exists': True, 'size_bytes': 122408, 'valid': True}}, 'invalid': []}",F:\pyProject\fipy_naca0012_2.0\七参数_几何掩码代理优化\comsol_results_1000_extra\case_30430\cfd_solution
30431,0.0490440672999987,0.3329595556484623,0.1062306831614344,0.6352324499171558,0.9310253795702934,0.5593216946501767,-3.319216895506287,True,,29.116801,0.081614,1.2242109999999995,22.935047,1736.267507912,"{'complete': True, 'min_image_bytes': 20000, 'files': {'velocity_magnitude.png': {'exists': True, 'size_bytes': 154789, 'valid': True}, 'pressure.png': {'exists': True, 'size_bytes': 97921, 'valid': True}, 'temperature.png': {'exists': True, 'size_bytes': 127910, 'valid': True}}, 'invalid': []}",F:\pyProject\fipy_naca0012_2.0\七参数_几何掩码代理优化\comsol_results_1000_extra\case_30431\cfd_solution
30432,0.0096151538753019,0.3578341030435151,0.1119866263808435,0.9061026239694048,0.8144309781120924,0.2381366000695643,-1.6869640625670748,True,,34.181285,0.086632,1.2994780000000006,20.470583,1819.24812094,"{'complete': True, 'min_image_bytes': 20000, 'files': {'velocity_magnitude.png': {'exists': True, 'size_bytes': 140426, 'valid': True}, 'pressure.png': {'exists': True, 'size_bytes': 93830, 'valid': True}, 'temperature.png': {'exists': True, 'size_bytes': 119938, 'valid': True}}, 'invalid': []}",F:\pyProject\fipy_naca0012_2.0\七参数_几何掩码代理优化\comsol_results_1000_extra\case_30432\cfd_solution
30433,0.0314900976328881,0.2291573016279699,0.141578828968442,1.186240302560163,1.0248741477623704,0.9626931531960315,7.810602492291309,True,,34.733456,0.09001,1.3501539999999999,25.497599,2302.611333048,"{'complete': True, 'min_image_bytes': 20000, 'files': {'velocity_magnitude.png': {'exists': True, 'size_bytes': 162523, 'valid': True}, 'pressure.png': {'exists': True, 'size_bytes': 108227, 'valid': True}, 'temperature.png': {'exists': True, 'size_bytes': 131756, 'valid': True}}, 'invalid': []}",F:\pyProject\fipy_naca0012_2.0\七参数_几何掩码代理优化\comsol_results_1000_extra\case_30433\cfd_solution
30434,0.044985401913525,0.3951331793338637,0.1079379313655716,1.3401913905109102,0.6884086466265574,0.6009322945774702,0.6824169702009186,True,,40.350815,0.098689,1.480333,16.792976,1761.786688221,"{'complete': True, 'min_image_bytes': 20000, 'files': {'velocity_magnitude.png': {'exists': True, 'size_bytes': 135681, 'valid': True}, 'pressure.png': {'exists': True, 'size_bytes': 88377, 'valid': True}, 'temperature.png': {'exists': True, 'size_bytes': 109040, 'valid': True}}, 'invalid': []}",F:\pyProject\fipy_naca0012_2.0\七参数_几何掩码代理优化\comsol_results_1000_extra\case_30434\cfd_solution
30435,0.0429331414353757,0.2254783659149341,0.0827267920783986,0.5366194464543521,0.5140348483200395,0.9930346859322066,-6.5435467715424736,True,,31.130126,0.121259,1.8188779999999998,16.701984,1351.830598392,"{'complete': True, 'min_image_bytes': 20000, 'files': {'velocity_magnitude.png': {'exists': True, 'size_bytes': 133657, 'valid': True}, 'pressure.png': {'exists': True, 'size_bytes': 83990, 'valid': True}, 'temperature.png': {'exists': True, 'size_bytes': 110062, 'valid': True}}, 'invalid': []}",F:\pyProject\fipy_naca0012_2.0\七参数_几何掩码代理优化\comsol_results_1000_extra\case_30435\cfd_solution
30436,0.0428885378822018,0.4481613012836726,0.1148165593351042,1.4340400150464174,0.911245362636923,0.6152864807158509,-5.263163838870128,True,,41.83571,0.105448,1.5817230000000002,17.201382,1871.043275422,"{'complete': True, 'min_image_bytes': 20000, 'files': {'velocity_magnitude.png': {'exists': True, 'size_bytes': 154094, 'valid': True}, 'pressure.png': {'exists': True, 'size_bytes': 98827, 'valid': True}, 'temperature.png': {'exists': True, 'size_bytes': 127612, 'valid': True}}, 'invalid': []}",F:\pyProject\fipy_naca0012_2.0\七参数_几何掩码代理优化\comsol_results_1000_extra\case_30436\cfd_solution
30437,0.0099030294661612,0.4969797913386108,0.101080073961548,0.8015039593787677,0.8321960485478219,0.2545021212827912,-0.9785472516808706,True,,30.07539,0.073631,1.10447,21.00935,1642.847395739,"{'complete': True, 'min_image_bytes': 20000, 'files': {'velocity_magnitude.png': {'exists': True, 'size_bytes': 138419, 'valid': True}, 'pressure.png': {'exists': True, 'size_bytes': 95406, 'valid': True}, 'temperature.png': {'exists': True, 'size_bytes': 116971, 'valid': True}}, 'invalid': []}",F:\pyProject\fipy_naca0012_2.0\七参数_几何掩码代理优化\comsol_results_1000_extra\case_30437\cfd_solution
30438,0.0290443977331423,0.5440509373711337,0.1052362016908038,0.5105671041267797,0.7569048658452409,0.8003897085840098,-1.3489475491489973,True,,28.78852,0.075958,1.1393700000000004,22.890267,1713.339975806,"{'complete': True, 'min_image_bytes': 20000, 'files': {'velocity_magnitude.png': {'exists': True, 'size_bytes': 134406, 'valid': True}, 'pressure.png': {'exists': True, 'size_bytes': 91814, 'valid': True}, 'temperature.png': {'exists': True, 'size_bytes': 115780, 'valid': True}}, 'invalid': []}",F:\pyProject\fipy_naca0012_2.0\七参数_几何掩码代理优化\comsol_results_1000_extra\case_30438\cfd_solution
30439,0.0390158418306692,0.382382325049562,0.1476993574149211,0.8901527375174587,0.6781782502344282,0.7108808751983884,8.006072396999762,True,,35.70834,0.12281,1.8421440000000011,25.882728,2402.996090001,"{'complete': True, 'min_image_bytes': 20000, 'files': {'velocity_magnitude.png': {'exists': True, 'size_bytes': 151024, 'valid': True}, 'pressure.png': {'exists': True, 'size_bytes': 93757, 'valid': True}, 'temperature.png': {'exists': True, 'size_bytes': 122415, 'valid': True}}, 'invalid': []}",F:\pyProject\fipy_naca0012_2.0\七参数_几何掩码代理优化\comsol_results_1000_extra\case_30439\cfd_solution
30440,0.0270944303691257,0.4778635306058879,0.1204721788262289,0.6963680971412066,0.5252618475981392,0.5153231483747799,-5.880926152581431,True,,33.439326,0.124889,1.8733369999999994,22.537225,1959.436977289,"{'complete': True, 'min_image_bytes': 20000, 'files': {'velocity_magnitude.png': {'exists': True, 'size_bytes': 127910, 'valid': True}, 'pressure.png': {'exists': True, 'size_bytes': 82887, 'valid': True}, 'temperature.png': {'exists': True, 'size_bytes': 110776, 'valid': True}}, 'invalid': []}",F:\pyProject\fipy_naca0012_2.0\七参数_几何掩码代理优化\comsol_results_1000_extra\case_30440\cfd_solution
30441,0.0105640509936832,0.2682977848619673,0.1475523298064306,0.7940561219966096,1.1490384466386998,0.6603410714337836,2.0783241847129155,True,,30.382338,0.076787,1.1518100000000002,30.292979,2392.96600112,"{'complete': True, 'min_image_bytes': 20000, 'files': {'velocity_magnitude.png': {'exists': True, 'size_bytes': 149432, 'valid': True}, 'pressure.png': {'exists': True, 'size_bytes': 112938, 'valid': True}, 'temperature.png': {'exists': True, 'size_bytes': 127989, 'valid': True}}, 'invalid': []}",F:\pyProject\fipy_naca0012_2.0\七参数_几何掩码代理优化\comsol_results_1000_extra\case_30441\cfd_solution
30442,0.0128272044753161,0.2773191304592706,0.0985793260846467,0.8864932885095191,0.8761216812246659,0.3693737181570685,2.1958872392590028,True,,29.813271,0.069843,1.047638,20.672699,1602.433958758,"{'complete': True, 'min_image_bytes': 20000, 'files': {'velocity_magnitude.png': {'exists': True, 'size_bytes': 136889, 'valid': True}, 'pressure.png': {'exists': True, 'size_bytes': 99053, 'valid': True}, 'temperature.png': {'exists': True, 'size_bytes': 112982, 'valid': True}}, 'invalid': []}",F:\pyProject\fipy_naca0012_2.0\七参数_几何掩码代理优化\comsol_results_1000_extra\case_30442\cfd_solution
30443,0.0087318874578734,0.2703945852876933,0.1402278310477592,0.9499435752265648,0.6421013345307889,0.0010659901102785,-8.052334982851288,True,,39.544267,0.145199,2.1779780000000013,22.130481,2275.347428541,"{'complete': True, 'min_image_bytes': 20000, 'files': {'velocity_magnitude.png': {'exists': True, 'size_bytes': 145510, 'valid': True}, 'pressure.png': {'exists': True, 'size_bytes': 90505, 'valid': True}, 'temperature.png': {'exists': True, 'size_bytes': 122819, 'valid': True}}, 'invalid': []}",F:\pyProject\fipy_naca0012_2.0\七参数_几何掩码代理优化\comsol_results_1000_extra\case_30443\cfd_solution
30444,0.0387103056556531,0.5204788806391496,0.0990490665449587,1.1546694387191505,0.8720406936547167,0.8536654569817541,-9.143268590029786,True,,38.328123,0.113853,1.7077989999999996,16.19646,1614.027753539,"{'complete': True, 'min_image_bytes': 20000, 'files': {'velocity_magnitude.png': {'exists': True, 'size_bytes': 162568, 'valid': True}, 'pressure.png': {'exists': True, 'size_bytes': 102539, 'valid': True}, 'temperature.png': {'exists': True, 'size_bytes': 136478, 'valid': True}}, 'invalid': []}",F:\pyProject\fipy_naca0012_2.0\七参数_几何掩码代理优化\comsol_results_1000_extra\case_30444\cfd_solution
30445,0.0234627618974591,0.2027961082199026,0.1031673721347689,1.143082050458813,0.5183936349561507,0.2400881169855789,-7.14553001239458,True,,35.39938,0.123098,1.8464770000000001,18.243623,1679.11366717,"{'complete': True, 'min_image_bytes': 20000, 'files': {'velocity_magnitude.png': {'exists': True, 'size_bytes': 126811, 'valid': True}, 'pressure.png': {'exists': True, 'size_bytes': 81596, 'valid': True}, 'temperature.png': {'exists': True, 'size_bytes': 105182, 'valid': True}}, 'invalid': []}",F:\pyProject\fipy_naca0012_2.0\七参数_几何掩码代理优化\comsol_results_1000_extra\case_30445\cfd_solution
30446,0.0364715829431073,0.4967337886586263,0.1040731579746383,1.244096068790411,1.036477881033305,0.1328447709783289,0.8312964329676653,True,,34.28593,0.074864,1.1229560000000003,19.019113,1695.428765202,"{'complete': True, 'min_image_bytes': 20000, 'files': {'velocity_magnitude.png': {'exists': True, 'size_bytes': 150801, 'valid': True}, 'pressure.png': {'exists': True, 'size_bytes': 106901, 'valid': True}, 'temperature.png': {'exists': True, 'size_bytes': 121671, 'valid': True}}, 'invalid': []}",F:\pyProject\fipy_naca0012_2.0\七参数_几何掩码代理优化\comsol_results_1000_extra\case_30446\cfd_solution
30447,0.0233696744277354,0.2727906440043469,0.1059630732925591,0.6751384198829276,0.5095088656497081,0.1389591534614859,-8.161660457005924,True,,30.364909,0.118505,1.7775679999999987,21.849125,1724.961441302,"{'complete': True, 'min_image_bytes': 20000, 'files': {'velocity_magnitude.png': {'exists': True, 'size_bytes': 133176, 'valid': True}, 'pressure.png': {'exists': True, 'size_bytes': 85458, 'valid': True}, 'temperature.png': {'exists': True, 'size_bytes': 113899, 'valid': True}}, 'invalid': []}",F:\pyProject\fipy_naca0012_2.0\七参数_几何掩码代理优化\comsol_results_1000_extra\case_30447\cfd_solution
30448,0.0499235221672861,0.2281202044461692,0.1247088494420439,0.8643974164486327,0.5116415893560887,0.7019001012151392,-0.5602849878664724,True,,36.175138,0.123043,1.8456510000000002,21.660651,2037.300296355,"{'complete': True, 'min_image_bytes': 20000, 'files': {'velocity_magnitude.png': {'exists': True, 'size_bytes': 116494, 'valid': True}, 'pressure.png': {'exists': True, 'size_bytes': 80354, 'valid': True}, 'temperature.png': {'exists': True, 'size_bytes': 101055, 'valid': True}}, 'invalid': []}",F:\pyProject\fipy_naca0012_2.0\七参数_几何掩码代理优化\comsol_results_1000_extra\case_30448\cfd_solution
30449,0.0353321772672081,0.5239644638638672,0.0949658426930222,1.479076074708802,0.9288662756060766,0.69465967480012,8.263075827602126,True,,34.29084,0.08819,1.3228549999999988,17.350589,1546.912272972,"{'complete': True, 'min_image_bytes': 20000, 'files': {'velocity_magnitude.png': {'exists': True, 'size_bytes': 156375, 'valid': True}, 'pressure.png': {'exists': True, 'size_bytes': 105077, 'valid': True}, 'temperature.png': {'exists': True, 'size_bytes': 120767, 'valid': True}}, 'invalid': []}",F:\pyProject\fipy_naca0012_2.0\七参数_几何掩码代理优化\comsol_results_1000_extra\case_30449\cfd_solution
30450,0.0474478451996224,0.2050104535745978,0.114295403783786,1.1811930497913596,0.8692806648948361,0.5814214942608922,-5.064273282123438,True,,39.58473,0.110635,1.6595300000000002,18.144686,1867.45646129,"{'complete': True, 'min_image_bytes': 20000, 'files': {'velocity_magnitude.png': {'exists': True, 'size_bytes': 151367, 'valid': True}, 'pressure.png': {'exists': True, 'size_bytes': 96992, 'valid': True}, 'temperature.png': {'exists': True, 'size_bytes': 129780, 'valid': True}}, 'invalid': []}",F:\pyProject\fipy_naca0012_2.0\七参数_几何掩码代理优化\comsol_results_1000_extra\case_30450\cfd_solution
30451,0.0232510212229575,0.4565185040620517,0.1249600046990865,1.3609538425081753,0.8279151980243671,0.9589764011519988,9.595314449333664,True,,38.397598,0.111488,1.6723280000000003,20.339355,2030.554235105,"{'complete': True, 'min_image_bytes': 20000, 'files': {'velocity_magnitude.png': {'exists': True, 'size_bytes': 154706, 'valid': True}, 'pressure.png': {'exists': True, 'size_bytes': 98925, 'valid': True}, 'temperature.png': {'exists': True, 'size_bytes': 122863, 'valid': True}}, 'invalid': []}",F:\pyProject\fipy_naca0012_2.0\七参数_几何掩码代理优化\comsol_results_1000_extra\case_30451\cfd_solution
30452,0.0260953377252024,0.2857592425993893,0.1354399794669236,1.0068298026800504,0.662796218543588,0.1623391387409658,0.938090406518965,True,,39.914729,0.118485,1.7772789999999983,21.212033,2201.348657784,"{'complete': True, 'min_image_bytes': 20000, 'files': {'velocity_magnitude.png': {'exists': True, 'size_bytes': 136048, 'valid': True}, 'pressure.png': {'exists': True, 'size_bytes': 88772, 'valid': True}, 'temperature.png': {'exists': True, 'size_bytes': 115507, 'valid': True}}, 'invalid': []}",F:\pyProject\fipy_naca0012_2.0\七参数_几何掩码代理优化\comsol_results_1000_extra\case_30452\cfd_solution
30453,0.0066469350788167,0.3434027427084072,0.0800082963134485,1.3993837605428032,1.096337795846411,0.9141798467113382,5.062532563809093,True,,31.450441,0.061494,0.9224079999999999,15.906883,1300.724086315,"{'complete': True, 'min_image_bytes': 20000, 'files': {'velocity_magnitude.png': {'exists': True, 'size_bytes': 147088, 'valid': True}, 'pressure.png': {'exists': True, 'size_bytes': 107030, 'valid': True}, 'temperature.png': {'exists': True, 'size_bytes': 119752, 'valid': True}}, 'invalid': []}",F:\pyProject\fipy_naca0012_2.0\七参数_几何掩码代理优化\comsol_results_1000_extra\case_30453\cfd_solution
30454,0.0222726138639825,0.2920311872403551,0.1135872163036306,0.9866886908945574,1.000976799736156,0.2438565602017605,-2.574421783566166,True,,33.119229,0.080071,1.2010679999999994,21.449467,1847.01349662,"{'complete': True, 'min_image_bytes': 20000, 'files': {'velocity_magnitude.png': {'exists': True, 'size_bytes': 151376, 'valid': True}, 'pressure.png': {'exists': True, 'size_bytes': 100753, 'valid': True}, 'temperature.png': {'exists': True, 'size_bytes': 122689, 'valid': True}}, 'invalid': []}",F:\pyProject\fipy_naca0012_2.0\七参数_几何掩码代理优化\comsol_results_1000_extra\case_30454\cfd_solution
30455,0.046166391215588,0.2831199771890387,0.0899379598890461,1.4931846604363348,1.1026937416802278,0.1725496012438644,7.016454142305491,True,,31.844268,0.071763,1.0764420000000001,17.745107,1469.20785551,"{'complete': True, 'min_image_bytes': 20000, 'files': {'velocity_magnitude.png': {'exists': True, 'size_bytes': 159016, 'valid': True}, 'pressure.png': {'exists': True, 'size_bytes': 120516, 'valid': True}, 'temperature.png': {'exists': True, 'size_bytes': 125228, 'valid': True}}, 'invalid': []}",F:\pyProject\fipy_naca0012_2.0\七参数_几何掩码代理优化\comsol_results_1000_extra\case_30455\cfd_solution
30456,0.0373729287841168,0.5746520917425209,0.0814590128032755,0.8764422484877872,0.6531625648966586,0.2795639476388349,9.690201612847291,True,,29.633035,0.101577,1.5236520000000002,17.23791,1328.110119109,"{'complete': True, 'min_image_bytes': 20000, 'files': {'velocity_magnitude.png': {'exists': True, 'size_bytes': 150816, 'valid': True}, 'pressure.png': {'exists': True, 'size_bytes': 98606, 'valid': True}, 'temperature.png': {'exists': True, 'size_bytes': 121768, 'valid': True}}, 'invalid': []}",F:\pyProject\fipy_naca0012_2.0\七参数_几何掩码代理优化\comsol_results_1000_extra\case_30456\cfd_solution
30457,0.0088897768288926,0.5574268809127656,0.1370022605377626,0.8197165463131846,0.7407858467704492,0.0901357720985833,4.3127245326143,True,,33.029331,0.099666,1.4949949999999994,25.906948,2224.791800373,"{'complete': True, 'min_image_bytes': 20000, 'files': {'velocity_magnitude.png': {'exists': True, 'size_bytes': 143804, 'valid': True}, 'pressure.png': {'exists': True, 'size_bytes': 96989, 'valid': True}, 'temperature.png': {'exists': True, 'size_bytes': 120931, 'valid': True}}, 'invalid': []}",F:\pyProject\fipy_naca0012_2.0\七参数_几何掩码代理优化\comsol_results_1000_extra\case_30457\cfd_solution
30458,0.0393954422908229,0.5131067978421451,0.1262185283228326,0.8818935482305359,0.7175996311378795,0.5494603275246226,-2.659828805457275,True,,38.873299,0.114711,1.7206669999999988,20.338224,2055.596046842,"{'complete': True, 'min_image_bytes': 20000, 'files': {'velocity_magnitude.png': {'exists': True, 'size_bytes': 140919, 'valid': True}, 'pressure.png': {'exists': True, 'size_bytes': 92204, 'valid': True}, 'temperature.png': {'exists': True, 'size_bytes': 121555, 'valid': True}}, 'invalid': []}",F:\pyProject\fipy_naca0012_2.0\七参数_几何掩码代理优化\comsol_results_1000_extra\case_30458\cfd_solution
30459,0.0043764963646103,0.4697871261364049,0.1472154066197541,0.6737308342971258,1.0623602057925383,0.3349076126254641,5.947334349039526,True,,28.437686,0.080168,1.2025140000000007,32.293899,2387.74578799,"{'complete': True, 'min_image_bytes': 20000, 'files': {'velocity_magnitude.png': {'exists': True, 'size_bytes': 157878, 'valid': True}, 'pressure.png': {'exists': True, 'size_bytes': 104474, 'valid': True}, 'temperature.png': {'exists': True, 'size_bytes': 128619, 'valid': True}}, 'invalid': []}",F:\pyProject\fipy_naca0012_2.0\七参数_几何掩码代理优化\comsol_results_1000_extra\case_30459\cfd_solution
30460,0.0007276574397797,0.4846139302513387,0.0965738180475543,1.3753228431874676,1.117301181250813,0.2525932455960832,-0.1319551515869825,True,,33.294452,0.06391,0.9586570000000005,18.130733,1569.497300115,"{'complete': True, 'min_image_bytes': 20000, 'files': {'velocity_magnitude.png': {'exists': True, 'size_bytes': 145481, 'valid': True}, 'pressure.png': {'exists': True, 'size_bytes': 106707, 'valid': True}, 'temperature.png': {'exists': True, 'size_bytes': 121579, 'valid': True}}, 'invalid': []}",F:\pyProject\fipy_naca0012_2.0\七参数_几何掩码代理优化\comsol_results_1000_extra\case_30460\cfd_solution
30461,0.0396528962175573,0.4364847821708544,0.0822594984446111,0.6448316504570704,0.6972769163604033,0.6539477620360182,-8.411593714799203,True,,32.421416,0.113922,1.7088270000000012,15.920848,1342.058680006,"{'complete': True, 'min_image_bytes': 20000, 'files': {'velocity_magnitude.png': {'exists': True, 'size_bytes': 152452, 'valid': True}, 'pressure.png': {'exists': True, 'size_bytes': 93749, 'valid': True}, 'temperature.png': {'exists': True, 'size_bytes': 127288, 'valid': True}}, 'invalid': []}",F:\pyProject\fipy_naca0012_2.0\七参数_几何掩码代理优化\comsol_results_1000_extra\case_30461\cfd_solution
30462,0.0346336374640218,0.429842699989294,0.148466166457942,1.0597474825894342,0.9527833090734086,0.5065115591108443,0.5461454167889013,True,,39.282094,0.102238,1.5335669999999997,23.632765,2413.69567828,"{'complete': True, 'min_image_bytes': 20000, 'files': {'velocity_magnitude.png': {'exists': True, 'size_bytes': 154871, 'valid': True}, 'pressure.png': {'exists': True, 'size_bytes': 105668, 'valid': True}, 'temperature.png': {'exists': True, 'size_bytes': 128803, 'valid': True}}, 'invalid': []}",F:\pyProject\fipy_naca0012_2.0\七参数_几何掩码代理优化\comsol_results_1000_extra\case_30462\cfd_solution
30463,0.002116590399324,0.3684457146476586,0.0869495781759537,1.2226267143855551,0.8852999206755477,0.6203659952088345,3.252049826960228,True,,33.045743,0.068695,1.0304249999999993,16.45012,1413.376759774,"{'complete': True, 'min_image_bytes': 20000, 'files': {'velocity_magnitude.png': {'exists': True, 'size_bytes': 133437, 'valid': True}, 'pressure.png': {'exists': True, 'size_bytes': 96074, 'valid': True}, 'temperature.png': {'exists': True, 'size_bytes': 113788, 'valid': True}}, 'invalid': []}",F:\pyProject\fipy_naca0012_2.0\七参数_几何掩码代理优化\comsol_results_1000_extra\case_30463\cfd_solution
30464,0.0380645152381232,0.4568685254356051,0.1397862390538341,1.2782242458064188,0.7722436959409347,0.2690854921383938,-3.71757696531529,True,,43.767479,0.125047,1.8756980000000016,19.9872,2274.452347662,"{'complete': True, 'min_image_bytes': 20000, 'files': {'velocity_magnitude.png': {'exists': True, 'size_bytes': 148651, 'valid': True}, 'pressure.png': {'exists': True, 'size_bytes': 92263, 'valid': True}, 'temperature.png': {'exists': True, 'size_bytes': 121748, 'valid': True}}, 'invalid': []}",F:\pyProject\fipy_naca0012_2.0\七参数_几何掩码代理优化\comsol_results_1000_extra\case_30464\cfd_solution
30465,0.0328830527092169,0.2741260951257014,0.1125997942841272,1.3768279366632277,1.1739685855850173,0.576424806822946,6.341781392481856,True,,31.569911,0.070048,1.050725,22.333227,1833.150779295,"{'complete': True, 'min_image_bytes': 20000, 'files': {'velocity_magnitude.png': {'exists': True, 'size_bytes': 159691, 'valid': True}, 'pressure.png': {'exists': True, 'size_bytes': 118708, 'valid': True}, 'temperature.png': {'exists': True, 'size_bytes': 127011, 'valid': True}}, 'invalid': []}",F:\pyProject\fipy_naca0012_2.0\七参数_几何掩码代理优化\comsol_results_1000_extra\case_30465\cfd_solution
30466,0.0090812112110513,0.2044202038574352,0.1238779061331876,1.2112504189127975,0.9793410929619624,0.3991663035700754,-1.2320229805248886,True,,38.028013,0.088088,1.321313,20.340784,2011.150914842,"{'complete': True, 'min_image_bytes': 20000, 'files': {'velocity_magnitude.png': {'exists': True, 'size_bytes': 149315, 'valid': True}, 'pressure.png': {'exists': True, 'size_bytes': 104674, 'valid': True}, 'temperature.png': {'exists': True, 'size_bytes': 121718, 'valid': True}}, 'invalid': []}",F:\pyProject\fipy_naca0012_2.0\七参数_几何掩码代理优化\comsol_results_1000_extra\case_30466\cfd_solution
30467,0.0342818777760723,0.5708826364488395,0.1360057558693272,0.9655298364998994,1.1281534074339905,0.7626478623174466,-9.474935872517936,True,,36.402199,0.106123,1.5918509999999992,23.364394,2211.339783243,"{'complete': True, 'min_image_bytes': 20000, 'files': {'velocity_magnitude.png': {'exists': True, 'size_bytes': 178352, 'valid': True}, 'pressure.png': {'exists': True, 'size_bytes': 114711, 'valid': True}, 'temperature.png': {'exists': True, 'size_bytes': 145554, 'valid': True}}, 'invalid': []}",F:\pyProject\fipy_naca0012_2.0\七参数_几何掩码代理优化\comsol_results_1000_extra\case_30467\cfd_solution
30468,0.0299436794215199,0.5087813660679901,0.1153369999197495,0.6023039827487697,0.5956861838563288,0.0712920627592666,-0.1908016393249347,True,,31.036076,0.095016,1.4252470000000006,23.255618,1876.584147472,"{'complete': True, 'min_image_bytes': 20000, 'files': {'velocity_magnitude.png': {'exists': True, 'size_bytes': 126591, 'valid': True}, 'pressure.png': {'exists': True, 'size_bytes': 85589, 'valid': True}, 'temperature.png': {'exists': True, 'size_bytes': 112677, 'valid': True}}, 'invalid': []}",F:\pyProject\fipy_naca0012_2.0\七参数_几何掩码代理优化\comsol_results_1000_extra\case_30468\cfd_solution
30469,0.0160134905653919,0.4706658542112961,0.1454554780588602,1.032037439935596,0.5946998873219934,0.2630322212841197,-2.920441640598185,True,,40.507253,0.137704,2.065566999999998,22.408251,2360.011423243,"{'complete': True, 'min_image_bytes': 20000, 'files': {'velocity_magnitude.png': {'exists': True, 'size_bytes': 130053, 'valid': True}, 'pressure.png': {'exists': True, 'size_bytes': 83981, 'valid': True}, 'temperature.png': {'exists': True, 'size_bytes': 110035, 'valid': True}}, 'invalid': []}",F:\pyProject\fipy_naca0012_2.0\七参数_几何掩码代理优化\comsol_results_1000_extra\case_30469\cfd_solution
30470,0.0114370651165167,0.2063119770239894,0.1101665205633787,1.431664039027766,1.1244959616268826,0.8113748491624839,-3.217472959982449,True,,36.333033,0.075158,1.1273689999999998,18.94426,1789.586304452,"{'complete': True, 'min_image_bytes': 20000, 'files': {'velocity_magnitude.png': {'exists': True, 'size_bytes': 151625, 'valid': True}, 'pressure.png': {'exists': True, 'size_bytes': 110780, 'valid': True}, 'temperature.png': {'exists': True, 'size_bytes': 120107, 'valid': True}}, 'invalid': []}",F:\pyProject\fipy_naca0012_2.0\七参数_几何掩码代理优化\comsol_results_1000_extra\case_30470\cfd_solution
30471,0.0294712645561693,0.3415968134267635,0.1313474059272412,1.2156777698090837,0.8305107410535542,0.9797679510864972,3.076494227999989,True,,38.303039,0.090467,1.357011,21.44863,2136.024046241,"{'complete': True, 'min_image_bytes': 20000, 'files': {'velocity_magnitude.png': {'exists': True, 'size_bytes': 144494, 'valid': True}, 'pressure.png': {'exists': True, 'size_bytes': 98887, 'valid': True}, 'temperature.png': {'exists': True, 'size_bytes': 119733, 'valid': True}}, 'invalid': []}",F:\pyProject\fipy_naca0012_2.0\七参数_几何掩码代理优化\comsol_results_1000_extra\case_30471\cfd_solution
30472,0.0471092056699883,0.261346249410441,0.1392704626380604,1.1681284136869097,0.58855230882389,0.2803160882003105,8.296180813218545,True,,37.198674,0.12951,1.942647000000001,23.49333,2272.193865419,"{'complete': True, 'min_image_bytes': 20000, 'files': {'velocity_magnitude.png': {'exists': True, 'size_bytes': 136611, 'valid': True}, 'pressure.png': {'exists': True, 'size_bytes': 87886, 'valid': True}, 'temperature.png': {'exists': True, 'size_bytes': 112413, 'valid': True}}, 'invalid': []}",F:\pyProject\fipy_naca0012_2.0\七参数_几何掩码代理优化\comsol_results_1000_extra\case_30472\cfd_solution
30473,0.008933752905061,0.4057604246035918,0.0936082874483571,0.9825585492452404,0.8169458580284388,0.3388544072444522,3.1056881020270524,True,,31.267931,0.074172,1.1125809999999996,18.715036,1521.469140927,"{'complete': True, 'min_image_bytes': 20000, 'files': {'velocity_magnitude.png': {'exists': True, 'size_bytes': 134821, 'valid': True}, 'pressure.png': {'exists': True, 'size_bytes': 94047, 'valid': True}, 'temperature.png': {'exists': True, 'size_bytes': 114567, 'valid': True}}, 'invalid': []}",F:\pyProject\fipy_naca0012_2.0\七参数_几何掩码代理优化\comsol_results_1000_extra\case_30473\cfd_solution
30474,0.006894611342101,0.5228015931981611,0.0904630579444239,0.902857088343726,0.6039922862173895,0.6025451139847429,-4.79983454101348,True,,33.134892,0.091494,1.3724150000000002,17.06717,1470.348944046,"{'complete': True, 'min_image_bytes': 20000, 'files': {'velocity_magnitude.png': {'exists': True, 'size_bytes': 127791, 'valid': True}, 'pressure.png': {'exists': True, 'size_bytes': 83975, 'valid': True}, 'temperature.png': {'exists': True, 'size_bytes': 110462, 'valid': True}}, 'invalid': []}",F:\pyProject\fipy_naca0012_2.0\七参数_几何掩码代理优化\comsol_results_1000_extra\case_30474\cfd_solution
30475,0.0361347123734653,0.4488158075057794,0.1434477776827259,1.4720232290576971,1.1224595804728663,0.8498267436698924,-2.429647158505345,True,,42.465556,0.094611,1.4191710000000004,21.136007,2333.635973344,"{'complete': True, 'min_image_bytes': 20000, 'files': {'velocity_magnitude.png': {'exists': True, 'size_bytes': 159860, 'valid': True}, 'pressure.png': {'exists': True, 'size_bytes': 112143, 'valid': True}, 'temperature.png': {'exists': True, 'size_bytes': 128783, 'valid': True}}, 'invalid': []}",F:\pyProject\fipy_naca0012_2.0\七参数_几何掩码代理优化\comsol_results_1000_extra\case_30475\cfd_solution
30476,0.0287075378433821,0.511097121769889,0.1077391635738259,1.0312897605934557,0.9970930101889316,0.5433878760654752,2.7502699873298333,True,,31.680229,0.072286,1.084295,21.285311,1753.241174218,"{'complete': True, 'min_image_bytes': 20000, 'files': {'velocity_magnitude.png': {'exists': True, 'size_bytes': 151232, 'valid': True}, 'pressure.png': {'exists': True, 'size_bytes': 108463, 'valid': True}, 'temperature.png': {'exists': True, 'size_bytes': 121655, 'valid': True}}, 'invalid': []}",F:\pyProject\fipy_naca0012_2.0\七参数_几何掩码代理优化\comsol_results_1000_extra\case_30476\cfd_solution
30477,0.0455843060960074,0.4632816137937884,0.0900874040133699,1.3638843701713836,0.8485657584208075,0.5455642785981594,-6.607256769391494,True,,38.402691,0.102494,1.5374110000000005,14.722868,1470.034171297,"{'complete': True, 'min_image_bytes': 20000, 'files': {'velocity_magnitude.png': {'exists': True, 'size_bytes': 152503, 'valid': True}, 'pressure.png': {'exists': True, 'size_bytes': 97403, 'valid': True}, 'temperature.png': {'exists': True, 'size_bytes': 127325, 'valid': True}}, 'invalid': []}",F:\pyProject\fipy_naca0012_2.0\七参数_几何掩码代理优化\comsol_results_1000_extra\case_30477\cfd_solution
30478,0.0158922714244639,0.5090449907453385,0.0884583483360176,1.4569974959776353,0.5075744084160385,0.093206592022594,-8.449497417352294,True,,35.257472,0.108871,1.633071000000001,15.693089,1438.576517142,"{'complete': True, 'min_image_bytes': 20000, 'files': {'velocity_magnitude.png': {'exists': True, 'size_bytes': 126522, 'valid': True}, 'pressure.png': {'exists': True, 'size_bytes': 80450, 'valid': True}, 'temperature.png': {'exists': True, 'size_bytes': 101134, 'valid': True}}, 'invalid': []}",F:\pyProject\fipy_naca0012_2.0\七参数_几何掩码代理优化\comsol_results_1000_extra\case_30478\cfd_solution
30479,0.0220409334109123,0.4354045402068949,0.1024416640457681,1.070461594266911,0.7364835680581505,0.7177439165306857,-2.317319286820036,True,,37.601039,0.093321,1.3998150000000003,17.043108,1666.180268173,"{'complete': True, 'min_image_bytes': 20000, 'files': {'velocity_magnitude.png': {'exists': True, 'size_bytes': 134014, 'valid': True}, 'pressure.png': {'exists': True, 'size_bytes': 90563, 'valid': True}, 'temperature.png': {'exists': True, 'size_bytes': 116061, 'valid': True}}, 'invalid': []}",F:\pyProject\fipy_naca0012_2.0\七参数_几何掩码代理优化\comsol_results_1000_extra\case_30479\cfd_solution
30480,0.015465201883844,0.5827241188479584,0.0962835953789413,0.5801005547305376,0.8738797229051576,0.0987942240004269,-1.764041579944779,True,,26.530001,0.06738,1.0107059999999999,22.690744,1565.162195833,"{'complete': True, 'min_image_bytes': 20000, 'files': {'velocity_magnitude.png': {'exists': True, 'size_bytes': 137718, 'valid': True}, 'pressure.png': {'exists': True, 'size_bytes': 93742, 'valid': True}, 'temperature.png': {'exists': True, 'size_bytes': 117343, 'valid': True}}, 'invalid': []}",F:\pyProject\fipy_naca0012_2.0\七参数_几何掩码代理优化\comsol_results_1000_extra\case_30480\cfd_solution
30481,0.0330679818631383,0.2842876609875372,0.1468966457136971,1.1221218822516807,1.1712296395882684,0.336378521073246,-2.332948290247181,True,,37.751745,0.093872,1.4080839999999997,24.338151,2388.8999418,"{'complete': True, 'min_image_bytes': 20000, 'files': {'velocity_magnitude.png': {'exists': True, 'size_bytes': 159790, 'valid': True}, 'pressure.png': {'exists': True, 'size_bytes': 113112, 'valid': True}, 'temperature.png': {'exists': True, 'size_bytes': 135698, 'valid': True}}, 'invalid': []}",F:\pyProject\fipy_naca0012_2.0\七参数_几何掩码代理优化\comsol_results_1000_extra\case_30481\cfd_solution
30482,0.0085840822162176,0.3253337119389333,0.1260299544218826,0.8110275742181212,0.9864128655416062,0.2260120758285085,3.817811440682892,True,,30.243459,0.078054,1.170807,26.034585,2047.177337221,"{'complete': True, 'min_image_bytes': 20000, 'files': {'velocity_magnitude.png': {'exists': True, 'size_bytes': 154430, 'valid': True}, 'pressure.png': {'exists': True, 'size_bytes': 106837, 'valid': True}, 'temperature.png': {'exists': True, 'size_bytes': 124462, 'valid': True}}, 'invalid': []}",F:\pyProject\fipy_naca0012_2.0\七参数_几何掩码代理优化\comsol_results_1000_extra\case_30482\cfd_solution
30483,0.0247064129409911,0.247953737262745,0.080271067559112,0.5284683033641101,0.7947006780499503,0.3463905237367529,-2.6946401594554032,True,,24.774617,0.06413,0.9619559999999998,20.297794,1307.462166252,"{'complete': True, 'min_image_bytes': 20000, 'files': {'velocity_magnitude.png': {'exists': True, 'size_bytes': 136286, 'valid': True}, 'pressure.png': {'exists': True, 'size_bytes': 92142, 'valid': True}, 'temperature.png': {'exists': True, 'size_bytes': 116533, 'valid': True}}, 'invalid': []}",F:\pyProject\fipy_naca0012_2.0\七参数_几何掩码代理优化\comsol_results_1000_extra\case_30483\cfd_solution
30484,0.0197079814019076,0.4732402768275923,0.0829653742033383,0.9314523552390408,0.83499019078441,0.2829543502969088,7.902668410809312,True,,27.953726,0.079208,1.1881189999999995,18.579063,1350.320447199,"{'complete': True, 'min_image_bytes': 20000, 'files': {'velocity_magnitude.png': {'exists': True, 'size_bytes': 155515, 'valid': True}, 'pressure.png': {'exists': True, 'size_bytes': 106515, 'valid': True}, 'temperature.png': {'exists': True, 'size_bytes': 123262, 'valid': True}}, 'invalid': []}",F:\pyProject\fipy_naca0012_2.0\七参数_几何掩码代理优化\comsol_results_1000_extra\case_30484\cfd_solution
30485,0.025175573889211,0.583908378052976,0.1265016512419682,1.4672580866614255,0.9675008473489536,0.4116617876686154,-7.377332981376381,True,,42.930794,0.114118,1.7117649999999998,18.419555,2055.991853416,"{'complete': True, 'min_image_bytes': 20000, 'files': {'velocity_magnitude.png': {'exists': True, 'size_bytes': 165650, 'valid': True}, 'pressure.png': {'exists': True, 'size_bytes': 105964, 'valid': True}, 'temperature.png': {'exists': True, 'size_bytes': 137276, 'valid': True}}, 'invalid': []}",F:\pyProject\fipy_naca0012_2.0\七参数_几何掩码代理优化\comsol_results_1000_extra\case_30485\cfd_solution
30486,0.004601447447679,0.5390569905484583,0.0840961488888258,1.0808979193850536,0.559031300161355,0.5673901360883103,-6.997428676531891,True,,32.929328,0.096661,1.4499189999999995,15.97558,1367.769311019,"{'complete': True, 'min_image_bytes': 20000, 'files': {'velocity_magnitude.png': {'exists': True, 'size_bytes': 129492, 'valid': True}, 'pressure.png': {'exists': True, 'size_bytes': 83467, 'valid': True}, 'temperature.png': {'exists': True, 'size_bytes': 107113, 'valid': True}}, 'invalid': []}",F:\pyProject\fipy_naca0012_2.0\七参数_几何掩码代理优化\comsol_results_1000_extra\case_30486\cfd_solution
30487,0.0149315305260212,0.2509158885690424,0.124066514946645,0.8930008793200315,0.5875334304697613,0.1560557185602671,7.381350120963336,True,,33.488519,0.11247,1.6870449999999995,23.149229,2015.606797024,"{'complete': True, 'min_image_bytes': 20000, 'files': {'velocity_magnitude.png': {'exists': True, 'size_bytes': 138033, 'valid': True}, 'pressure.png': {'exists': True, 'size_bytes': 89907, 'valid': True}, 'temperature.png': {'exists': True, 'size_bytes': 114784, 'valid': True}}, 'invalid': []}",F:\pyProject\fipy_naca0012_2.0\七参数_几何掩码代理优化\comsol_results_1000_extra\case_30487\cfd_solution
30488,0.0482631811741869,0.2452475095637133,0.0935746283889361,1.4230304316650446,0.9358032712249236,0.0521737635212468,6.365014807466661,True,,32.893383,0.076296,1.1444349999999996,17.886766,1529.726237804,"{'complete': True, 'min_image_bytes': 20000, 'files': {'velocity_magnitude.png': {'exists': True, 'size_bytes': 153445, 'valid': True}, 'pressure.png': {'exists': True, 'size_bytes': 110512, 'valid': True}, 'temperature.png': {'exists': True, 'size_bytes': 121290, 'valid': True}}, 'invalid': []}",F:\pyProject\fipy_naca0012_2.0\七参数_几何掩码代理优化\comsol_results_1000_extra\case_30488\cfd_solution
30489,0.0117544715400191,0.5662766323347252,0.1486234173140367,1.4065435106226225,0.7748396262340089,0.5360820987636159,2.433205570020757,True,,45.204035,0.120982,1.814731,20.499143,2409.274296608,"{'complete': True, 'min_image_bytes': 20000, 'files': {'velocity_magnitude.png': {'exists': True, 'size_bytes': 143523, 'valid': True}, 'pressure.png': {'exists': True, 'size_bytes': 93344, 'valid': True}, 'temperature.png': {'exists': True, 'size_bytes': 119841, 'valid': True}}, 'invalid': []}",F:\pyProject\fipy_naca0012_2.0\七参数_几何掩码代理优化\comsol_results_1000_extra\case_30489\cfd_solution
30490,0.0323690645119074,0.4473600443001317,0.1242533800335703,0.5791819563206857,0.9696576826020412,0.9002965890477094,-2.773222403401036,True,,29.352693,0.077479,1.162178,26.49513,2022.02885199,"{'complete': True, 'min_image_bytes': 20000, 'files': {'velocity_magnitude.png': {'exists': True, 'size_bytes': 149102, 'valid': True}, 'pressure.png': {'exists': True, 'size_bytes': 99194, 'valid': True}, 'temperature.png': {'exists': True, 'size_bytes': 124043, 'valid': True}}, 'invalid': []}",F:\pyProject\fipy_naca0012_2.0\七参数_几何掩码代理优化\comsol_results_1000_extra\case_30490\cfd_solution
30491,0.0174804673137518,0.5504902704254558,0.0994686596665932,0.8829239694620514,0.8367592820716379,0.0420542966649012,0.0464345711325187,True,,31.012836,0.074694,1.1204180000000008,20.056087,1617.18996056,"{'complete': True, 'min_image_bytes': 20000, 'files': {'velocity_magnitude.png': {'exists': True, 'size_bytes': 134621, 'valid': True}, 'pressure.png': {'exists': True, 'size_bytes': 92852, 'valid': True}, 'temperature.png': {'exists': True, 'size_bytes': 114834, 'valid': True}}, 'invalid': []}",F:\pyProject\fipy_naca0012_2.0\七参数_几何掩码代理优化\comsol_results_1000_extra\case_30491\cfd_solution
30492,0.0273705380587683,0.3931733445154273,0.1080650577433613,1.3123304554141828,0.5704707573449601,0.9891260268584698,-4.53848723943186,True,,39.444461,0.10448,1.5671929999999996,17.150285,1758.857700752,"{'complete': True, 'min_image_bytes': 20000, 'files': {'velocity_magnitude.png': {'exists': True, 'size_bytes': 129493, 'valid': True}, 'pressure.png': {'exists': True, 'size_bytes': 83923, 'valid': True}, 'temperature.png': {'exists': True, 'size_bytes': 103551, 'valid': True}}, 'invalid': []}",F:\pyProject\fipy_naca0012_2.0\七参数_几何掩码代理优化\comsol_results_1000_extra\case_30492\cfd_solution
30493,0.0224466361826868,0.5017464464940358,0.1325954193077195,0.5486889106254393,0.7484228045515161,0.1486535013475221,9.29181727042088,True,,29.699529,0.106482,1.597224999999999,27.908193,2155.03652223,"{'complete': True, 'min_image_bytes': 20000, 'files': {'velocity_magnitude.png': {'exists': True, 'size_bytes': 160248, 'valid': True}, 'pressure.png': {'exists': True, 'size_bytes': 101701, 'valid': True}, 'temperature.png': {'exists': True, 'size_bytes': 137498, 'valid': True}}, 'invalid': []}",F:\pyProject\fipy_naca0012_2.0\七参数_几何掩码代理优化\comsol_results_1000_extra\case_30493\cfd_solution
30494,0.0320524352848068,0.3666529872334162,0.1243989200822534,1.4440099168153502,0.6263008701136756,0.7560065835641103,5.73354067921202,True,,38.23952,0.102242,1.533626,20.358628,2024.110772072,"{'complete': True, 'min_image_bytes': 20000, 'files': {'velocity_magnitude.png': {'exists': True, 'size_bytes': 134735, 'valid': True}, 'pressure.png': {'exists': True, 'size_bytes': 87476, 'valid': True}, 'temperature.png': {'exists': True, 'size_bytes': 108253, 'valid': True}}, 'invalid': []}",F:\pyProject\fipy_naca0012_2.0\七参数_几何掩码代理优化\comsol_results_1000_extra\case_30494\cfd_solution
30495,0.01215434827586,0.3104891599927078,0.0866459645484448,1.3927184422670342,0.8043183015823834,0.8839621721358862,-1.8630749029932687,True,,36.354562,0.071655,1.074819999999999,14.912842,1409.589617679,"{'complete': True, 'min_image_bytes': 20000, 'files': {'velocity_magnitude.png': {'exists': True, 'size_bytes': 125960, 'valid': True}, 'pressure.png': {'exists': True, 'size_bytes': 90256, 'valid': True}, 'temperature.png': {'exists': True, 'size_bytes': 107094, 'valid': True}}, 'invalid': []}",F:\pyProject\fipy_naca0012_2.0\七参数_几何掩码代理优化\comsol_results_1000_extra\case_30495\cfd_solution
30496,0.0005812094506655,0.4797419790084026,0.1257578850874041,1.2308163321859231,0.9252031778832084,0.1796163216598569,6.501040752342156,True,,37.036226,0.097943,1.469144,21.197518,2041.197801151,"{'complete': True, 'min_image_bytes': 20000, 'files': {'velocity_magnitude.png': {'exists': True, 'size_bytes': 157681, 'valid': True}, 'pressure.png': {'exists': True, 'size_bytes': 107017, 'valid': True}, 'temperature.png': {'exists': True, 'size_bytes': 130251, 'valid': True}}, 'invalid': []}",F:\pyProject\fipy_naca0012_2.0\七参数_几何掩码代理优化\comsol_results_1000_extra\case_30496\cfd_solution
30497,0.0267751073436969,0.5964392992273652,0.1308747096630032,0.963940096125141,0.750539828306447,0.285720125472825,-2.0286472793544066,True,,39.377626,0.11096,1.6644039999999993,20.76921,2126.389706288,"{'complete': True, 'min_image_bytes': 20000, 'files': {'velocity_magnitude.png': {'exists': True, 'size_bytes': 139582, 'valid': True}, 'pressure.png': {'exists': True, 'size_bytes': 92931, 'valid': True}, 'temperature.png': {'exists': True, 'size_bytes': 122006, 'valid': True}}, 'invalid': []}",F:\pyProject\fipy_naca0012_2.0\七参数_几何掩码代理优化\comsol_results_1000_extra\case_30497\cfd_solution
30498,0.0313323780148672,0.5326995926575004,0.1132800976518417,0.9519423722533172,0.8946813150488672,0.7847130089160669,-4.887791965787085,True,,36.022349,0.095384,1.4307560000000006,19.685855,1843.739942253,"{'complete': True, 'min_image_bytes': 20000, 'files': {'velocity_magnitude.png': {'exists': True, 'size_bytes': 154850, 'valid': True}, 'pressure.png': {'exists': True, 'size_bytes': 103124, 'valid': True}, 'temperature.png': {'exists': True, 'size_bytes': 128132, 'valid': True}}, 'invalid': []}",F:\pyProject\fipy_naca0012_2.0\七参数_几何掩码代理优化\comsol_results_1000_extra\case_30498\cfd_solution
30499,0.0183244556980833,0.3215218661418595,0.1397480410616741,1.1927463819837962,0.6826127182155262,0.9314800623608293,-0.7993773981572776,True,,42.085697,0.106787,1.6017979999999987,20.740882,2269.525641501,"{'complete': True, 'min_image_bytes': 20000, 'files': {'velocity_magnitude.png': {'exists': True, 'size_bytes': 133843, 'valid': True}, 'pressure.png': {'exists': True, 'size_bytes': 88947, 'valid': True}, 'temperature.png': {'exists': True, 'size_bytes': 114380, 'valid': True}}, 'invalid': []}",F:\pyProject\fipy_naca0012_2.0\七参数_几何掩码代理优化\comsol_results_1000_extra\case_30499\cfd_solution
30500,0.0298369086347325,0.5313559762158641,0.0906418908034641,1.419762061745038,1.188199516585802,0.7929046143880656,1.656171665537924,True,,32.167008,0.058561,0.8784229999999997,17.643146,1475.570764721,"{'complete': True, 'min_image_bytes': 20000, 'files': {'velocity_magnitude.png': {'exists': True, 'size_bytes': 148289, 'valid': True}, 'pressure.png': {'exists': True, 'size_bytes': 115154, 'valid': True}, 'temperature.png': {'exists': True, 'size_bytes': 120579, 'valid': True}}, 'invalid': []}",F:\pyProject\fipy_naca0012_2.0\七参数_几何掩码代理优化\comsol_results_1000_extra\case_30500\cfd_solution
