case_id,Ta,Twa,Tb,Ts,Tt,Tad,theta,Nu,f,delta_p,delta_T,Q_total,image_complete,failure_reason
20001,0.0206596516298032,0.4421020271834263,0.1311899234732347,1.1290142628742748,0.9764889131289148,0.6044189371152605,7.691357016092006,34.78175,0.094229,1.4134420000000016,23.56272,2130.836852309,True,
20002,0.0279132306669986,0.2692091115797647,0.1040281226540551,1.076422933713005,0.5050488877475157,0.4996175426347347,-0.1838928418012209,35.917787,0.103339,1.550086000000002,18.136986,1693.745005803,True,
20003,0.0079244403219104,0.2068056721557945,0.0999610570921076,0.8843864829780307,0.7207301744552259,0.552515991569575,5.051829737702743,30.52419,0.080183,1.2027509999999992,20.469497,1624.518556132,True,
20004,0.0168583881735947,0.4445921908726906,0.1126425051664173,1.4960266351252889,0.9448081596475044,0.6580863471262945,5.0185711468662415,36.911369,0.081064,1.2159640000000014,19.069794,1830.119792922,True,
20005,0.0212263089741696,0.5945985656228308,0.108173737301707,0.545274167774606,1.1870201695471454,0.3155125513690911,-4.522235522046591,23.86993,0.060349,0.9052379999999998,28.354964,1759.76062453,True,
20006,0.0150671269785288,0.5738486544629001,0.081104254216383,0.7107646948827135,0.8230042647987657,0.0833648792118671,2.166263533828112,26.14499,0.06063,0.9094489999999996,19.411346,1319.52452021,True,
20007,0.0119612882949568,0.5869707935217963,0.1024049378111458,0.8647487036442635,0.5157075777217036,0.3243195246645325,4.406568428637897,31.735726,0.097463,1.4619480000000014,20.170387,1664.316886243,True,
20008,0.0303579228116938,0.4640588199331926,0.0878057978384648,0.872639953437504,0.7725674590147925,0.1754454706962895,9.028273575672078,27.643846,0.086196,1.2929439999999994,19.903593,1430.550820033,True,
20009,0.0429103160771882,0.3438796064909241,0.1484597969534375,0.6789645807123684,1.1164910922075102,0.0702817362683988,-3.112814816371401,30.924529,0.087184,1.3077580000000006,30.060278,2416.959838395,True,
20010,0.03644039365751,0.3854991326626533,0.1214855092251981,1.1584203546052096,0.6307613312788216,0.6101121070636891,3.669407209453235,38.279724,0.105439,1.5815910000000013,19.870961,1977.702807212,True,
20011,0.0190416476046456,0.3407985077443389,0.0830489878311838,0.848500099590904,1.014214478888971,0.558661016604618,-0.25614452616934,26.637682,0.055853,0.8377950000000007,19.517362,1351.732929453,True,
20012,0.0100442950037901,0.4635069466232053,0.0922719728303156,0.7010104673456303,1.1960214866082894,0.6832311352739606,-7.947728710513544,25.74841,0.068877,1.03315,22.40329,1499.807667563,True,
20013,0.0425422415845134,0.2313005984821958,0.0929119524650143,1.20066666370285,1.1054839369346472,0.4444652937922831,2.6364959097479748,30.950676,0.064277,0.964162,18.85225,1517.073718662,True,
20014,0.0474390628225334,0.3722629245112147,0.0837941295811817,0.9843412675550928,0.6455664862813374,0.3788072467911553,3.603421916588214,31.739336,0.081159,1.217383,16.592837,1369.278638665,True,
20015,0.0497532330516245,0.2367221378202171,0.1173041047355524,1.3956992211598906,0.56934916864483,0.5254813766744882,5.940454929100852,35.695099,0.102545,1.5381780000000005,20.652627,1916.713711088,True,
20016,0.0335819441939172,0.5822983283040428,0.1255406439700654,1.1336768975247415,0.8657409649284507,0.1286749194600994,-1.592020206082518,40.363039,0.105836,1.5875340000000016,19.453291,2041.504264751,True,
20017,0.049902702160154,0.2825467047861017,0.0825387280449904,0.8910226463853819,1.1137983858805809,0.0893323387984906,-2.314169730472363,27.692866,0.067236,1.008533,18.75375,1350.297234829,True,
20018,0.048953662735498,0.4282038921846044,0.1389193245985436,1.3922106087673352,0.8929624122719338,0.3261015962351395,2.0343078811452,42.769687,0.107846,1.617693000000001,20.370981,2265.277279288,True,
20019,0.0320621293285423,0.2258799119242565,0.1281172249920558,1.4125411372428618,1.177494542761408,0.8309686050645174,4.173760417426909,35.649402,0.074425,1.1163790000000002,22.49914,2085.410342287,True,
20020,0.0172106243899836,0.4900690304148574,0.1258823941868228,0.6319141139167213,1.0827591512332178,0.4599295916507857,-4.06735471316339,27.474581,0.071915,1.0787209999999998,28.63448,2045.472905055,True,
20021,0.0343828527651447,0.2093979292317428,0.0909592677397879,0.5719961565717688,1.1917027371297415,0.7764152718468357,1.771591120409287,22.31124,0.047907,0.7186110000000001,25.573707,1483.510931294,True,
20022,0.0022364279762794,0.3293929768021004,0.1441884322276628,1.0433993123901204,0.8125767715634824,0.3944610582674476,9.269173696547377,39.642881,0.129003,1.935053,22.694737,2339.180379512,True,
20023,0.0118645076665693,0.3111274300728733,0.1176537844719098,1.234305415220553,1.047002411394233,0.7684135243665223,-0.911616584760992,36.740623,0.078572,1.1785789999999992,20.000473,1910.557621248,True,
20024,0.0365999061960585,0.2330763128040015,0.1032932174205925,1.1261876817501857,0.6430229582082984,0.1601814600689998,1.6409442899544595,36.780639,0.096902,1.4535280000000004,17.613698,1684.391956601,True,
20025,0.0159481502177958,0.5309221184520181,0.1092172270134961,1.1402988235854146,0.5150464639942487,0.8868816062157132,-9.507636778539537,35.786335,0.13168,1.9752009999999984,19.081512,1775.429213193,True,
20026,0.0093633854703439,0.4611286734381226,0.1111279155867046,0.8211415368425748,0.5677783566538439,0.4169996050251522,-9.71156702677544,34.365796,0.134568,2.0185189999999977,20.209681,1805.75658409,True,
20027,0.016588478381289,0.429768732179511,0.1171641115325488,0.8942005755346273,0.7457615182869374,0.1100406576776702,-3.9371131481083737,37.621178,0.109371,1.6405630000000002,19.453309,1902.826648063,True,
20028,0.036228927590297,0.5974700520286687,0.1411726361853594,1.1686467731813508,0.7021294706271803,0.946588755601886,2.9504728320533253,41.640299,0.111,1.6649980000000006,21.208703,2296.155497977,True,
20029,0.0156940266612049,0.4338503634314944,0.1319156053670179,0.81296405816359,0.8780590482583015,0.5498127148621366,-3.216904198495324,34.36759,0.092976,1.394632999999999,23.985944,2143.281629235,True,
20030,0.0063527321307385,0.4788882390107762,0.0953452322494799,1.0954464902464225,0.5106803349936135,0.6708724039171727,-1.1357037125518907,36.473941,0.093,1.394997,16.340785,1549.63339862,True,
20031,0.0392643019203287,0.5898198215241102,0.1360566239301899,0.6944584682813694,0.5185008309951925,0.0947040209277226,-8.386715495502363,33.189747,0.145792,2.1868730000000003,25.669978,2215.148243205,True,
20032,0.0445574597318926,0.5966566213238689,0.1497276669748399,1.365385262421881,0.9023609302417948,0.2600306699054848,0.1562337671003852,44.706817,0.117572,1.7635799999999993,20.993581,2440.246159781,True,
20033,0.0161002400312327,0.5579528668308169,0.1292204197303227,1.2653843062222585,0.7146413095340042,0.7527237613127583,1.449741066843217,42.797898,0.105463,1.5819379999999992,18.856557,2098.254673308,True,
20034,0.0242069142437586,0.3122465083480013,0.1230737116871189,0.5867465166758512,0.9011997024537776,0.4557499399197176,-0.7939917604624593,28.519041,0.074177,1.1126580000000006,26.992218,2001.459662985,True,
20035,0.0141319223593401,0.4588631726075967,0.1054298555402931,0.9925072082893752,0.6056447834958294,0.9542543186812792,3.0688161404888383,36.285036,0.091806,1.3770869999999995,18.165387,1713.742525993,True,
20036,0.0028702378511403,0.4918446051334113,0.1201909794969119,0.9910909310909628,1.0493756966544654,0.1901179337885578,-3.80784336783268,34.345894,0.085905,1.288576,21.846288,1950.858759016,True,
20037,0.0188935887094497,0.427007407271738,0.1045089777864413,0.6159174735390585,0.7944367106133297,0.0605949728828514,5.687630397850938,24.643322,0.068451,1.0267590000000002,26.533901,1700.096990303,True,
20038,0.0047166904678073,0.593070293785825,0.1306943010157806,1.3909143707698115,0.667587317003739,0.262013752271178,-6.404850427490046,43.579451,0.130551,1.958271,18.722063,2121.332777465,True,
20039,0.0110212783665263,0.4100742013343031,0.10316701806299,0.9401586608225674,1.1976656719104375,0.2968153606648143,-5.75882537698032,29.320235,0.073306,1.099584,21.994833,1676.723584134,True,
20040,0.0443175371922218,0.3518548032766621,0.0931189961666475,1.3706605786186643,1.1276671703574443,0.3407164925672908,8.24456380329159,30.471965,0.075858,1.137867,19.183369,1519.842863462,True,
20041,0.0375814661439187,0.2562839125465423,0.1322296050714793,1.1726612048330798,0.8423778454117029,0.7572762337679724,-5.470844892757528,41.653512,0.117852,1.767784000000001,19.887996,2153.852671258,True,
20042,0.0401370267745982,0.5133145765866856,0.1110320133067033,1.3690679894322255,0.5870232347988825,0.9391368008515756,-9.875171949047925,39.618617,0.129985,1.9497789999999997,17.569806,1809.837674328,True,
20043,0.0180715893751964,0.3970672263748515,0.142734652702923,0.5798734173416609,1.1646350014761744,0.3481999260783057,8.65494352370192,25.703082,0.075522,1.1328359999999995,34.687219,2318.077935448,True,
20044,0.0174857761044788,0.3090327558957226,0.1290966388567352,1.3253112406082623,1.0270244372633928,0.2881865676651785,-6.28564936477919,40.767867,0.105791,1.586869,19.784164,2097.05120207,True,
20045,0.0109609572724878,0.5161873304653384,0.0826725722644316,0.8416292376567773,0.5080816349394295,0.433317084158655,-1.942105360553807,31.433055,0.083583,1.2537400000000003,16.455174,1344.81457265,True,
20046,0.01677942325275,0.2932473330097512,0.1305821524350837,1.3187821735231555,0.8388183688575952,0.9037432750615768,6.150204279359166,38.603624,0.095919,1.4387809999999988,21.132601,2121.0669276,True,
20047,0.0252133941272047,0.2473660541762608,0.1309173066885529,1.20790331610588,1.1841037258226232,0.0582339628754173,-5.931179304804465,36.182118,0.092881,1.3932190000000002,22.62399,2128.318071693,True,
20048,0.0071591852402499,0.3874376428161021,0.1297131705422206,0.93533048533801,0.6065592157158562,0.9870360801232724,-3.182778529656237,39.952585,0.116798,1.7519729999999996,20.267668,2105.338937179,True,
20049,0.0218649608369818,0.383276993881927,0.1256959915230006,0.987694068183089,0.7547635528517919,0.8899154927249551,-4.103572167983582,39.747985,0.109008,1.635117000000001,19.759868,2042.078857859,True,
20050,0.012355092715822,0.3082029817759882,0.1490222654712572,0.6703400977777929,1.1685814463560442,0.825486135130865,8.87997088173205,28.231563,0.078499,1.177482,32.938697,2417.768273046,True,
20051,0.0089595349236322,0.2376899662542408,0.1373231901262518,0.6099334331331173,0.6831940972278137,0.6481848871006469,-6.018414014525747,34.752019,0.116101,1.7415089999999989,24.680911,2230.049914037,True,
20052,0.0384478723023032,0.504366783439177,0.1274178156407886,0.5436496831661215,0.5356777208017136,0.7076657148028813,-7.226078259568724,33.923561,0.140861,2.1129169999999995,23.52493,2074.928444378,True,
20053,0.009694316754097,0.4883442437258106,0.1083958280825214,0.9138404624192183,0.8869102047734152,0.6001293347255724,-8.82719610580918,34.534722,0.107703,1.6155500000000007,19.617979,1761.503786248,True,
20054,0.0257062902709416,0.5814291292830913,0.140646425471575,1.177748426090388,0.6472550468492576,0.5768359584747171,3.004037957859417,40.803025,0.118974,1.7846050000000009,21.536176,2284.726946767,True,
20055,0.0269950562449434,0.5621610201781106,0.1062525527421602,0.63736754486676,0.5179465188994603,0.8978916572958308,9.388609489267132,28.067637,0.118533,1.7779950000000009,23.701568,1729.642225252,True,
20056,0.0157659498411945,0.5481732582726994,0.0965056651887503,1.458246350162545,1.1085452395167503,0.3915664569895579,0.8234613963382706,34.526627,0.065516,0.9827399999999996,17.478828,1569.060920862,True,
20057,0.0342312507104431,0.2881778070769372,0.1162796959302055,1.239328101602958,0.5203404678066181,0.195389409079985,2.7821279497251634,37.037705,0.114679,1.720191999999999,19.660089,1893.227887463,True,
20058,0.0318282702368995,0.2874663735166057,0.0835634118452967,0.5378178661546346,0.9853204016115656,0.8440214529790456,-9.240304917848023,27.006854,0.085678,1.2851689999999998,19.399836,1362.214235932,True,
20059,0.0234044289985523,0.2609416426784849,0.0861798684922435,1.1576421854210106,0.565459301957671,0.4572117451432984,4.659562578724339,32.319531,0.080849,1.2127360000000014,16.701655,1403.45312118,True,
20060,0.0259115223711757,0.4091159747153268,0.12113428646122,0.756385758887939,1.0137291542874265,0.9050098895744488,5.965563804642802,28.628654,0.073063,1.0959469999999998,26.464348,1969.860522726,True,
20061,0.0101218345906977,0.2247834979745219,0.1262945475444492,1.4259298844558752,1.0065903557595135,0.617959530101202,-5.844416286103567,40.126966,0.097559,1.4633860000000016,19.657729,2050.893089613,True,
20062,0.0447122673349931,0.4087660459434432,0.1278032246218961,1.407785997615127,0.6696734762066658,0.9318729234787672,1.7230433976466273,41.975423,0.102292,1.5343739999999997,19.088586,2083.253830445,True,
20063,0.0261694244879368,0.4724241780183838,0.1419342921684639,0.7537109876751327,1.1706068767486673,0.118178395965408,-6.867649875498467,31.890034,0.089243,1.3386380000000004,27.823721,2306.978495916,True,
20064,0.0072607158995622,0.221842612538832,0.1185626090388809,1.4653765960178096,1.0688153024855116,0.6880709488863535,-0.9541279465124148,37.518782,0.074539,1.1180780000000006,19.737575,1925.377408545,True,
20065,0.001087260248149,0.2524302487485785,0.098816511745779,0.6125723797363716,1.1405306648114584,0.2438954305031324,5.259531229078327,21.85261,0.053587,0.8038050000000001,28.261816,1605.745535803,True,
20066,0.0090375479663981,0.4214964378225628,0.1463680463048318,0.9218725136003294,0.6243643500484675,0.1583030175350611,-1.0805282021351896,40.145611,0.13278,1.9917050000000012,22.74977,2374.588883327,True,
20067,0.0087009820671471,0.3322656004272571,0.0896997734655148,1.4843390880500855,0.7226115708576581,0.5360523417589096,-7.671099380972601,38.924752,0.101952,1.5292809999999992,14.407196,1458.071021082,True,
20068,0.0094157911768404,0.277499007804695,0.1113362676832249,1.2222877036921471,0.8748768342068294,0.0681435057686482,-4.850446901399864,38.628727,0.099462,1.4919360000000008,18.002297,1808.055136804,True,
20069,0.0254862642599625,0.2416202275084528,0.1312866412571924,0.5847137129977107,0.9388099615766908,0.7439959501896928,4.292462963028074,26.33794,0.068581,1.028708,31.183744,2135.420561379,True,
20070,0.0333453181904706,0.2910039786549283,0.0804454635757119,1.3751971352921013,1.0160686476485474,0.2138592498203615,-2.116561630042158,33.543603,0.070927,1.063898,15.041819,1311.847696371,True,
20071,0.0057798027556149,0.5575422306504123,0.1331883882268711,1.2299325666272487,0.6570052697439683,0.3050057138761408,-0.5443384462393723,43.855217,0.124737,1.8710489999999995,18.957997,2161.658395043,True,
20072,0.007412715109219,0.5022465914646099,0.1472861205324551,1.2991127177131043,0.9041743050231028,0.9991193619039735,-6.8370240837888,44.877843,0.121507,1.8226,20.460186,2387.343386844,True,
20073,0.0331982984408028,0.5611856021375687,0.142678992690808,0.8575971938691186,0.7990872279084527,0.5152298132872125,-1.2056944589885283,39.691326,0.11408,1.7111959999999993,22.472793,2319.134840299,True,
20074,0.0340861878116902,0.3427235429122648,0.0875575479317569,1.096468363317697,0.9714029397003312,0.401443470513707,-2.63137206072593,31.785795,0.072386,1.085788,17.2726,1427.460594644,True,
20075,0.039069407452628,0.5437531596615177,0.1287806288953659,1.2708809755164563,0.6179982321508048,0.8264106131624527,6.854292717044281,37.674144,0.113513,1.702698999999999,21.398547,2096.047037288,True,
20076,0.0011116303514817,0.5733052252659776,0.0816871280644305,0.8826644996026836,0.7741293961180322,0.1979941930913608,7.596300460672069,29.37896,0.084819,1.2722819999999988,17.392022,1328.494708137,True,
20077,0.0246301128961736,0.2969199521760587,0.1201403872668813,0.9456177987948888,0.8881041979551558,0.3822535362973449,2.830309283662245,33.182648,0.082568,1.2385149999999996,22.646294,1953.806379299,True,
20078,0.0293837644348731,0.5210295677498611,0.0926878772794596,0.8928211854714516,0.7035805270018538,0.6460681760945793,-8.04154836216026,35.215012,0.113898,1.708464000000001,16.478172,1508.725440221,True,
20079,0.0490719582684118,0.3487924996781281,0.1181551865378585,1.167616084536408,1.1032051885674528,0.7961138056762822,-5.12118222415824,37.724851,0.09788,1.4682069999999996,19.659656,1928.309691222,True,
20080,0.0426281881729026,0.3955005091175494,0.1048421587672608,0.8097170692075143,1.1604531336892443,0.3515714898978401,5.58832730752081,25.951054,0.062893,0.9433949999999998,25.341341,1709.849755758,True,
20081,0.0155487378478563,0.4499722059189315,0.1443439131298268,1.0615605901318852,1.1534156597561698,0.5983204385029199,-2.537273422540612,36.423598,0.088378,1.3256710000000007,24.730942,2342.053722701,True,
20082,0.0370312667714886,0.3576566279236427,0.0868685849536641,0.5679357653151266,0.9292593220481696,0.8946585087182187,-3.2920149786256827,25.072618,0.063564,0.9534599999999998,21.734573,1416.850880317,True,
20083,0.0117644081952923,0.5914169418637011,0.1073142849512811,1.1640279118777164,0.8109271481310747,0.7471761530753219,-3.769449677261374,36.513359,0.087722,1.3158319999999986,18.372462,1744.184828201,True,
20084,0.0411124474181555,0.3371243696842109,0.1408125354951148,1.4225027376382933,0.765418533147461,0.279729892296862,-7.250022362011457,45.733728,0.145525,2.1828760000000003,19.286937,2293.365200159,True,
20085,0.0408500757509629,0.2676711267729919,0.0954754030682414,0.6902796549715673,0.7061613241567903,0.1099930195321253,-7.774698036823714,31.263549,0.111195,1.667928999999999,19.174439,1558.598616149,True,
20086,0.0265068310099046,0.2912787904418119,0.1236878443441605,0.5348746802855262,0.9633753412907364,0.3079611440716576,9.574590364230986,25.821608,0.079364,1.1904559999999993,29.969901,2012.064706309,True,
20087,0.0108426846430034,0.2512369924929836,0.116583060145703,1.026437692983098,0.8769131356089825,0.138408371397198,-1.3729805890408802,36.328277,0.091293,1.3693930000000003,20.041897,1893.027721531,True,
20088,0.0324140481734687,0.4460339036109417,0.0889662699504388,0.6399580463332544,1.0808589147789278,0.4114392786261078,-5.232674722827637,25.640628,0.067621,1.014316,21.746952,1449.774304148,True,
20089,0.020825357834263,0.449381425934326,0.128383196351861,1.1521062140135752,0.9922976315377684,0.0558577091718302,7.924204900156369,33.25397,0.092506,1.3875919999999995,24.119741,2085.400540347,True,
20090,0.032686579704419,0.4290542564616607,0.0990918687584867,0.5473111188274979,0.5386225373464424,0.929605036041038,5.330395532838352,26.831429,0.082292,1.234373999999999,23.141737,1614.407272422,True,
20091,0.0198887649317128,0.5069416012883017,0.1160264515549748,0.5077827674090444,1.1439466721871618,0.6328262065400686,4.0823735045576335,22.956854,0.057388,0.860827,31.597908,1886.010241758,True,
20092,0.008253615749606,0.5168027636829822,0.1241810903005313,1.1257978265491793,0.6091197170275116,0.7875381085038874,-5.0159255114292,41.347436,0.120542,1.808135,18.751885,2015.890181555,True,
20093,0.007603360612939,0.2814756117026782,0.1252435348089168,0.7128392195929425,0.5777142395759698,0.4532315919226534,6.115890691564331,32.625167,0.109407,1.641108000000001,23.982017,2034.28504115,True,
20094,0.0444830685443404,0.4943574045756907,0.1157278888376398,1.444049371065177,0.9751414551887694,0.1030899985345924,6.507368849657432,36.457511,0.092313,1.3846900000000009,19.896433,1885.973499291,True,
20095,0.0048307552713919,0.4035226428019994,0.1362064329347287,1.2199953865283195,1.1183967520511766,0.6357360746385047,-6.07199074947034,38.751983,0.096955,1.4543280000000005,21.938601,2210.42721304,True,
20096,0.0066032786705605,0.4139597164230848,0.1435187450359555,1.377948710017833,0.9298230936257414,0.1410022996254359,-9.642823664321805,43.547764,0.133029,1.995431,20.568261,2328.824580464,True,
20097,0.0278761233963301,0.5687076845929586,0.0866087597500853,1.4620007683637086,0.6796643736841858,0.8512718155614343,-8.843315608727229,37.855786,0.108257,1.6238620000000008,14.330528,1410.482901986,True,
20098,0.0005606810083731,0.2251664909974395,0.098950025054894,1.276498066462457,0.6196312127769935,0.287094773140607,9.11888904393082,36.040083,0.113713,1.705700000000002,17.16071,1608.030832211,True,
20099,0.0210422025795392,0.2836692656400165,0.0960797580570307,0.728555032841149,1.025970550944304,0.4223808976459495,-5.173523967432402,26.473963,0.070449,1.0567340000000005,22.713874,1563.448301721,True,
20100,0.0033835815393722,0.3882947230577352,0.1330222176799251,0.8540410843367172,0.8185402412247407,0.7401691571086124,5.918037601223613,33.514554,0.093472,1.4020729999999997,24.780226,2159.295433821,True,
20101,0.0347441383648453,0.3472695970688254,0.0970398308000886,1.01081948651237,0.978165079999851,0.6565726562365902,7.888367818117818,28.328408,0.076823,1.152343,21.465797,1581.038830347,True,
20102,0.0189733391305048,0.5661358588101562,0.1195590806439512,0.8249668980446935,0.718669432432786,0.6319145636716688,-7.57997160770631,36.620574,0.120339,1.8050869999999983,20.403645,1942.702275983,True,
20103,0.0451082763454028,0.3145358213488091,0.0807700162413375,0.6804043335010446,0.5246216196152456,0.2015224080983879,-9.05208210538985,30.929145,0.12551,1.8826440000000009,16.41132,1319.729007145,True,
20104,0.003937561497246,0.5639839755312264,0.1059129007235673,1.3286211657098406,1.0023292668880677,0.0816249936570744,-4.461942285183589,35.640533,0.08189,1.2283539999999995,18.573154,1721.088460083,True,
20105,0.0379617215968575,0.5878453665949074,0.1080935742960039,0.7261080987200588,1.1192661940442066,0.3841941430843906,1.313283358503556,27.504659,0.064893,0.9733910000000005,24.611446,1760.016475276,True,
20106,0.0227648182177168,0.5746480658748471,0.0923433680858446,0.5086021058842151,0.7387704490415206,0.3567862133105215,1.868167729148704,26.588066,0.068712,1.030683000000001,21.726444,1501.926681913,True,
20107,0.0038111748219849,0.5849816460516197,0.0876662089076682,1.4666163801651704,1.0661765193133168,0.5882800985125606,-9.15499971974532,35.403313,0.091016,1.3652359999999994,15.481444,1425.045471572,True,
20108,0.0366456962633392,0.4576419558923317,0.1369007670319214,1.2881117325588205,0.7283334736807137,0.804692497771571,-4.996650494119185,44.354139,0.125007,1.8751050000000011,19.314585,2227.372645113,True,
20109,0.0415755037456855,0.3189408051579388,0.1174402624258992,1.2128287035358776,1.0521594831782264,0.339493806996623,-9.080755252526526,39.699127,0.118999,1.784991999999999,18.544806,1914.152768548,True,
20110,0.0008792116727928,0.3502655663414748,0.1455708031064548,1.3378497333879578,1.1307214484048962,0.8037931155197267,1.0484065529420334,38.912845,0.087314,1.3097149999999995,23.320187,2359.382502632,True,
20111,0.0283957468195734,0.3812433607047936,0.1335041044293069,1.491917369767221,0.6756268197675206,0.1464416274693023,-3.400096931168158,43.894296,0.124696,1.8704329999999985,19.020283,2170.692989363,True,
20112,0.0050759468572912,0.5383835355443829,0.1411870550593759,1.1986576998909422,0.5037773129000901,0.1139539067160629,3.207393432951198,37.307788,0.134553,2.018290999999998,23.617745,2290.927177553,True,
20113,0.0405019419450707,0.2793453823111222,0.1452195456231413,0.5179592814009221,0.9531523521142778,0.7753901498246231,3.8728861705363737,27.428297,0.077535,1.1630259999999994,33.186299,2366.633498414,True,
20114,0.0403566746986613,0.4731418800796932,0.1480983726602834,0.9749742566010032,1.1268755134520163,0.4517534696266048,-1.8685638039835624,37.263479,0.095584,1.433756999999999,24.873316,2409.852360625,True,
20115,0.0126264264708919,0.5518885574314265,0.1212037684634647,1.386822533942562,1.0907975782436097,0.8415669910577537,7.501311280694679,36.648047,0.088732,1.3309750000000005,20.656071,1968.212119829,True,
20116,0.0330886954777592,0.2496286759484381,0.082382110690335,0.938580982189327,0.6913249127028356,0.8110200229715961,-6.238131184596967,33.704453,0.101542,1.5231270000000006,15.331042,1343.483420048,True,
20117,0.0169459976470545,0.2553779272808339,0.1204554685309992,1.418095931356908,0.8898779587020229,0.1357325485796492,6.078996473453373,39.487767,0.099335,1.4900330000000004,19.062345,1957.0965022,True,
20118,0.0316663739215497,0.363255724140742,0.0853314472670864,0.8156338379897993,0.6995397116694647,0.40953213129005,1.0007917795444,29.413863,0.070082,1.0512370000000013,18.184916,1390.710414293,True,
20119,0.0441429674837759,0.4356596097897263,0.0818367893629566,1.0574190891604875,0.9975101503304842,0.8929537619258722,1.541829476294046,30.227546,0.062161,0.9324139999999996,17.002561,1336.258824998,True,
20120,0.0140471124086268,0.5414141670122163,0.1064116306723536,1.300485089669955,0.8761021949664962,0.1862046015642259,7.781862496184896,35.423101,0.09487,1.4230460000000011,18.781646,1729.790770466,True,
20121,0.0197812802041281,0.2634311357913038,0.0848176910165013,0.9096863497243012,0.9868597176202508,0.2278737675300995,3.5452311488419,26.353705,0.056877,0.8531599999999999,20.150279,1380.689735536,True,
20122,0.0164236989284885,0.2108557279990883,0.0965709110906055,1.284492036615494,1.088087095805692,0.0153836077632739,-5.764980814706265,33.798008,0.081777,1.2266500000000002,17.873007,1570.587340095,True,
20123,0.0080605604059406,0.4688056073337173,0.1240498349290598,0.9141581176350716,0.6945120390399094,0.7371171523224745,-7.065945520456399,38.499852,0.122776,1.84164,20.115174,2013.521195804,True,
20124,0.0163624067283843,0.5595474740933605,0.1394375710982308,1.4201627069896483,0.9506300825553394,0.771941694807294,-9.458813291525326,43.295454,0.122735,1.8410309999999992,20.110365,2263.787136347,True,
20125,0.0124117378048824,0.5323393090471367,0.1403567648850513,0.87594460740012,0.5067793657594444,0.1559342575371517,4.053243799684079,34.522473,0.132482,1.9872369999999984,25.388554,2278.836761545,True,
20126,0.0128696125306104,0.5925810213120277,0.09392976969547,0.6765700464265174,0.586172559431518,0.9810370441100544,-7.039874207837908,33.724597,0.113341,1.70012,17.413059,1526.845783404,True,
20127,0.0135796821035012,0.4307357846023891,0.1298997506671019,1.0684277775890654,0.7578739138665467,0.7828068964841071,5.14641157851492,37.823837,0.101423,1.52135,21.44475,2108.919101575,True,
20128,0.0199674014938686,0.2956333123093865,0.1276052386420688,1.033379637656401,0.5318526797250321,0.9116019961008296,-7.42957173095416,37.099392,0.132118,1.9817699999999971,21.493444,2073.223652809,True,
20129,0.0262802159061763,0.3897623551294368,0.1436693742782592,0.646153880373341,0.7215134335137869,0.8621637460987921,7.848152127261901,32.191773,0.108039,1.6205839999999991,27.902216,2335.376685955,True,
20130,0.0350437763091808,0.4384582696852654,0.1132083818083146,0.8639304009960178,1.0100065292315006,0.3812854020438068,-8.088398652955672,34.093838,0.101553,1.5232919999999996,20.798403,1843.653174998,True,
20131,0.0423741354152081,0.5052014442315464,0.1296844271095808,0.5951897396364814,0.5550046911337294,0.0303011814238078,-3.0725510379573056,33.473803,0.119724,1.7958630000000009,24.277981,2112.958558436,True,
20132,0.016002642504194,0.3157825340938928,0.1096437672794242,0.9708602374324562,1.0912417534005452,0.0451405105619215,-0.6210703895218188,30.601827,0.069618,1.0442650000000002,22.396152,1781.944263827,True,
20133,0.0040429929498227,0.3259668827863627,0.1222142562841177,1.4108743657711609,0.6967104277808522,0.0915104630433167,5.7283468786794,41.953278,0.118281,1.7742150000000017,18.189138,1984.044232012,True,
20134,0.0274673589529918,0.2656887237902571,0.1187351117509246,1.2540180724121543,1.1932381999101682,0.7246541791898274,9.549463203818371,31.817777,0.083222,1.2483299999999993,23.346112,1931.335600019,True,
20135,0.0397834457845895,0.2747583963723986,0.1383316880180439,1.2821248692304763,0.8711699093059191,0.7842801986485938,0.1098257861984315,41.624762,0.101795,1.5269270000000006,20.82086,2253.32465095,True,
20136,0.0233002689695353,0.2546472066768246,0.106062913330218,1.3222318624802645,0.8257758036363361,0.7914681488130267,3.9514902721415295,36.037784,0.078584,1.1787580000000002,18.421192,1726.033228231,True,
20137,0.0440860341954951,0.5584416319022885,0.1351302311297296,1.2089894997342494,0.829735006827635,0.5608230741028513,3.2815668573111285,40.042172,0.105308,1.5796170000000007,21.13559,2200.41883897,True,
20138,0.0137993957278821,0.3619433293966084,0.1347802893354333,1.083398584506428,0.7011447994376004,0.5969292953812423,3.386762492089213,39.412588,0.106996,1.604944999999999,21.350771,2187.87169925,True,
20139,0.0075378721616189,0.2846846149101089,0.1454282209148126,1.405908078820893,0.5214248892271027,0.8222876989397699,3.136685843732121,40.715579,0.116179,1.7426840000000006,22.285873,2359.193829935,True,
20140,0.005287616168836,0.3471944187184296,0.1069718822935595,1.273481096480623,0.6817013796534906,0.7922465595017942,2.9851440477202864,38.189018,0.088806,1.332085000000001,17.507953,1738.389994122,True,
20141,0.016658387174013,0.3542277181739601,0.125132987741297,0.6874080540687323,0.8732049063513436,0.4630658552005356,-7.556845347079355,31.739589,0.100802,1.5120309999999997,24.641579,2033.495294373,True,
20142,0.0374752644476883,0.5830530024525007,0.1041792108353178,1.1807716351641724,1.182193571199044,0.7324022906361721,2.4282154280008346,32.793411,0.068333,1.0249900000000007,19.904908,1697.149565066,True,
20143,0.0389765721428324,0.3932317642267833,0.1353704409175428,0.981269856468171,0.9903929974700416,0.8164288594751445,5.105162248307549,32.505256,0.082007,1.230104,26.090489,2205.002808404,True,
20144,0.0187342560726455,0.3443873506658965,0.1219596521084598,0.9584856036623024,0.7814455704261152,0.5934940729319594,6.34925360548538,34.956176,0.098215,1.4732269999999996,21.797054,1981.048298659,True,
20145,0.0329729012952543,0.5560476003191677,0.1058164648361429,1.3143204687480767,1.1725635169288302,0.8737013488120194,7.374120052350896,30.497686,0.070895,1.0634179999999995,21.72882,1722.96466126,True,
20146,0.0381347570492693,0.2370715756671213,0.1487377444896228,1.4094261374654842,1.0283657186412536,0.52979254641258,-5.670283561847846,45.428778,0.122023,1.830350000000001,20.484722,2419.549310871,True,
20147,0.0061886227949984,0.4521860114589667,0.1210125820162068,0.7772853860183344,0.8985620457519301,0.1831793363579807,-6.967470725914522,31.877063,0.095402,1.431038,23.71631,1965.616400438,True,
20148,0.0175092299560107,0.2011099857116284,0.1105005192882905,0.9981879079527308,1.0040325294372916,0.3593653717949925,1.8848693233909013,30.27411,0.068834,1.0325069999999998,22.824651,1796.58954219,True,
20149,0.0244975544695496,0.537344105983204,0.1450131353318201,0.606819709684878,0.5616905971298689,0.4807867163001794,-8.453214645079344,34.644428,0.147412,2.211186,26.149039,2355.388080171,True,
20150,0.0112822903830382,0.276031888936693,0.1226702308892883,0.8882150183693958,0.6094846281759615,0.9744368638828956,9.980848853027208,35.102629,0.135202,2.0280299999999998,21.826946,1992.076264355,True,
20151,0.0142928928235997,0.5558821382291816,0.0800245878241508,0.9823478497273797,1.0823510385861452,0.8181748459230632,4.543053578610499,26.61191,0.057459,0.8618810000000003,18.817351,1301.990692904,True,
20152,0.0480638771181783,0.595286107503495,0.1077520222642812,0.7414860388244368,1.121583374474802,0.32862308381763,4.442911428811687,26.32208,0.06635,0.995257,25.672836,1756.982374723,True,
20153,0.0319592395690947,0.4255731037005361,0.1416432890119414,1.313884348553073,0.9172421480062398,0.1240683120235682,1.4943555135815405,41.843954,0.105352,1.5802759999999996,21.166496,2302.793688656,True,
20154,0.030243112884978,0.5083144562598492,0.0905744734433835,1.175748082159838,0.914321823025666,0.6265128356866503,8.726741923251303,31.02945,0.087256,1.3088379999999995,18.278484,1474.645416334,True,
20155,0.0357434888002579,0.5079316026728165,0.0864737181290031,0.625693559019144,1.0985467017816004,0.0081555709896521,-7.137592827437559,24.769131,0.07015,1.0522459999999998,21.88827,1409.598896045,True,
20156,0.0486051871490446,0.563099203100094,0.0891632659298435,0.6498042047980332,1.0588858922297957,0.2410594138426426,1.9832426474085023,24.878154,0.058568,0.8785260000000004,22.516886,1456.46428869,True,
20157,0.0129611725375436,0.5536506605136498,0.123156951785002,0.7050410417993149,0.8454524262499437,0.4763142546016688,-3.015382357951931,32.2524,0.088019,1.3202880000000006,23.859294,2000.750694382,True,
20158,0.0488819128987076,0.4382100555757452,0.1000323820011729,0.737599684817849,0.9380535811969468,0.5078049848703702,0.5545083005612934,29.243583,0.073044,1.095656,21.491602,1634.077746707,True,
20159,0.030949537765091,0.4397699421186602,0.1224203736469166,1.3309329466784172,0.6589748730566437,0.1808399598106452,-5.379598757656011,43.205498,0.131413,1.971191000000001,17.723384,1990.94389815,True,
20160,0.005482978400189,0.2001943218376573,0.1010634566168766,1.1930785976633111,1.180845926471087,0.3535126532883579,-2.8274152071831624,31.480693,0.066026,0.990386,20.066509,1642.439785262,True,
20161,0.0336502241800591,0.4124772980258885,0.1418715393134223,1.130753235058553,1.104445470615607,0.1507085256241512,0.6284954781297323,37.944041,0.092835,1.3925259999999993,23.380221,2306.564200954,True,
20162,0.042860298359042,0.5102402904304444,0.1272274114457985,0.6560753908308877,1.1540834959811812,0.7089546829313826,-3.6741283133261726,29.737616,0.076832,1.152475,26.813778,2073.182398714,True,
20163,0.0027915014311309,0.4854316178041091,0.1460242025833387,0.7801524227963987,0.6864564318561595,0.2112655038532208,0.9733095130497632,36.239573,0.117552,1.763275,25.138118,2368.586151812,True,
20164,0.0224041670783197,0.3921673490839978,0.140903791604858,1.46833829401404,1.1241694014187875,0.166310825489392,-8.593758158626468,43.026939,0.116117,1.7417610000000003,20.457468,2288.577768957,True,
20165,0.0382429549396145,0.4485735043797733,0.1130516182464149,0.9575918403272372,0.6416464352375337,0.3101037008977955,0.9468432282141812,36.982818,0.104232,1.5634789999999992,19.156945,1842.042295308,True,
20166,0.0270670927242572,0.5489382462181638,0.1125783127126738,1.063120072077187,1.0976180595569878,0.9903565946116244,-1.6504998341600938,34.726007,0.076235,1.1435240000000002,20.269892,1830.120258393,True,
20167,0.029222181375912,0.3015147490074585,0.1384953874946816,1.4179317773154598,0.5934288979172194,0.1520047301619559,0.0421434631811923,43.135287,0.132067,1.981002,20.080795,2252.096207979,True,
20168,0.0295116487758771,0.4603543343802503,0.080863568496559,0.5730236350645468,0.7467740362153426,0.6283392998349895,-5.889963644556569,27.876379,0.083406,1.2510830000000004,18.175316,1317.32122469,True,
20169,0.0332872625395599,0.2490460529160542,0.139544647734711,1.2164638430667252,0.6384484535742307,0.6844932656128196,-7.743718754090088,43.251582,0.150096,2.2514399999999988,20.190827,2270.541572133,True,
20170,0.0301169146019381,0.4132158293916504,0.1364314862226631,1.000584254042051,0.6651301092898596,0.2827269110394005,-8.262842427644983,41.053604,0.149001,2.235009999999999,20.776382,2217.65786989,True,
20171,0.0298759985744011,0.588414933789428,0.1118308916243897,0.8189339766164039,0.9256186385129648,0.0228502763985101,0.6414303458941699,31.348415,0.079785,1.1967789999999994,22.319482,1819.169016756,True,
20172,0.0376543732074517,0.2722092372350385,0.0971421711297184,1.4951880147623138,0.7707102939191736,0.1055155990015735,-3.321260548998854,39.335385,0.097327,1.4599030000000006,15.490963,1584.291764969,True,
20173,0.0213694027185224,0.2193751716594932,0.1429549490465462,1.015166468031465,0.7876414938322344,0.543266806724193,-4.31516545006565,37.023071,0.108437,1.626549000000001,24.169653,2326.570389744,True,
20174,0.0478652776070487,0.2671841192313551,0.1152385055450485,1.4495339072037794,0.559443954831934,0.6819082029635056,7.616529935567566,35.546932,0.105863,1.5879469999999998,20.359921,1881.705128717,True,
20175,0.0277931020743621,0.4051681253549289,0.1249441202942173,0.6838733074914428,0.5668897271428581,0.7811564783651863,6.643173350478321,30.917221,0.104885,1.5732750000000006,25.285447,2032.56495006,True,
20176,0.0130792851697241,0.3773943266536059,0.1207723746051722,1.10554176375667,0.550647775374204,0.1316889304625444,4.859210166685893,37.953363,0.123824,1.8573540000000008,19.873685,1961.110256247,True,
20177,0.0495028806661198,0.4962407099475619,0.102706981692318,1.2269056643138665,0.7961815505599522,0.7513904023747537,-6.349594270594994,39.888346,0.111076,1.6661470000000005,16.167885,1676.766500698,True,
20178,0.0322225575807946,0.3332802521173134,0.098484150691,1.136215034540145,0.988719305057064,0.0323865854182252,4.732392842018902,29.516572,0.067984,1.019756,20.902368,1604.11223711,True,
20179,0.0494515625042545,0.2712213291314614,0.090030736594065,0.9164257462086668,0.7835824188572111,0.1448147121858899,-9.036013102129177,36.67763,0.127988,1.91982,15.433478,1471.764792267,True,
20180,0.0361692086923264,0.5391362128262442,0.1496130949753864,1.204034673730093,0.8481711784547119,0.2054253408987819,6.528872942548322,40.094933,0.122173,1.8325890000000005,23.310889,2430.086146804,True,
20181,0.0235375612526115,0.2281469401370469,0.1169623749374295,1.4438717404601251,0.6402205761698408,0.1166061905166825,-7.082894760235581,42.236228,0.131882,1.9782240000000009,17.319242,1901.898530094,True,
20182,0.0171267241280858,0.5652533935405952,0.142544280336451,0.8789266175161232,0.9582862837562178,0.0761822499646241,1.56903625768628,34.618501,0.093437,1.4015499999999994,25.698513,2313.074407883,True,
20183,0.0201818832265185,0.4185595282678446,0.1434035059328854,0.8353969138752877,0.6359888121550248,0.6669285674836092,4.781861391561968,35.666967,0.112719,1.6907800000000002,25.108215,2328.38801796,True,
20184,0.0470441020499988,0.3207728772412612,0.0936039106051289,0.9223102435458544,1.1299132882158012,0.9128419807033392,-0.0466274923479304,29.205086,0.063377,0.9506509999999996,20.131166,1528.624321025,True,
20185,0.0081267669711691,0.4179214862004061,0.086330116011759,0.551785605172105,0.9401176982075584,0.8070646045172546,5.178978097325897,23.122801,0.05607,0.841043,23.355061,1404.089552786,True,
20186,0.0032039802924549,0.3842743611019871,0.1206731295853356,0.8274663995295992,1.1784464146450282,0.1140367630684916,4.5655743948319945,28.166961,0.068698,1.0304660000000003,26.763065,1959.968950267,True,
20187,0.0144506369939915,0.477947424644823,0.1235697228114366,0.6016839794784065,0.941169096363191,0.9695748586031904,2.326956301222932,28.256175,0.070853,1.062793,27.327577,2007.649230384,True,
20188,0.0019747466473283,0.2029699018415549,0.1047013302068291,0.5010528057636578,1.0715034995356296,0.2949741172793853,0.7628206057213323,23.436018,0.055935,0.8390270000000002,27.915377,1700.985774326,True,
20189,0.0036640646235754,0.3568846043962006,0.0912809719042575,0.599130856068058,0.7681832439133889,0.5753150278847301,-1.5381648348259669,27.907772,0.067852,1.0177750000000003,20.443999,1483.420815859,True,
20190,0.0430014262823897,0.5141380667540874,0.1413601412911193,0.7033464498983171,1.194520581147643,0.2985401372333174,7.319078700809626,27.276743,0.079123,1.1868479999999997,32.474106,2303.04843158,True,
20191,0.0377529191769023,0.501395905168571,0.1452454710250681,0.7609856794950032,0.7810215141778649,0.2668552920089774,-1.049209425763637,38.621464,0.117706,1.7655980000000009,23.518163,2361.595312145,True,
20192,0.0034503973121466,0.3021560066309219,0.1480383310779368,1.359176932916764,0.5462891927167911,0.2331994662406023,8.568854649359391,39.727647,0.153324,2.299862000000001,23.226738,2399.133509097,True,
20193,0.0313894490875026,0.3982084645066626,0.1493961823894432,1.0520398863412614,0.784922385320844,0.4192832751319856,-9.753754755911304,45.751267,0.162019,2.4302850000000014,20.409759,2427.808075096,True,
20194,0.0067174082612676,0.4954731680806556,0.128710052069008,0.8668590428193341,0.8308648860097048,0.8808892196389302,2.252599530621328,33.743022,0.084647,1.269705,23.828192,2090.491504323,True,
20195,0.0035458669830692,0.3946663907482053,0.0911413279272432,1.3210090199898197,1.0539819997109403,0.8607703695621639,5.796172684664054,33.435925,0.072996,1.0949460000000002,17.039553,1481.306368959,True,
20196,0.0182295251664582,0.2131679796042822,0.1037095501976757,0.663273372845036,0.598526983775605,0.0078995490858116,-2.593068990920381,30.754476,0.093453,1.4017929999999996,21.104501,1687.550422448,True,
20197,0.0002263817127124,0.3628835435887814,0.1076341247297788,1.479865845814106,0.727999014805122,0.4077857003680726,9.22696757571758,39.272863,0.112122,1.6818270000000002,17.129734,1749.107572181,True,
20198,0.0113105160356446,0.2058553052987193,0.0920804695545174,1.2529960435840848,0.6546161507367614,0.9797988479048227,-2.247788310200692,38.631821,0.085604,1.2840540000000011,14.903861,1496.984561645,True,
20199,0.0138276681569792,0.2742370745234331,0.1478031637871303,0.9890992910852836,0.5912347856202724,0.4720175894427856,5.54028676788954,39.499827,0.136824,2.0523570000000007,23.339888,2396.99598416,True,
20200,0.044918909175145,0.4167147247704691,0.1088683559513969,0.9971925586087352,0.674698169787374,0.7201902578672696,-2.1375761636466573,38.721381,0.107708,1.615622,17.643651,1776.284965311,True,
20201,0.0134323996669297,0.3221655235938837,0.0962700421981774,1.003982788921627,0.7174715745914144,0.8834860259067578,-9.347818225410398,36.906773,0.125591,1.8838670000000004,16.309356,1565.006806487,True,
20202,0.0183184922236947,0.3744663304188027,0.1338720339137926,1.268745405710331,0.7375990049200195,0.9377147276309756,-9.776266213586274,42.983894,0.139271,2.089069000000002,19.45374,2174.113469866,True,
20203,0.0345597837637489,0.2987281897329232,0.1043699881011802,0.6057131853343243,0.7248287639679416,0.4908780733512844,-0.7015613327384038,29.373723,0.078835,1.182519,22.279048,1701.48834809,True,
20204,0.0217522872568121,0.599878285586976,0.1492132025650969,0.7554452493982092,0.5330027972258022,0.2521391105429942,-5.487134433088984,35.77872,0.142757,2.141357000000001,26.031378,2421.56038284,True,
20205,0.0068907188490116,0.3856335577288362,0.0927592963496547,0.8777191434301407,1.158649864962303,0.4283858181165746,4.006401793777275,25.65106,0.056534,0.8480160000000003,22.604335,1507.545381811,True,
20206,0.0162750763089287,0.4455564695432933,0.1248513495054751,1.3829367659019551,0.6835671024232397,0.6964473653456332,-7.868957333249821,42.388073,0.126996,1.9049460000000025,18.398916,2027.725911032,True,
20207,0.0151226066933335,0.3075797827765943,0.1482413043642521,0.715090780065409,1.054564623160868,0.0114513905653233,-0.3225250099431509,30.497416,0.084922,1.2738269999999998,30.335785,2405.423943156,True,
20208,0.0448209009215774,0.407526973246248,0.084470064761908,0.5590550280861749,0.8950642777321202,0.0996013861558229,9.295825361470818,22.289687,0.070418,1.056266,23.803463,1379.486511674,True,
20209,0.0356459908551371,0.447293772441197,0.1357070119414599,0.9005217325297394,0.8287168729864829,0.7590463009601702,-0.4314306273670922,39.41771,0.104692,1.57038,21.538385,2207.383905203,True,
20210,0.0059405287025578,0.550727731883905,0.1377689201280434,0.7079372021795036,0.6486345076602006,0.4926380393351509,3.7858852291945126,33.841159,0.105024,1.5753529999999998,25.424261,2237.004747195,True,
20211,0.0317263440934766,0.2630063481622015,0.1259421069831256,0.7461119808802414,0.8042846496739,0.3130792117113195,-2.736990458732194,33.159413,0.096302,1.4445240000000013,23.778241,2050.028546508,True,
20212,0.0056873446552498,0.3211653275369602,0.0871954417255174,1.024308136236617,0.6620768448516404,0.3339971088088947,-1.914166541692646,33.385715,0.080299,1.2044929999999994,16.337798,1418.167626869,True,
20213,0.045888574258427,0.578792641827345,0.131532944233622,1.2218465866967976,0.6282748282047473,0.3367199764793837,-9.946175523989815,41.190939,0.153948,2.3092159999999997,20.00833,2142.820912509,True,
20214,0.0363526187553267,0.2304001608870559,0.1245227603736059,0.5752207307895428,1.1564139993470055,0.4718032122083327,-6.9324966723389405,25.112426,0.071238,1.0685639999999994,31.155342,2034.204169134,True,
20215,0.0136088932708687,0.5779337989604953,0.091925563504215,0.8222666684418303,0.5955240395444011,0.1208019931607537,0.4126439691401948,33.70497,0.091159,1.3673819999999992,17.052533,1494.363273951,True,
20216,0.0268054461834442,0.4263237625229022,0.0885807661404737,0.6740683794853887,1.113114476245315,0.5866155222940053,-8.992900543913459,26.397756,0.077226,1.1583899999999998,21.017045,1442.487371177,True,
20217,0.0179148130267069,0.2033965391047241,0.1324896640090884,0.7787139723519567,1.043290961857004,0.8149420930867616,-8.94934431256068,34.193967,0.105761,1.5864140000000004,24.213706,2152.702950556,True,
20218,0.0006361377223597,0.5105831772721827,0.0889020649953426,0.6961795906745861,0.9190684874195638,0.3885544842820539,-9.813288556198945,29.124639,0.093334,1.4000050000000002,19.079481,1444.775751388,True,
20219,0.0015023703726734,0.3379204600953864,0.1424067317920024,1.3067591804799228,1.0312802249201296,0.8915497909740187,-3.723734237649464,40.334749,0.094416,1.4162409999999994,22.033908,2310.703612706,True,
20220,0.0267065761032669,0.4649561910972707,0.0951473276812166,0.9307350892098392,0.8914387235363586,0.7315232463313528,5.657785699754507,29.507414,0.074339,1.1150850000000003,20.182006,1548.348871065,True,
20221,0.0153096541179976,0.2337715312446202,0.1022909491735663,0.794247438758805,0.854308269208651,0.5466262412283825,2.372318271378393,29.270799,0.068512,1.027673,21.852033,1663.028814746,True,
20222,0.0222673496168214,0.5292034096386005,0.0888049497320231,0.8816415947371863,0.5899005943141772,0.9226437829207162,-4.66159467313785,34.520512,0.097866,1.4679830000000005,16.095175,1444.595557496,True,
20223,0.0241112812179298,0.5756728204143768,0.1303484224854074,1.3453055900542528,0.7774241948424703,0.0172040844327955,8.914907449587059,38.477982,0.117488,1.762312999999999,21.167696,2117.674611332,True,
20224,0.0424218344955399,0.2865988216337754,0.0811880734546846,0.8430532801399937,0.897051878729751,0.3427709458162973,-2.0192737386039976,29.213269,0.072548,1.0882230000000002,17.458184,1326.027635235,True,
20225,0.0248157343087356,0.2140807652750642,0.1462025438959957,0.5817568666276907,1.1330482103271189,0.7661409952450188,6.005700551244633,22.979292,0.057579,0.8636780000000002,39.857521,2381.333767557,True,
20226,0.0249937639623816,0.4008713118713488,0.0982966099649978,0.8996293982733234,0.8707373537530335,0.4675853869884875,-4.826224972494906,32.753362,0.089636,1.3445400000000003,18.779898,1599.272480245,True,
20227,0.0037234405810839,0.5672275430933955,0.1006673219601305,1.2952965033650057,0.5284396034672539,0.3997768417987078,4.388280653233354,35.148204,0.096265,1.4439799999999998,17.901516,1635.935932672,True,
20228,0.0464730511367374,0.4519053708332604,0.1090967883287154,1.2110753294083776,1.0676024014778869,0.7723185798770267,-9.556534761112715,38.753665,0.110975,1.664619,17.669731,1780.393736582,True,
20229,0.0387427912136925,0.2169753787640837,0.0931667638040379,1.3635094911055423,0.5404257495910769,0.2540250873380871,-3.4482991118798303,37.186008,0.105836,1.5875449999999989,15.725505,1520.398769623,True,
20230,0.0468565468901683,0.4023351889250809,0.1189197645165855,0.995601816968218,0.6657898178089677,0.6251965995345254,6.3643195961156245,35.602515,0.108511,1.6276669999999989,20.960722,1940.261548833,True,
20231,0.0095578875955557,0.2178592946696063,0.1352996311604458,0.7398692616056379,0.52596097699012,0.9092567474963338,-5.81849188389749,35.549681,0.131129,1.9669290000000004,23.771205,2197.152718149,True,
20232,0.0371204170744563,0.2120026675482278,0.1133765331027108,1.1885727448789882,0.7914309337056469,0.7633044069195631,8.632973493970184,34.541373,0.098015,1.4702249999999992,20.576631,1847.937224985,True,
20233,0.028118718416213,0.3988247535285433,0.1270855128911145,0.6223052293304985,0.659948686909194,0.426710154797647,6.90302905013678,31.151929,0.101862,1.5279290000000003,25.522181,2067.169429804,True,
20234,0.0354425826920878,0.2733614166905297,0.0882524776154898,1.187059531752289,0.9744250533769484,0.443657502269807,3.270244326594847,30.53441,0.063492,0.9523789999999996,18.135657,1439.780164851,True,
20235,0.0339769350753954,0.5450709827485956,0.1121557651490672,0.7931888816607258,0.6975808380703767,0.5381689791537199,-8.767116091249909,36.730655,0.129223,1.938345,19.115769,1825.550299301,True,
20236,0.034461607722868,0.2783905018991848,0.1333085171679156,0.6580683917515774,0.7531044015878301,0.3541835130678464,0.2574680263422877,32.670685,0.095635,1.4345239999999997,25.550524,2170.35811582,True,
20237,0.0457395060493617,0.3739432623819649,0.0950966449450671,1.110099298810163,0.8358236626348625,0.6785941087360785,0.8574815751698921,34.35732,0.078222,1.17333,17.376182,1552.197538339,True,
20238,0.0009332097821629,0.4837879730357478,0.1374541184341989,0.742056391611212,1.0475411061068605,0.6502675749085486,4.70020783441613,29.296957,0.075309,1.129639,29.299962,2231.83924158,True,
20239,0.0446711999476826,0.2573377140045077,0.1183377734547631,0.5384146589272867,0.9959418743425406,0.2564472492064919,-1.98096386707104,27.511741,0.075083,1.126251,27.001011,1931.396544728,True,
20240,0.0236450910897342,0.2598713563208025,0.1013019020511577,0.964262634109336,0.796834858023936,0.3195658127524911,7.469198376661829,29.863696,0.083335,1.2500319999999991,21.230244,1648.435249759,True,
20241,0.0178968024199273,0.2154232336195947,0.0849677321637837,0.9054663747487096,0.5429952342278089,0.1426001628036992,1.4100717481608438,32.876598,0.086802,1.3020239999999994,16.178411,1382.916887824,True,
20242,0.0204666149040711,0.484570422003769,0.1097852673343238,0.6344634022255424,0.5611002146371041,0.5803181349072902,9.355157806868773,30.098113,0.117329,1.7599419999999988,22.81128,1785.098813755,True,
20243,0.0132565395461209,0.5464108646721911,0.0972694340091887,1.477653734714381,0.6334706296854788,0.2208722525292883,-3.614479083410174,39.912435,0.100793,1.5118930000000006,15.237748,1581.256655486,True,
20244,0.043800620835076,0.2077842721431726,0.0882684777138447,1.498372049429863,0.742800440154251,0.1365246459808667,-5.427970449613873,37.824736,0.099906,1.498583,14.679345,1443.630072354,True,
20245,0.0305270129648976,0.391683793698069,0.1391132639640154,0.6287589683732817,0.7489378803423237,0.0407207610195906,7.419476799000925,29.199704,0.097323,1.4598389999999997,29.806007,2262.849110741,True,
20246,0.0049730184748524,0.2976557652182704,0.1456946436120554,1.4754869599570206,1.0070104439134195,0.4840917836945442,2.728497040315201,41.840463,0.098749,1.481237,21.708324,2361.544411627,True,
20247,0.041002498299401,0.2016090162200074,0.0832091956209376,1.0807479195613443,0.7353471103932416,0.995795206268114,-9.30377245422618,36.229226,0.123813,1.8572019999999991,14.435355,1359.75256456,True,
20248,0.0276798033419473,0.3794779824684833,0.0915238859301333,1.2671674464705358,1.1359190281278573,0.4367385381083376,7.726185436191677,28.969653,0.069799,1.0469790000000003,19.779458,1489.810492718,True,
20249,0.032529747314824,0.4001335941918406,0.1437397188202274,1.1352017221421988,0.9569905205279025,0.424980355561295,8.2866576970548,36.164639,0.106091,1.5913719999999998,24.853699,2336.945159676,True,
20250,0.0104604524812376,0.5227791795543575,0.100170669890503,0.5309616719836233,1.078817467081866,0.953776212149038,-2.8781683057161347,23.919979,0.056104,0.8415620000000001,26.177643,1628.038516363,True,
20251,0.0001489516188575,0.3509691587873562,0.1401132258342223,1.0095380735397037,0.7303850922547013,0.949913895667518,-3.983526189696188,41.283737,0.113813,1.707192000000001,21.178789,2273.282820657,True,
20252,0.0041493004287458,0.4279392728357983,0.1449073886920002,1.4152390096433676,0.6320005706254342,0.9585126539072812,1.820336949180561,44.292389,0.115331,1.729968000000003,20.395591,2348.760596109,True,
20253,0.0069234892236864,0.3136537215290671,0.0813416059677577,1.4460864660026538,1.1218955154133414,0.2067597909111107,-4.590424007456642,33.030007,0.067058,1.005872,15.398706,1322.410323755,True,
20254,0.0299677606532351,0.2211577661093663,0.1015520619723165,1.087812139551296,1.086063905104228,0.571507818248246,6.170560016892189,28.975756,0.067759,1.016381,21.957516,1654.21260433,True,
20255,0.025561188984699,0.380347770117142,0.0815927180542943,0.9679786645363294,0.9072595041879904,0.3866727195434579,-2.773276450955077,29.850692,0.069077,1.036162,17.121582,1328.836758188,True,
20256,0.025057288824982,0.270598971826776,0.1145079464836224,1.3277538694276592,1.1385486468890378,0.1643865062895461,7.98893963088506,32.155045,0.080383,1.2057510000000002,22.272762,1862.072377593,True,
20257,0.0475491814225632,0.2408579389119567,0.1243167654541075,1.4316636470385955,0.7446939050221877,0.6400036122306512,8.545963192090241,38.21621,0.10535,1.5802549999999993,20.428792,2029.848628505,True,
20258,0.0177807102454242,0.579784700267914,0.1220406621562593,1.3406875783550118,1.061580166181755,0.3479530388731226,-1.501135443153828,39.285601,0.085718,1.285772999999999,19.405821,1982.160285118,True,
20259,0.0088895142037478,0.5989526432659802,0.0847468578115848,1.0504601978103794,0.6730954228697101,0.6021245130999826,7.2649089558235325,31.597204,0.089634,1.3445150000000012,16.779176,1378.455140076,True,
20260,0.0143330017597863,0.4107010847047782,0.1138595124457041,1.0722612526166682,0.9812200887020543,0.2382784636352598,7.324747287688393,32.697496,0.089066,1.335989999999999,21.751768,1849.19374792,True,
20261,0.0223970532449219,0.3315545908515857,0.143200749697017,1.1073753993216209,0.5004782184023268,0.6602725258546019,2.2310560140286206,36.981426,0.120154,1.802309000000001,24.192675,2326.166973819,True,
20262,0.0378007986460967,0.4947831741654339,0.1214322791877981,1.0129782306669184,0.5519017906429198,0.5181442946100214,-6.090920670434285,37.317269,0.130565,1.9584689999999991,20.369087,1976.308586745,True,
20263,0.0127087438180585,0.498579240052744,0.0894657010519226,1.2459792280130366,0.982063064994286,0.4399276450707724,9.47722193010308,31.799191,0.089066,1.335990000000001,17.590806,1454.370825043,True,
20264,0.0225405782384042,0.3452550538705487,0.1380940684632226,0.6896207523974998,0.5824116281462761,0.2198612546735115,1.7027155817375252,32.435559,0.106322,1.5948340000000003,26.616316,2244.619243807,True,
20265,0.0058611600943097,0.4568259525843653,0.1333809334627408,0.6212685794820019,0.8408665128165141,0.5688298742475,-4.797181509695,31.364373,0.092297,1.3844510000000003,26.559818,2165.88336222,True,
20266,0.0272265039279764,0.3665405818595085,0.1179896861262275,1.1787022089609691,0.8136001405978035,0.7222909410904038,4.148017684852203,37.799067,0.0923,1.384504999999999,19.51965,1918.343854332,True,
20267,0.0055972592935014,0.5329994124983061,0.081453083124649,0.960139432363061,0.7556053339377093,0.8375516268340513,-5.55011305908466,31.384047,0.080896,1.2134400000000003,16.235568,1324.79832697,True,
20268,0.0450086648235314,0.443869161949287,0.1264420440432642,1.0556008649911917,0.7351918608261081,0.2726765503532206,-4.50549387693536,41.364928,0.127194,1.9079049999999995,19.156619,2060.27162024,True,
20269,0.0211333834132054,0.3522792854812674,0.1438654104251925,1.4372143246602722,0.6261534248712763,0.4947317554439726,8.11250114512184,40.911475,0.13119,1.9678560000000007,21.964241,2336.33267409,True,
20270,0.0145953271259714,0.2270558068957723,0.1239598441114157,0.7825986038464047,0.708022619939916,0.8706440529663493,1.0805599294596355,34.591271,0.090095,1.351420000000001,22.391743,2013.853033457,True,
20271,0.0289369685317391,0.3310854808551889,0.1399517940040971,1.079775275907676,0.5088559424928569,0.308699285993975,0.3784827294122692,38.315753,0.135332,2.0299820000000004,22.838185,2275.161903151,True,
20272,0.0064698479030337,0.3117780122283087,0.1320469281276767,1.1019291176707178,0.8273221647667779,0.8642504972820453,0.1842572934707558,39.636204,0.095273,1.4290939999999992,20.79608,2143.121934063,True,
20273,0.0016261036888736,0.2044724638948422,0.1440503490550805,1.4865206320878317,0.7938982778119081,0.9140660421027732,5.875003284983169,46.341704,0.119024,1.7853629999999985,19.378684,2334.907189989,True,
20274,0.0073407397426907,0.4201892432805915,0.1381241689643031,1.0651951453736617,1.0777942393917097,0.6764101057603816,-4.949759164479689,37.110212,0.093412,1.40118,23.230734,2241.453403375,True,
20275,0.0419337784559623,0.3708454258776902,0.1467002272120566,0.8604888160607956,1.0571337648584502,0.1276047711326195,-2.4295189833251154,36.11028,0.099468,1.4920229999999997,25.433042,2387.825082746,True,
20276,0.0496222745375904,0.5942955209598952,0.0895498718802734,0.847660116097794,0.6896110442318084,0.5303240629546931,6.28769335268354,31.029254,0.092958,1.3943759999999994,18.131767,1462.799515719,True,
20277,0.0427181543967895,0.3415221579342907,0.124412902264985,0.6987185387702628,0.7161446995989349,0.5230254073871938,8.474809123180599,31.145788,0.101203,1.5180489999999995,25.051359,2028.635249786,True,
20278,0.0125213912715803,0.5476890243058763,0.1086410977058072,0.5146510986630535,0.6295796321425992,0.8322308294948656,-3.263173427462688,29.510452,0.085027,1.2754019999999997,23.023794,1766.550670924,True,
20279,0.0453534680336298,0.4773372953450229,0.1106474370510335,0.768692970221643,0.5753162832298256,0.7657589019216694,-6.760412119402836,35.825997,0.130939,1.9640840000000013,19.369801,1804.250306492,True,
20280,0.0393978066492933,0.3865323431222491,0.1099832270007831,0.8594968207780143,1.0933781761175736,0.1494412313485532,3.1140708323470285,28.419318,0.066776,1.001639,24.263706,1792.850733688,True,
20281,0.004640482618366,0.2299277884397271,0.1198905404180295,0.7184324354698075,0.732714093119778,0.2704052913502821,5.4666753944137,31.176166,0.09175,1.3762540000000012,24.02448,1947.377012345,True,
20282,0.0491534903794786,0.2207949460034771,0.1470341334428255,0.7329420636390613,0.8030488411869376,0.2299043747391348,3.718564619092442,33.883903,0.101988,1.529814,27.237562,2399.578762085,True,
20283,0.0133883973697966,0.580327718214062,0.1194188205320311,0.7161901435365196,0.9830927291003126,0.9965250435179372,-1.4366223766245376,31.024792,0.074104,1.1115660000000007,24.053994,1940.302392998,True,
20284,0.0207707239317599,0.4676422566664521,0.0957834627992545,0.503299288255226,1.1571406233726291,0.0567351831304328,1.92769572062857,21.434601,0.049897,0.7484479999999998,27.954362,1557.89552262,True,
20285,0.0437710228732437,0.5442447432186882,0.0934961299868367,1.2795897870710593,0.8433867251014902,0.4213101836246892,-8.751950444624928,40.27457,0.11861,1.7791439999999987,14.560479,1524.684349648,True,
20286,0.0434776319176299,0.2054171474234552,0.1489531582488019,1.1158594484959794,0.7566325320149347,0.3315587187093738,-3.1529354825900846,37.750089,0.111017,1.6652570000000004,24.828338,2436.907096655,True,
20287,0.0479685496231491,0.296730853426862,0.1159756528137642,0.7490408598096027,1.109768880111763,0.0866865645678731,-5.9884312184344015,30.540945,0.089423,1.3413510000000004,23.852694,1894.057909972,True,
20288,0.0205043972021573,0.5337683786557819,0.0806143034975017,0.7654842104684225,0.8643139438438074,0.4966244699624088,7.816111887492788,25.962269,0.072295,1.0844260000000006,19.437338,1312.057227769,True,
20289,0.0103298439006576,0.5203338429159301,0.1404810662389886,0.5936747745908622,0.9147574092456126,0.2915820891636131,-0.2224558790182929,29.518748,0.082659,1.239884,29.722507,2281.165084296,True,
20290,0.0463583869961419,0.2112714014912884,0.085317381737029,0.8117362174239859,0.739940924480329,0.0482733409228604,-1.7832225183042016,31.544306,0.087032,1.3054750000000013,17.014061,1395.411550088,True,
20291,0.0158960477678381,0.3340915437335219,0.1396662284740684,0.7743550793908851,0.883904414412302,0.0054960787174913,0.3584617903653164,32.510534,0.088718,1.3307770000000003,26.833397,2268.157004162,True,
20292,0.0264197440155462,0.3890048138506332,0.1034996078571607,1.2875447924640235,0.5638163948659489,0.2519850162721078,-0.4790647285473977,39.327733,0.105318,1.579771000000001,16.473,1684.398981786,True,
20293,0.0323556647262452,0.5299905356523857,0.0845809207313116,0.9684431557146552,0.558220732446851,0.3768261918398252,-8.235002825591666,32.817297,0.112004,1.6800529999999991,16.152853,1378.241749282,True,
20294,0.0492016566204345,0.2234152145376853,0.1317760935265504,1.4530102066035706,0.6126012557856202,0.4742132780539371,3.571456816837358,38.416365,0.107021,1.605314,21.550429,2152.51175595,True,
20295,0.0228527357088739,0.3174221511971993,0.0802397581937904,0.6930787716264871,0.6523806015096812,0.3212840405624306,8.154731801635094,27.581148,0.08403,1.2604509999999998,18.219622,1306.547037657,True,
20296,0.0107620465122417,0.2894708653937838,0.1265543877861028,1.1480384703392923,0.933778784655867,0.3745680259699654,0.5661050710934052,35.575262,0.084275,1.2641259999999992,22.211769,2054.492737339,True,
20297,0.0338896517230361,0.4793758465807798,0.1463330676241414,0.8324779356766497,0.6257811437386707,0.9190854332322034,9.703049033899584,34.722858,0.135268,2.0290180000000007,26.357949,2379.58062769,True,
20298,0.0353795292997611,0.4599394277258049,0.1113960780639285,1.147483425401588,1.063833483915825,0.7056343834164388,-6.146009635705161,35.932924,0.091395,1.370926,19.421397,1814.455713935,True,
20299,0.0148977089563087,0.5312316328120583,0.1393578309058412,1.0395924165272148,0.9486213227006964,0.0425512959081709,-8.179437188212855,39.772512,0.123612,1.854177,21.873327,2261.888643431,True,
20300,9.876961795158352e-05,0.5417774284316206,0.1156168068785386,0.5654948135145317,0.5492850534128131,0.9662116919736938,8.180008612497765,33.034079,0.126238,1.893573,21.859933,1877.519187565,True,
20301,0.0314620842481466,0.3603727755260366,0.0918364074596604,0.725240792070005,1.0388989560649284,0.0262734670319957,-7.823890858712396,28.243534,0.084104,1.2615560000000006,20.36497,1495.464687243,True,
20302,0.0106450405729594,0.2820864322912321,0.0820641614409617,0.6658697077494155,1.020761635335513,0.962440078417106,6.5725750696935,23.528776,0.056721,0.8508129999999996,21.822532,1334.98936303,True,
20303,0.0258620986223558,0.4830251075187371,0.0904547633338687,0.7351562661447344,0.6533714219362818,0.8432369688740022,9.501262342100038,29.111858,0.104341,1.5651200000000005,19.446624,1471.931142321,True,
20304,0.0459878867437831,0.3591550660321985,0.0993241045449628,0.7090572789015024,0.9202472868902594,0.8207648732074639,-2.196002434529783,29.293341,0.076026,1.1403949999999998,21.299498,1622.226983743,True,
20305,0.0098897525835062,0.4738689915419691,0.1468738354481301,0.8500807483627149,0.6560986213038915,0.5945371563646512,8.99428241718531,37.578046,0.138769,2.081536,24.390423,2383.015465723,True,
20306,0.0122597172435575,0.2699864558849718,0.1430105459395477,1.4349677114443078,0.945561210551878,0.5104666388269707,7.102801652262809,40.618326,0.1066,1.599005,21.975361,2320.766223671,True,
20307,0.0062024562099371,0.5216669548361079,0.1254174757337222,1.004034793165132,0.7256310710325473,0.0747095184928627,0.313022501425058,39.255989,0.108662,1.6299309999999991,19.943277,2035.521894911,True,
20308,0.001766741957226,0.5193781366638683,0.0995664465935646,0.7224209556986768,1.01675412487991,0.9511883123838784,-7.195049822770818,27.228685,0.073237,1.0985509999999996,22.854689,1617.988140339,True,
20309,0.0348562800399869,0.5835048688956435,0.1299855746793991,0.8712444922824626,0.9425842348771494,0.964692349393604,-0.8150948554492885,35.600473,0.088554,1.328316,22.850321,2115.053842394,True,
20310,0.0452701546582561,0.5530766440119446,0.1141071519771955,1.3841234332583232,1.0038016247159165,0.3455976790390381,6.473170729959779,35.158119,0.087602,1.314029999999999,20.343552,1859.626615164,True,
20311,0.0455562189555844,0.3395300999857841,0.1042315756583796,0.5634660662716577,0.9677849896402136,0.1846938887911315,1.3601068196492463,24.925587,0.063304,0.9495579999999996,26.265724,1702.190378427,True,
20312,0.0116928928416565,0.5116110037592589,0.137626189432339,1.2406377250590954,1.0997002096017017,0.4347048733880947,4.206677353708574,35.601545,0.084339,1.2650910000000009,24.133683,2233.910615447,True,
20313,0.0287997776391814,0.5692774972135282,0.1146320784036371,0.8010705747222913,1.0580076370364844,0.1233368953008244,-9.967549427647644,33.801601,0.106043,1.590643000000001,21.215447,1864.501845858,True,
20314,0.0282393090272172,0.5355836165374925,0.0850622994559778,0.9276731237385252,0.8096187141117037,0.927740411210489,2.092967799980565,29.42313,0.064038,0.9605630000000004,18.110322,1385.442167956,True,
20315,0.0029001368951469,0.4228630000427847,0.1129651958068301,0.8376101368180081,0.6505129795841358,0.4640798653947245,-9.91252543170646,37.712096,0.13979,2.0968579999999992,18.702304,1833.788083945,True,
20316,0.0404214480553901,0.3729863266484285,0.086140084144959,0.5522722172419098,0.9318276848835464,0.7998073346100708,-5.602063183399365,26.630611,0.075662,1.134931,20.302312,1405.723711802,True,
20317,0.0483335882024883,0.4618015214972167,0.1228894410972088,0.5279174105440589,0.9092973857245102,0.6724508238882155,9.63441597309916,27.097827,0.087919,1.3187860000000002,28.454247,2004.725496757,True,
20318,0.0409324955422703,0.5006156950518729,0.1471906489085955,1.4397384020540152,1.040776438045963,0.3735160441724361,-6.616960389359944,46.665596,0.124619,1.869285,19.745499,2395.732260675,True,
20319,0.0290114937424425,0.2397629039316117,0.1302143845154429,0.9622135152955192,1.0372016304578082,0.56607678137934,-8.325173740128047,36.966644,0.112091,1.6813640000000003,22.035057,2117.861466996,True,
20320,0.0284297837590698,0.3237000289794623,0.1222981448866647,1.470489964570474,0.912452362020858,0.7352221870697637,-3.37257567305401,41.065656,0.094821,1.4223130000000008,18.631238,1989.270418418,True,
20321,0.0373592087815483,0.4558381712679352,0.1199883525328298,0.9374425149176702,1.1792728414418512,0.7788247750675407,-1.4467481780998064,32.115221,0.073726,1.105886,23.388579,1952.936359087,True,
20322,0.0414485867073853,0.5711377419081589,0.1328757641198886,1.3109987889930008,0.5026223017258531,0.8797879925682646,-0.971154023331218,39.084673,0.110022,1.650333999999999,21.289992,2163.492178271,True,
20323,0.0286083907323947,0.4566533216953818,0.1474052126224136,0.7596938509641481,1.1456239265299453,0.5336391215185524,0.5135459985190298,32.771216,0.083056,1.2458350000000005,28.099641,2394.234463529,True,
20324,0.0280126931110314,0.5263673921042902,0.1102084413559109,0.7440209556890027,0.8006422243787208,0.8097283691533109,-6.690860802293951,33.375094,0.101569,1.5235280000000009,20.674336,1794.02058205,True,
20325,0.0413326157717373,0.4666323578833964,0.1115053168818709,1.1447777382370372,0.5833959943270972,0.2369542098231138,-0.1089142816137602,38.385151,0.112885,1.693277,18.215406,1817.922915725,True,
20326,0.0026556498497376,0.5240854261276728,0.1378799985681656,1.3892220898740952,0.6685454955407942,0.0196963247468399,-5.341494117760756,44.150461,0.135072,2.026087999999998,19.492513,2237.568890605,True,
20327,0.0416850386652923,0.4923102509182454,0.1386017710207819,1.2245750954083738,0.7673811749688406,0.4868716874788653,4.339229242513035,39.801296,0.109461,1.6419130000000006,21.805557,2256.51256029,True,
20328,0.0473536215000416,0.2647590491964516,0.0941396413911386,0.540570822437393,0.8171018538731102,0.5098939454876154,5.802915821591286,23.268741,0.061173,0.9175950000000004,25.443426,1539.294885161,True,
20329,0.0351526274919609,0.2463851297904071,0.1342059914311207,0.8974152273403481,0.6005781845080548,0.5834176654021889,3.3274967430320928,36.158462,0.107989,1.619828,23.239375,2184.780140157,True,
20330,0.018501262090725,0.4146758915830226,0.1142781136475066,1.293286315488206,0.779262795562909,0.4056004464919401,-7.39695489207033,40.681353,0.117307,1.759608,17.554157,1856.72979475,True,
20331,0.0146157431668107,0.3040216611428894,0.0901498392654812,0.8538635483765702,1.0756147415921404,0.3719089580479288,9.84263545459822,25.822683,0.073776,1.106643,21.830604,1465.684395481,True,
20332,0.0196458439588495,0.4860256976174127,0.119202710120826,1.237906846360736,0.5540599524871835,0.3346136773981947,-5.708457550724631,38.607272,0.128749,1.9312310000000004,19.292422,1936.552231674,True,
20333,0.0321122055657805,0.2591368495143607,0.0859524455846481,0.76294682529663,0.6349027392285503,0.5400778836958621,-7.973095909403742,32.649689,0.11618,1.7427039999999998,16.507905,1401.342732725,True,
20334,0.0260178149896045,0.5148895143922976,0.1148933234072533,0.6024140353413706,0.5303631714662941,0.0242471263409461,6.419571551563724,28.568999,0.100596,1.5089369999999995,25.155971,1868.570362601,True,
20335,0.0349519829716018,0.3778498082374129,0.095904498885622,1.460246472049246,0.7057998590232621,0.6900337974809287,-3.535989942061497,39.713659,0.094622,1.4193249999999988,15.134144,1562.683795022,True,
20336,0.0231812837873103,0.4413272212244827,0.0868544425638516,1.0582825201778174,0.5968696702103593,0.365574780267373,-7.462515640309049,34.116406,0.105143,1.5771379999999997,15.941634,1414.065306114,True,
20337,0.0181795321585054,0.3830269304060256,0.0974473110433394,1.0715385772383297,0.8562335699275133,0.8994845574315913,2.315138974655099,33.316642,0.073071,1.0960669999999988,18.292976,1584.597375323,True,
20338,0.0115080094017321,0.3227632969748357,0.1067320843999583,0.7961980697665858,1.110870768815159,0.6865828312533678,1.134346157990704,27.031526,0.059481,0.8922109999999996,24.681063,1734.633689758,True,
20339,0.0288219126338173,0.5254526932223914,0.1197292054873045,1.0893841874244492,0.7512454839799225,0.8526634229461726,8.815673949971266,36.439892,0.112762,1.6914300000000004,20.545896,1946.594650497,True,
20340,0.0368115797707754,0.4471118962389295,0.1234366372809375,1.3432592168530268,0.5893758698746294,0.8392953534212262,3.1687108621382194,40.270595,0.104294,1.564407000000001,19.187774,2009.027940661,True,
20341,0.018442883389909,0.3134878036367092,0.1020222985818772,1.2033142069341738,0.9361089734986072,0.222052997736913,9.045697008562364,32.461078,0.091043,1.3656419999999994,19.658342,1659.1405805,True,
20342,0.0436120945142232,0.3936464695786874,0.1151156771901325,0.6407289156183814,0.8797505212646981,0.9218720781597468,-1.736169017961135,31.876695,0.084853,1.272799,22.648453,1877.090374467,True,
20343,0.0369802310090614,0.5351829049452045,0.0938389315457293,0.5772394141466894,1.0956315157534582,0.8121942786702797,-5.595828828581926,27.07889,0.071155,1.0673210000000006,21.712826,1528.693936168,True,
20344,0.0380583311018341,0.5034709201490057,0.115308670287111,1.2973452425855276,0.8668818323728142,0.2249553715902264,-6.912006392931113,41.205974,0.117168,1.7575190000000005,17.520878,1877.108612268,True,
20345,0.0454333883261498,0.5696239849903337,0.1349658837974396,0.9331708225784834,0.5116841430599421,0.0392900830027811,-8.312849588003287,35.264122,0.15163,2.2744490000000006,23.987669,2199.350563899,True,
20346,0.0021112380026155,0.5176147842263594,0.0880148555568815,0.942511741377312,0.8587153571377198,0.3663364143514225,0.7510433180439797,29.266853,0.06242,0.936299,18.810713,1431.378939733,True,
20347,0.0266406213857302,0.4802572389053322,0.1310323147199639,1.2495325958337486,0.6156413961939615,0.2037830425128435,4.264027505433541,38.946595,0.118391,1.7758699999999994,21.029771,2129.498692476,True,
20348,0.0271856573114997,0.4371279041102195,0.137146002075761,0.6555941010798925,1.134896118296354,0.7949940527945165,0.4685628884332402,26.638048,0.063773,0.9565969999999996,32.19857,2230.038323215,True,
20349,0.0263505964278988,0.431560929930274,0.0933298404428677,0.7916817482486225,0.5486471423628911,0.6938918514438518,3.8055221054682704,31.78852,0.089317,1.3397500000000004,18.375324,1518.723369788,True,
20350,0.0432133751928103,0.2927775646805176,0.1476740492291496,0.6617536051518359,0.6224360031213493,0.0208411815267821,9.166430300728258,32.101607,0.12279,1.841847,28.817511,2405.229883233,True,
20351,0.0121132778946121,0.5283910870180524,0.1288819615228182,0.5881835873316055,0.5741786177949608,0.6150718980038399,-0.5072379617546261,33.7334,0.104396,1.5659340000000004,23.868532,2093.433547777,True,
20352,0.0461768158657886,0.4970930714087284,0.1168072099390865,1.4884364524650984,1.1614285161473648,0.2688874210331693,-7.32894099823857,40.720591,0.103369,1.550529000000001,17.984863,1904.121075303,True,
20353,0.0247701342503523,0.54605083714965,0.1266320561065209,1.454534692974772,1.132249755688714,0.7618512405473257,-8.612615999463078,41.204071,0.106673,1.6000899999999998,19.208549,2057.823073195,True,
20354,0.0203732602799309,0.2162313641803853,0.1068605580040661,1.291434833431388,1.1735403374335902,0.7268122082418029,8.378439347447571,31.232789,0.07624,1.143599,21.408982,1738.521763379,True,
20355,0.0482189113415381,0.5056732042712238,0.1191325000787069,1.2630718198855466,1.1067586461888648,0.9612966056488296,9.40253796391097,34.1986,0.095094,1.4264119999999991,21.845978,1942.46488239,True,
20356,0.0232437337369474,0.492920263407986,0.1337241665936167,1.3973362209819955,0.9988352345008926,0.4317223296293955,9.916910000339826,37.646457,0.108816,1.632244,22.195926,2172.554769953,True,
20357,0.0352200074312899,0.4888047118965004,0.1370229312407752,1.0914463791025262,0.6767170429210736,0.5570370168156357,-4.722810875942869,42.009571,0.131184,1.967765,20.404399,2228.668082415,True,
20358,0.0315183580046005,0.4983051035944351,0.0878766226280625,0.5297750138379858,0.8831884888349847,0.0475786622380871,-9.395022777638054,28.53548,0.096781,1.451707,19.296701,1431.665608556,True,
20359,0.0477359600544676,0.5092293853025827,0.1168704036568708,0.5610928700810545,0.9722814917401424,0.5278987705489081,3.4785125633681133,26.289531,0.069785,1.04678,27.889795,1906.344987464,True,
20360,0.0193677536055934,0.4246064170479339,0.1178645163138009,1.304155908309168,0.7907292749689574,0.7283581122596439,5.414966512807659,40.016728,0.097973,1.469600999999999,18.404143,1914.831267832,True,
20361,0.0060107659262789,0.2583707826347988,0.0977563690354499,0.5184755688789329,0.9602166787800932,0.9173287322528816,2.651168791702821,23.130316,0.053649,0.8047310000000003,26.415425,1588.592515001,True,
20362,0.0004825584737075,0.4234075562815513,0.1399119955780804,1.1964384932315368,0.7495005464213172,0.0025193465123606,-7.287248811916504,43.582033,0.14048,2.107197000000003,20.034187,2270.139571401,True,
20363,0.0485892504372496,0.2483852473964452,0.1295041127348287,1.427441107366934,1.1883793648851042,0.5552340553933215,7.192385784299965,34.301396,0.0797,1.1954969999999996,23.712782,2114.791954082,True,
20364,0.0077656151505151,0.4331092035840078,0.0967105227944256,1.3673284520517153,1.0749292987030157,0.0672351883382175,2.458908128378731,33.220201,0.066761,1.0014210000000006,18.198215,1571.825732411,True,
20365,0.0431171743735387,0.3269367002028294,0.1216389711738323,0.6537673390446221,0.5720066809890222,0.6550005464853453,-2.3309831946393853,35.405882,0.119737,1.7960510000000005,21.550495,1983.837099221,True,
20366,0.0186984362104128,0.4869953051286467,0.0916998209852933,0.5218278573820812,0.8582057661133605,0.6138830067768565,2.554349100640108,24.490657,0.059263,0.8889519999999997,23.417581,1491.131056714,True,
20367,0.0394354080068692,0.325257576548226,0.1120519846248175,0.9184115782703136,1.149945282565173,0.6393607023852622,-7.491008036160789,33.222493,0.093216,1.3982390000000002,21.149236,1826.838950937,True,
20368,0.0176150775692413,0.5275711912139569,0.1190256179942448,1.0847889616692123,0.8599269549261546,0.7194672890304045,-4.3462591986384345,37.868053,0.097331,1.4599640000000011,19.63578,1933.278769233,True,
20369,0.0102582288032178,0.4197109300606546,0.0855641057738462,1.4000670787751233,0.947711363830159,0.2086454853522064,7.122030051187011,32.259488,0.07609,1.1413469999999997,16.594939,1391.895025633,True,
20370,0.0297269135078432,0.4658934073326123,0.1094532620533244,0.6265801571599754,1.0227459081859955,0.3025577392895799,6.817928097719893,24.067563,0.065419,0.9812809999999996,28.479808,1782.14282785,True,
20371,0.0219689896691515,0.5772014317100611,0.0944962260321698,1.0405426498686563,0.732240984074942,0.0848911251703405,2.561711252672975,34.522359,0.086861,1.3029189999999993,17.122003,1536.839064747,True,
20372,0.0221348901743719,0.3785961598650188,0.1030218521295344,0.6736389065048698,0.7897805139402423,0.644972899191609,8.487570385339055,27.846878,0.083297,1.2494489999999994,23.155641,1676.512035834,True,
20373,0.0097773912683968,0.5503049620621945,0.1422773572893716,1.3541072439304949,0.9789235739171376,0.24947928006082,-4.273822334812378,42.087876,0.106313,1.5946979999999993,21.100073,2308.948893008,True,
20374,0.0245283289249935,0.3615824326064323,0.1056512174272397,1.251877219083568,0.8363359559015751,0.3009700072254095,6.212692401189106,34.341743,0.086524,1.2978620000000003,19.2534,1719.107842703,True,
20375,0.0173804093319452,0.4065516821712298,0.1387204583913425,0.9778137621880356,0.9615537155425258,0.3224665726994944,-1.333679905836009,34.739056,0.088157,1.3223509999999994,24.933937,2252.071729776,True,
20376,0.0493275433334835,0.4028403703600235,0.0956321055059736,1.2740022200200736,0.6922863514628591,0.2768910070698392,0.0107423733376261,38.36609,0.094955,1.4243250000000014,15.657575,1561.871849222,True,
20377,0.0391552719390932,0.3240893390960786,0.1367743462715518,0.7311506209346059,0.8693756807315436,0.4026423046884252,-8.704613213145498,35.302157,0.123942,1.859133,24.278549,2228.421377433,True,
20378,0.029644642363816,0.5431919323716629,0.1134823600420027,1.142732003349242,0.5944166254381854,0.4799691355506165,0.9143919014651268,37.976825,0.103939,1.5590899999999994,18.689194,1845.366278647,True,
20379,0.0442616908957747,0.3459378069781029,0.0979073788453157,1.0475274045329368,0.6173009527285866,0.3922898138585576,-4.363268314237133,36.502685,0.111124,1.6668650000000014,16.835648,1597.82051814,True,
20380,0.0152664106832372,0.4760398073647465,0.1143255899177027,1.4838612205224675,0.9999053059345948,0.788893108287654,-2.68986359919497,39.60881,0.082656,1.2398439999999995,18.033961,1857.189650855,True,
20381,0.038353109004051,0.375672430012821,0.1075733736469179,0.8172465405816699,1.0084010235660468,0.5344299175614908,-9.428964958416506,33.595457,0.106565,1.5984679999999996,20.071827,1753.23776619,True,
20382,0.0240225459317119,0.300015769134739,0.1357549037426099,1.1239350086038962,0.7627645070026109,0.8586372217824431,-1.6859412891775811,41.33389,0.105729,1.5859330000000007,20.527888,2206.093390185,True,
20383,0.0346492945220996,0.2425499951355966,0.149555072828176,1.353850030067017,0.8341715515025043,0.6630008948879356,-7.637871982137248,46.714471,0.143611,2.1541680000000003,20.016378,2431.141768633,True,
20384,0.0031458097426103,0.5157715883094955,0.0997468429270213,1.0068100340282131,1.0453686479298268,0.4143749021915809,3.73739605322154,28.998851,0.065833,0.987501,21.499173,1620.973405436,True,
20385,0.0147831449197264,0.3034980788961361,0.0949268667995412,0.9799024582259528,0.7104792894261267,0.620136622749867,1.20397996380958,34.767626,0.08169,1.225353,17.072671,1543.298227182,True,
20386,0.0422531097481102,0.4320955226661759,0.1139673418508702,1.163692948974831,1.14524600969778,0.107621282232995,-8.901711587308181,37.317454,0.107151,1.607265,19.137715,1856.8440723,True,
20387,0.004386727303409,0.3494935928426205,0.0828368513937503,1.3810923034773297,0.5704543275619761,0.3627683777642803,6.241317778362184,36.237853,0.09623,1.443448999999999,14.292513,1346.618001328,True,
20388,0.0367383516176796,0.4718014674536509,0.1475352006351228,1.317122592928142,0.9282406326547644,0.7105541093448057,-5.319295180235774,44.827082,0.121079,1.816179,20.589052,2399.662481773,True,
20389,0.0465555089665567,0.4221679100401158,0.0821595449862407,0.5963716978607088,0.5447011552169425,0.828204247299566,-1.825645959061741,29.736497,0.085594,1.2839069999999992,17.358735,1342.088692943,True,
20390,0.0359733324858608,0.4630194412357096,0.1304064555000336,0.9537652480718012,0.9935535188974908,0.6192518201460434,-2.366619926264457,35.757405,0.090807,1.3621039999999995,22.819803,2121.540027858,True,
20391,0.0471972196816365,0.3354177073031865,0.0908719820559932,1.2144680376265944,0.806837500119093,0.9562131322811211,8.938554510671285,31.844309,0.094504,1.41756,17.925996,1484.186478791,True,
20392,0.048748146235501,0.4045299550593209,0.123381408833008,0.7889956385981174,0.8944919215671187,0.2803429104377524,-1.6316095319689945,33.906012,0.093944,1.4091550000000002,22.848466,2014.220878891,True,
20393,0.0337126099053187,0.5647076331752692,0.1004859815642437,1.184083244114333,0.904662198470264,0.5850231240477365,1.172740722366136,35.254861,0.077341,1.160114,17.850555,1636.228914399,True,
20394,0.0149903988730527,0.3686693687391491,0.1128905864458187,1.3482723382038004,0.8486987023687036,0.1773345105887597,2.699595300559165,37.754937,0.086175,1.2926260000000005,18.681919,1833.870128599,True,
20395,0.0209548291056605,0.4056290961315412,0.0893565203611825,0.9288732465767114,1.147565899639029,0.0284841038353988,9.668003179651116,25.816543,0.073778,1.106675999999999,21.653865,1453.472638352,True,
20396,0.0083876754949693,0.2602921950949695,0.0991882319662574,0.8035053102273468,1.1244092619007948,0.259676854132329,-5.245412268131463,27.032669,0.068376,1.025645,22.941627,1612.450814474,True,
20397,0.0407893199596715,0.2801340980501021,0.1218081123510726,0.8694222471090043,1.050752548906614,0.0621965395591844,2.9111577425527617,30.347062,0.074731,1.1209610000000003,25.171258,1986.071688973,True,
20398,0.0395597641611057,0.4360766056783932,0.135525263891857,0.772894223708682,0.5785186241192755,0.8465702216911117,-2.041563202999672,38.004282,0.123223,1.848352,22.338404,2207.282999935,True,
20399,0.0469731017459306,0.262365401011623,0.1327041375749366,0.6671679788855844,1.0323919063062756,0.8347896346308123,6.921746285278605,26.879547,0.07196,1.0793970000000002,31.000965,2166.558897729,True,
20400,0.0400694763187921,0.4746945088845301,0.1092627897379416,1.0983122409425967,0.5368608411262981,0.9733344083012916,4.603016799496622,33.701977,0.092366,1.3854860000000002,20.325021,1780.982828298,True,
20401,0.0237019989074858,0.4116121737123422,0.1137129114533135,0.6329257932422055,0.9879903568083356,0.2746660585141529,-3.9162698075222337,27.226815,0.073635,1.1045239999999996,26.121404,1849.126799269,True,
20402,0.0466755218668921,0.2683511215164743,0.0914214550903225,1.0182579450826412,0.556825935674746,0.8769991801473269,-4.011163510336488,36.80595,0.111459,1.671880999999999,15.608244,1493.638278695,True,
20403,0.0202891197069815,0.4816350541947639,0.1162597779391248,1.044218973814003,0.9108703784909886,0.3165694877433886,-9.207357255193216,38.777485,0.12173,1.825947000000001,18.733463,1888.735137893,True,
20404,0.0484688819034259,0.209638676023413,0.0941472112861445,1.4565387889347785,0.9351297280272028,0.0921985561818576,6.711459749349778,33.228143,0.078204,1.1730590000000003,17.82744,1540.169061053,True,
20405,0.0238620925222554,0.4873978453338549,0.0948316297047572,0.5548723903081548,0.9521807815237198,0.4499395078934768,-6.525679516056515,27.843059,0.080169,1.20254,21.310165,1542.684408669,True,
20406,0.0139800452026231,0.5267485334187079,0.0873502679792498,1.259385686894132,0.8329221925297235,0.0138929995818048,5.215446770352731,33.025212,0.078227,1.1734050000000007,16.541895,1420.378949503,True,
20407,0.0456008677717061,0.2532459725667116,0.1147716360941497,1.1395599544616075,1.1908054591135993,0.6696669347717976,-4.414936035517751,34.664778,0.085702,1.285527,20.781779,1873.028962454,True,
20408,0.0406738495930525,0.5978248600719194,0.0980917034216448,0.5687450283941283,0.8511556962975744,0.4685223069827339,8.054095548537838,25.389916,0.078938,1.1840780000000004,24.226488,1599.282119504,True,
20409,0.0086133091564132,0.5890045684040979,0.1447077040690763,1.102250537366816,0.8528933356488625,0.0351695684704734,8.323413656732491,37.616331,0.117203,1.7580410000000004,23.99745,2347.009637349,True,
20410,0.005131010098786,0.3063020786511418,0.083756731786947,1.0306271423112174,0.6045552577141258,0.8699540107532008,-3.692948018800704,33.869373,0.081923,1.2288430000000012,15.469991,1362.293170922,True,
20411,0.0312782971645457,0.2936682747990541,0.0804037482109544,1.2430902913687003,0.601642906429986,0.1325942042942638,2.062280777961149,34.282889,0.081509,1.2226369999999989,14.704458,1310.689405486,True,
20412,0.0399523729343368,0.2435360121990075,0.1359727949249884,0.902281535371598,1.0706854574543705,0.983848002049761,2.5043542987396084,31.847319,0.075593,1.133902,26.756732,2215.538462547,True,
20413,0.0020982612716871,0.5521760281502105,0.0822799387675825,1.3386751883100714,0.8461629220616296,0.3979754475151031,-6.454729497807168,35.575333,0.086341,1.2951160000000002,14.460173,1337.506248696,True,
20414,0.0014502447297207,0.2191689456074914,0.1446305865408366,1.4739366917962706,0.9230331515166876,0.8490796126809039,9.134224324502284,42.71505,0.116906,1.753596,21.108228,2344.261493188,True,
20415,0.0417875714478452,0.2654469270190592,0.0833636514171327,0.5838909483683142,0.6860275359323085,0.3696058887078569,6.990234432002879,24.320783,0.06982,1.0472959999999991,21.532689,1361.598846516,True,
20416,0.0220490003070413,0.3420539995844515,0.0898165038164157,0.5058327167313744,0.6779235364328651,0.231933677642011,-8.675207005013913,30.861314,0.111982,1.679723000000001,18.20902,1461.081145201,True,
20417,0.006540983300745,0.366351740204189,0.1363627076081149,1.2325547307939362,0.6625891367415628,0.520964584196005,-3.5762371145165464,42.874572,0.12152,1.8227930000000008,19.851898,2212.968224836,True,
20418,0.0194923986510466,0.3026007747618702,0.1184936056204449,1.0672285408990645,0.6392739079010517,0.2920718109998922,9.93932817079683,36.880881,0.126516,1.897746999999999,20.075445,1925.040196179,True,
20419,0.0243522137807032,0.5392708765892171,0.120560001188189,0.7996942734453796,0.5129259351466742,0.8743864618978995,-8.557906022042427,34.089025,0.138865,2.0829780000000007,22.116297,1960.199839232,True,
20420,0.0300392642411438,0.3717054685401021,0.1109043464578907,0.9551873481431016,0.9551794003611837,0.9331479064051154,-6.648847978246659,35.275715,0.09797,1.469557,19.68502,1805.448254862,True,
20421,0.0025653500028874,0.278911215363041,0.0871082911541776,1.4329942052973204,0.7420420305787625,0.0529551204375683,1.3358381463618034,39.112336,0.084683,1.2702519999999993,13.917484,1415.29780277,True,
20422,0.0007550658977371,0.2389558790474916,0.1326086998891508,1.2606071504835636,0.9160217737053498,0.9706104796779752,1.2737587024061128,40.192264,0.090119,1.3517840000000003,20.595557,2152.233408235,True,
20423,0.0421430712965314,0.5406722625115017,0.1247501083250908,0.651954111925833,1.033751454163056,0.1622640973619439,-4.238949405364769,30.347675,0.084807,1.2721109999999998,25.759065,2032.492071423,True,
20424,0.0472058905247815,0.3065735210981612,0.101246289993153,0.9060109351518616,0.8623578112301897,0.1898332754064851,-9.618564877666284,37.446703,0.131912,1.978679,16.983658,1653.553238918,True,
20425,0.0462270500786206,0.3821328987533225,0.1038695344271472,1.4816512800759725,1.0303020147216957,0.6953343672713257,-2.961197909809588,38.516921,0.086153,1.2922930000000008,16.932615,1695.699734499,True,
20426,0.0003771830972649,0.3693932037151592,0.1261461678297899,0.6179341520947423,0.9538413075424071,0.1575648042659205,0.211719327010817,27.643941,0.071302,1.0695349999999992,28.502156,2048.571040308,True,
20427,0.0230348693502215,0.2352928553182993,0.0839302558253272,1.4281972543694763,1.1656605103669095,0.0649147679401635,9.73131469503252,29.467807,0.076099,1.1414910000000005,17.840578,1366.879045974,True,
20428,0.0308708542801806,0.3197760971298161,0.1164059250193885,1.4410744446022314,0.9252483722686472,0.4408397112160808,7.032634816370557,35.185649,0.087175,1.3076279999999991,20.705624,1894.206089409,True,
20429,0.0420671994424002,0.3964873969657014,0.1459024998289745,1.0228974217494768,0.7121090493292191,0.1989737932713418,5.383082976882198,37.480453,0.118009,1.77013,24.386265,2376.421495737,True,
20430,0.0341782213862427,0.2323126388973066,0.0856063360120405,1.2574948943769488,0.7748006117950793,0.6099042009989917,6.623649669734107,32.057357,0.077386,1.1607950000000002,16.754698,1396.48943862,True,
20431,0.015485414907238,0.4429662194891488,0.0832683944106267,0.5576408394892235,1.0238433046241815,0.5634885482803602,-1.1925826878102423,23.382798,0.051572,0.773587,22.284455,1354.789560753,True,
20432,0.0355782662284863,0.4548906045731891,0.134036501910276,0.8059340697956292,0.7763285829823363,0.214163308728202,-0.3935734916532087,35.397749,0.101057,1.5158509999999996,23.70768,2181.916123744,True,
20433,0.030656303966213,0.4684781036044315,0.0961190013787599,1.0369350159524604,0.9675133686086036,0.6071972043206527,2.154991190430387,31.532467,0.068713,1.0306949999999997,19.087007,1564.837108247,True,
20434,0.0402608264063736,0.5713773730455401,0.1421014852247635,1.378048317415073,1.169322666360363,0.5916616770589107,9.83114548794163,35.862307,0.101153,1.517301999999999,24.806078,2312.968269405,True,
20435,0.0030715220076728,0.4532671086685477,0.1341538105003307,0.5107396842598213,0.9693121179928904,0.6428811996926742,-1.2923947133826417,27.70425,0.073074,1.0961090000000002,30.242984,2178.433883699,True,
20436,0.0435073707967906,0.5028440870381989,0.1052044137112308,0.7502946255959306,0.9955242444339848,0.715956241839168,6.792628553685141,26.630421,0.071726,1.075894,24.776786,1715.522210562,True,
20437,0.0085265650674059,0.5856413506913665,0.1029397834154527,1.451400977590228,1.1856841747483924,0.4129149813002222,2.869262348801991,33.534366,0.065174,0.9776049999999996,19.189192,1673.093230097,True,
20438,0.0398198172176575,0.3701036204576233,0.1444183889384336,1.3998798438224678,0.6956055593174957,0.1782856967699165,3.4889263235418646,43.244509,0.128393,1.9258909999999985,20.912029,2351.259129365,True,
20439,0.0239873345846251,0.4349743996816486,0.1485508170558195,1.170339014688471,1.0846265597693303,0.264265228610026,-2.2358889065943206,39.380013,0.100798,1.5119699999999998,23.536763,2409.88293849,True,
20440,0.0192839833408201,0.3347192012014813,0.1008630167110443,0.6187907849084067,0.7634276503311244,0.7134981701429952,-9.1899166900202,32.02837,0.112288,1.6843199999999996,19.706742,1641.054555419,True,
20441,0.038542748694385,0.3180134752791079,0.0925026924281251,0.7700818410010598,1.1377554478724363,0.6536328913745673,8.420763233231387,24.054209,0.063067,0.9460099999999998,24.114248,1508.127796967,True,
20442,0.0195912077174377,0.2903729780003355,0.1488218697414237,1.247572017820772,1.0607916222708882,0.0509603796547532,-4.901099808723175,40.633708,0.108461,1.6269159999999996,22.851231,2414.178621336,True,
20443,0.0024936326982824,0.3908480037682605,0.115502931234631,1.230311387700262,0.9079347474145272,0.9017602298073052,-0.6668351066603293,38.223501,0.081701,1.2255149999999997,18.869302,1875.252087143,True,
20444,0.00456274435039,0.2147719231759994,0.1071162008144689,1.0755978274662292,1.0402796155396714,0.2851723854918903,-3.486229712836261,31.573699,0.074619,1.1192850000000003,21.202971,1740.586156615,True,
20445,0.0358332020422502,0.5237383888912843,0.09691971399608,1.0938906217325306,0.8850998701208914,0.1701375939097094,7.5272790339103715,31.44593,0.087692,1.3153760000000003,19.309319,1578.71866884,True,
20446,0.0334932356230546,0.5185300216347157,0.1275099763339618,1.182580185957003,0.8376764390931336,0.3602853696996232,5.314084248296888,37.379567,0.099543,1.4931490000000007,21.339333,2073.903055176,True,
20447,0.007815158331741,0.2351154190639851,0.1321680820360369,0.9481854360780873,0.6460715919928746,0.1691802260681942,3.9811834443281775,36.95712,0.11316,1.6974029999999996,22.323099,2144.993408026,True,
20448,0.0191687225518099,0.4402676930563775,0.0902557804643273,0.643695187488205,1.1991476364861409,0.2440371569203701,0.6900674115923948,22.646939,0.047904,0.718559,24.928267,1467.827239791,True,
20449,0.0467406729271388,0.3563477983362639,0.0976370044208874,1.035875795517463,1.151253016150321,0.9407739207046572,-5.048573364457913,31.993522,0.079641,1.19461,19.163928,1594.116034872,True,
20450,0.0412352441897117,0.2471043964754948,0.1015945990327951,1.0481948381709247,0.6108077097256192,0.5130519224813989,-8.15424227610876,37.122434,0.132286,1.984285,17.17933,1658.120170345,True,
20451,0.0311832816438212,0.2950803841118542,0.1293267247281168,1.3501888782375868,1.1425991616872175,0.5511256635076522,4.498646767598814,34.526049,0.075384,1.1307549999999995,23.439452,2104.106330662,True,
20452,0.0498978868549523,0.2295808123674804,0.0946230397598394,1.492903550963835,1.1018273357619046,0.8567788808631559,-0.312059136596293,35.93657,0.07084,1.0626029999999993,16.566484,1547.890733292,True,
20453,0.0396000082753672,0.3677758808187404,0.1268596790674405,0.973249355702003,0.7864989370061214,0.8676058533270307,-2.929302585504158,39.321302,0.107973,1.6195950000000003,20.205303,2065.696968771,True,
20454,0.0042914832296261,0.417571162643956,0.110274338439583,0.5918738440250548,0.801924207901398,0.754653878673652,-6.755052147772275,31.258318,0.093865,1.4079770000000007,22.042138,1791.400405601,True,
20455,0.004497321974485,0.4697978250868024,0.0996061318195297,1.160583274786956,0.7597456248144743,0.4839765607724215,-2.5096048849184864,36.088074,0.083735,1.2560200000000012,17.252092,1618.746378016,True,
20456,0.0170912548038147,0.3548729582066888,0.1079022497129084,0.8309783123012583,0.7134383117593549,0.698505190146437,5.617699762346163,31.163636,0.085733,1.2859940000000003,21.650708,1754.258455512,True,
20457,0.0294112689791506,0.2853582731861498,0.1055599260660414,1.3614627331604998,0.9002571252744951,0.9895763824025148,7.647881225190581,34.45153,0.084445,1.266672999999999,19.191849,1719.09025025,True,
20458,0.0476139665641817,0.4808038558297486,0.1345753332459046,1.3097415557247074,0.7691078029679967,0.5004503360951761,8.769715133770873,38.173876,0.117658,1.7648709999999994,22.098534,2193.325420868,True,
20459,0.0216412367765539,0.3280498439448868,0.112210882095946,1.3326408596961057,0.5765168058995239,0.8557339819975,-6.276684279300904,39.355123,0.113466,1.701994000000001,17.825544,1823.968873112,True,
20460,0.0388777668447855,0.2446085600285826,0.0980466023647594,0.5235246887250996,0.9219437036344392,0.9437733103159516,-1.2698088022285106,24.089428,0.05942,0.8913000000000002,25.550926,1600.31867772,True,
20461,0.0200325044764157,0.352951802794728,0.0986232436382419,1.372937102818626,1.043138158301962,0.0787368636539615,-6.501721784227196,36.639879,0.091876,1.3781420000000004,16.838942,1604.139647124,True,
20462,0.0099037237955366,0.590806055093154,0.1084427678139414,0.6850609754935879,0.8058297886605795,0.6745960951725816,-4.687755485087198,30.653453,0.084456,1.2668349999999995,22.117234,1762.720980197,True,
20463,0.0273857149860134,0.5367465773491626,0.1107446545567394,1.021733858113028,1.1900239339972645,0.9068835103677269,-6.392599402143615,32.665418,0.081455,1.221826,21.214868,1801.780618573,True,
20464,0.0105805869737761,0.3166452976881792,0.1285453456959221,0.720473859648385,0.6026800819880814,0.884550784216138,-8.419832825681985,35.176414,0.135649,2.034732,22.83324,2088.297889419,True,
20465,0.0023893796484258,0.5601286040624001,0.1499304827939336,1.155819493254815,0.6135749608407229,0.9850457515094576,-2.65967822307434,44.249293,0.129625,1.9443759999999983,21.120461,2429.870208234,True,
20466,0.0304642008463162,0.2998360625557978,0.0842841829206255,0.7669598629730195,0.8209742128752295,0.5786277989765133,3.893531900021776,27.371902,0.063674,0.955107,19.301347,1373.617877485,True,
20467,0.0275909908477132,0.338957471261725,0.1390172283146993,1.1913328336316948,0.8638801505256217,0.4470687067481086,-6.582187963660368,41.143927,0.119418,1.7912619999999997,21.124272,2259.752359418,True,
20468,0.0091459573577756,0.3054468244492774,0.1279532466567656,1.1084072303151022,1.1751210154263094,0.5027735099513744,-4.617904598147411,34.231299,0.080751,1.2112619999999996,23.336778,2077.005392207,True,
20469,0.0310824956781648,0.5551526165481613,0.1177579284661749,0.92533152030414,1.0183897444121055,0.0012115258019356,8.205456199778865,31.713502,0.090802,1.3620319999999992,23.221283,1914.713386671,True,
20470,0.0215087449580039,0.450944301812333,0.1087918074260596,0.5242784962298653,0.5799748442465551,0.992828846441036,-0.7483271433364163,31.626689,0.088185,1.3227770000000003,21.522923,1769.816817028,True,
20471,0.0229125224918264,0.3994680349587397,0.1402708815403236,1.3474070434493317,1.0947178025440838,0.6237992710247547,-4.193682417430223,40.352157,0.096526,1.447885999999999,21.720964,2278.868106774,True,
20472,0.0439398187626324,0.5761763336627792,0.1098813112622132,1.1139034678923885,1.0645565443649496,0.7392329858413548,4.999749111214367,31.942651,0.075414,1.131214,21.577529,1792.033067729,True,
20473,0.0256509035376231,0.5667913820124998,0.1117340290627832,1.151331256876466,0.7091114156026299,0.9445658343773118,9.78294385410851,36.231569,0.120357,1.805349,19.280075,1816.223121853,True,
20474,0.0327870425738764,0.2080566195909947,0.1314756766016824,0.5330020335298945,0.8093797694420937,0.7009566215414469,-7.70802626559367,34.362673,0.122879,1.843183999999999,23.964933,2141.097868607,True,
20475,0.0111726735792228,0.2454830550434173,0.1343781456340286,0.9512756780344354,0.9640020865172152,0.0964659094512821,-0.8455347470204675,34.516291,0.088405,1.326073,24.313912,2181.987746068,True,
20476,0.0084453333053903,0.5844824203758887,0.10185808476981,0.51277863388398,0.5453573988253878,0.925060924175894,-2.4728711116323225,31.689082,0.09193,1.3789459999999991,20.08964,1655.217809973,True,
20477,0.0433810806806498,0.5722341640350082,0.1366563295311371,0.7851012677026998,0.8155858367403608,0.2478387707876942,8.039867698068555,32.644751,0.110288,1.6543240000000008,26.230742,2226.369734316,True,
20478,0.0460890859257313,0.3555983846780968,0.102603361830667,0.8068440194923067,0.8242066812894103,0.4619595620986859,-7.883742138624973,34.836667,0.115529,1.7329410000000005,18.491064,1674.834286985,True,
20479,0.0418999838428149,0.3648167582466145,0.1346127548870542,1.2804339473888606,1.073856712143637,0.6651011216703766,-1.0266959165778395,38.321546,0.088861,1.3329120000000003,22.010435,2193.032159345,True,
20480,0.0092815170870147,0.2759294005507304,0.1415177284715793,0.9477014864977328,1.087296067354622,0.7031211594314314,-3.868694314540383,34.590615,0.087621,1.3143209999999996,25.532913,2296.317863704,True,
20481,0.0251979179900384,0.336292482387828,0.0984198933598705,0.8452302750860385,0.6719654801459246,0.4884091743623237,4.883110143491354,30.284065,0.081914,1.2287110000000006,20.338881,1601.454385785,True,
20482,0.02855411046101,0.3640282786989556,0.1051142509297935,0.7865910817863275,1.0215872457464097,0.5455489148107602,6.724884577029787,25.961024,0.066312,0.9946779999999996,25.346797,1710.874911825,True,
20483,0.0226626173377933,0.2509421510936481,0.1021452461194612,1.117817139023714,1.16274313281348,0.0378983542079935,-5.091091783660825,31.252453,0.077311,1.159662,20.454056,1662.022513604,True,
20484,0.0291045250981195,0.4759418672124778,0.1035633862572693,1.1210642155000126,0.8527715556664917,0.2348417152763635,-0.0013672432847613,35.881581,0.085245,1.2786749999999998,18.067208,1685.528005538,True,
20485,0.0018579674320228,0.3764246035169605,0.0907239168052146,0.6456765719255915,0.5233180018680603,0.2170509643654234,-8.028956516816823,30.424043,0.110242,1.6536270000000002,18.638281,1474.334852484,True,
20486,0.0012096656972645,0.3273412632652697,0.0884918796527053,0.8296023005527349,0.5840036981049205,0.5054380192516276,7.067665046431571,29.725301,0.091434,1.371506,18.620458,1439.096633799,True,
20487,0.0120499646121488,0.3098715762673122,0.1065648867259754,1.335904283321919,0.5407770659775714,0.9340568586481214,4.8220448028940375,36.223363,0.090518,1.3577770000000005,18.394319,1732.390618988,True,
20488,0.0013822810270966,0.4998026691745213,0.0841868648570605,1.028424781001653,0.965374493934836,0.801059833071532,-2.897242297918635,29.846127,0.062017,0.93025,17.64421,1369.189449274,True,
20489,0.036027539274483,0.4541176244269121,0.1227492026509133,1.4034424564502808,1.0114201771608506,0.7169082411762454,-9.586043926210714,42.571013,0.120917,1.8137539999999996,18.048104,1997.647742481,True,
20490,0.0481443981973294,0.2277260681407372,0.1017761181341654,1.1955630260922656,0.8201518221158606,0.5659102664384477,-6.190661919383375,38.554261,0.113329,1.6999370000000005,16.599614,1663.96322438,True,
20491,0.013144021082386,0.3302455487440645,0.107171028326523,0.6694817565475935,1.0355688246614745,0.6376508899489101,3.410771039543865,24.522364,0.057819,0.8672780000000002,27.335437,1742.856808898,True,
20492,0.0070092146757041,0.5120878245910437,0.0943522337812112,0.910233498114264,0.7606285992728843,0.9761449462770488,-0.5669216748587971,32.709681,0.072693,1.0904000000000007,18.031812,1533.518529975,True,
20493,0.0253790515405721,0.4152519853891325,0.1049978394659889,0.8860746852246606,0.8810107001181435,0.7485240681037473,4.933619198256949,30.101898,0.073898,1.1084769999999995,21.826706,1708.265742197,True,
20494,0.0372744046486479,0.4911028438179308,0.146552538337906,1.356461481024989,0.526924415941975,0.7450287878063231,7.239795705380978,35.946857,0.124862,1.8729250000000004,25.513603,2384.547973815,True,
20495,0.0114148296190865,0.2862939263763208,0.1004053526828352,1.1183656890893214,1.1146243982338515,0.1933850448614301,5.516438820144655,28.992917,0.067834,1.0175090000000004,21.65086,1632.076157945,True,
20496,0.0214489594332009,0.4705050643291201,0.0858439239858345,0.610794654796622,1.149322777399668,0.1007937246795857,-0.1499051148010863,22.842979,0.049762,0.7464240000000002,23.525798,1397.238181325,True,
20497,0.0053226791512834,0.2539519748037784,0.1124328469332055,0.838209901534948,1.1677238772115492,0.5720239552458739,1.611912039166711,28.278229,0.06227,0.9340479999999998,24.825488,1825.254146397,True,
20498,0.0386832223205548,0.2229852172254983,0.1008365648478749,0.5499198132743927,0.6885265746341817,0.0723267596593813,-4.12630237950451,28.541172,0.091264,1.3689560000000007,22.178208,1645.779336936,True,
20499,0.0307551486273724,0.2404327435684402,0.1282034282730512,1.017261752855988,0.6212234573607813,0.1728950690632437,-8.482726156979629,38.855102,0.145305,2.179578999999997,20.646657,2085.792706479,True,
20500,0.0328238061971242,0.3597739027517758,0.1270174275505039,1.3033880092098329,0.5341629647100685,0.5168861825281269,8.719549654361213,34.134653,0.116644,1.7496529999999986,23.295231,2067.454015047,True,
30001,0.0336523705849187,0.2792637744975075,0.0921816109373735,1.265176880797409,0.7034481543483919,0.1992945286858464,-0.4923564470407537,37.686136,0.088843,1.3326410000000006,15.331216,1502.213126283,True,
30002,0.047070152508892,0.2571688117338339,0.1163695083942114,1.1285836763130104,0.8587217426719584,0.7475428649251883,3.7848551186966457,31.411461,0.073773,1.1065969999999998,23.316684,1904.26888888,True,
30003,0.0032218142873249,0.4579327353132035,0.13572331039498,1.3679268770429451,1.0355344043849226,0.5918162970968063,-9.982847754160996,41.47705,0.118289,1.7743340000000014,20.425741,2202.718635926,True,
30004,0.0181219012527271,0.365329800410695,0.130497450182056,0.5048619454878941,0.932710036461914,0.7667118996990971,6.630487119983982,26.631507,0.07623,1.1434440000000006,30.62509,2120.539937289,True,
30005,0.0091798843598059,0.3045700312990685,0.0937758243369223,1.1401924184265897,1.1259272371491504,0.2048808857738906,1.097808484672102,30.91218,0.063299,0.9494819999999997,18.964384,1524.199201459,True,
30006,0.0357244148858472,0.2889458528239476,0.1377613539478879,1.0878545595779978,0.7640220630150256,0.998520655588546,-6.515410065003671,41.783551,0.130289,1.9543379999999981,20.639699,2242.239798614,True,
30007,0.0379739848838802,0.2187106883247374,0.1330994030166472,1.4376499014694135,1.032334941522728,0.2209039532799528,4.120811108896438,37.910857,0.08619,1.292847,22.000865,2168.586307767,True,
30008,0.0481523455615843,0.3228298703193983,0.1100195530763741,0.7281040698191481,0.8871893993148781,0.0872882171249157,-1.886598943219175,29.912301,0.082584,1.23876,23.104144,1796.855057556,True,
30009,0.018408332701721,0.5124562451471608,0.09140389945376,0.8253148880617914,0.9550301082565242,0.373274221698043,-5.559509212600471,29.689261,0.079081,1.1862180000000002,19.255797,1486.395016272,True,
30010,0.0478468276663023,0.598142919092932,0.141844092539638,0.5861953308451711,0.5662697427475794,0.6044600106100888,7.463405881621512,31.456952,0.130485,1.9572719999999997,28.278011,2312.804083157,True,
30011,0.017014301770571,0.4851500673851166,0.126981677566394,1.1125227739142571,1.1646214947961244,0.0077188753196661,-9.051258442707466,36.511937,0.103494,1.5524040000000001,21.720957,2061.992946831,True,
30012,0.0366376477949471,0.3775383014794203,0.0811172635792397,1.315429867719884,1.1391818549640518,0.7080436874340567,-4.382360883075198,31.939265,0.070949,1.0642380000000005,15.932206,1323.043708082,True,
30013,0.0433422313249013,0.3449847477948203,0.1253517114245014,1.325878370253874,0.6336998858244984,0.1911049007712592,-3.921732087064562,41.493617,0.128983,1.9347480000000026,18.939424,2043.249509793,True,
30014,0.0409696050334524,0.5375599020500899,0.1154255519254116,0.8961944672841982,0.5129243745794356,0.2958685770694006,4.439495844615529,32.933335,0.111783,1.6767390000000013,21.95602,1880.020896197,True,
30015,0.0071519115143979,0.5898051457391509,0.1274869175945104,0.9396759878698264,0.8058726906588545,0.530030409610845,-4.254343395672228,38.032571,0.104316,1.5647339999999996,20.924472,2069.109806453,True,
30016,0.0072408590979992,0.5402520635492918,0.1272101058640803,0.7454825010059677,0.9076786146191984,0.692484938956387,-2.723202255074396,31.862463,0.082263,1.2339459999999995,24.939882,2066.079777696,True,
30017,0.0004175905901085,0.4767738643032908,0.1050779875421592,1.110359323356618,0.5445350038070643,0.1347359046227377,3.15333216626166,35.720455,0.103003,1.545043999999999,18.38438,1707.415923689,True,
30018,0.0169418783789922,0.3167705045569001,0.1123603277901614,1.2423671230023356,0.84951328201242,0.107163006366519,4.802691191503632,34.392555,0.084717,1.2707489999999986,20.414815,1825.50591067,True,
30019,0.0210461750908763,0.2784489441200567,0.0883683907175203,1.4149157202527407,0.5381507652165175,0.45317850163778,-8.646854670455113,34.828606,0.109169,1.6375279999999997,15.886416,1438.584487223,True,
30020,0.0425099379575188,0.2556343952919881,0.1214548281370533,0.8031424061663267,1.0859367664882655,0.3225923349442903,4.0850335458759,28.581467,0.069222,1.038329,26.663589,1981.419668941,True,
30021,0.0050127690322892,0.4584905833015572,0.0960333180413025,1.2688940083115088,0.5365631298917034,0.3491396545326392,-8.619992980056068,35.603594,0.116857,1.7528530000000018,16.860348,1560.751341032,True,
30022,0.0279422450861527,0.4140395741920277,0.1034162356708834,1.382601699271071,0.6398406883155263,0.3932053002876322,-0.3964939659338036,40.24389,0.099064,1.4859599999999986,16.087529,1683.304360439,True,
30023,0.0115328555087481,0.4558488755717032,0.0844016575052332,0.6627515728869494,0.5276498405706513,0.1536888088690342,3.625848148921751,27.954277,0.078969,1.1845280000000002,18.889737,1372.927221307,True,
30024,0.040890065975742,0.2357681325547329,0.1057169219861739,1.2742743821718572,0.6588720697833257,0.9520031373992768,-0.2033821088806284,40.276489,0.094307,1.4146090000000004,16.474849,1725.22758177,True,
30025,0.0332163237978064,0.5676125117093149,0.1267923294883527,0.8131530146684214,0.6357983642155134,0.5175442878185266,-9.183975749129392,38.201626,0.146237,2.193548999999999,20.769192,2062.883933857,True,
30026,0.0494719692086596,0.2013883159270084,0.0996860643543964,1.1581086800699012,0.5785834724182229,0.8743005091996487,-1.4966572549008088,35.02259,0.089698,1.3454699999999988,17.951967,1634.683430056,True,
30027,0.0002220359872772,0.5632974401831174,0.0874546579539676,1.1504741520686692,0.5058813788830864,0.3149459076489288,8.43762622775246,32.078378,0.103986,1.559787,17.053421,1422.319806259,True,
30028,0.0109149052652355,0.5466506112048133,0.0971543275718747,0.7147787816527702,1.101628901028057,0.5269463086307153,1.0489738051214754,24.207572,0.052516,0.7877460000000003,25.089244,1579.109203595,True,
30029,0.0003184371810698,0.590764396065594,0.10171153219737,1.2091812200062653,0.6700197811536716,0.4990075701464558,-9.7141032430615,38.239198,0.125556,1.8833389999999994,16.62464,1652.853579894,True,
30030,0.0147460734326072,0.3363329612023726,0.1204170149559458,0.6208434052416869,0.5750671679676369,0.8810060036958217,-3.420327190431768,33.73369,0.105839,1.5875850000000007,22.309681,1956.728406613,True,
30031,0.0376899725840428,0.4432796831757833,0.1318826680399606,0.9842616096586992,1.107595031955208,0.699089966228043,8.553519156372356,30.01846,0.082742,1.241123,27.496908,2146.078527291,True,
30032,0.0199269348924169,0.4228521248560827,0.1039132104666934,1.1665755561291498,0.9589711155153816,0.950436892697302,-2.192914222400155,34.934861,0.076567,1.1485069999999995,18.60519,1689.921309143,True,
30033,0.0468661458117678,0.4516842992066769,0.1104313247031694,1.2078166245094135,0.6856059793553138,0.538755679709206,-8.385222768104416,40.222981,0.131176,1.9676349999999996,17.233934,1802.320477993,True,
30034,0.0113229821437844,0.3883842085115,0.0970214683110333,1.2208565314124376,0.9856414813349564,0.4940041827682111,-4.755915340240817,34.714476,0.081575,1.2236200000000004,17.472873,1577.060261569,True,
30035,0.0256805977480882,0.467634876933743,0.0992666533350784,1.064744480550655,0.5902613521607261,0.9726849776369714,8.481476027012626,32.772294,0.109746,1.6461970000000008,18.955754,1615.181196798,True,
30036,0.0110740154973421,0.2148324566005017,0.0897616214078359,1.0341011286788508,1.081509523734714,0.9749277353783116,-7.738020818312938,31.564737,0.083338,1.250076,17.780335,1459.202164818,True,
30037,0.0415031040271198,0.5346189166249101,0.0858811509444991,0.6139306546742062,1.092824857032741,0.6176655902913897,-0.2465357983118483,23.82754,0.053372,0.800573,22.615314,1401.055010681,True,
30038,0.0221027715006986,0.3983754691420076,0.1093743576809255,1.1735490640703985,0.5625797825125523,0.059701759203097,-1.416631785575241,37.86587,0.107947,1.6192079999999986,18.067366,1778.754993197,True,
30039,0.022398578189028,0.4190451753820416,0.1492093740476713,1.3337085294648754,0.8777942926159699,0.8977434462204513,-6.022853972939286,44.491115,0.119573,1.7935960000000009,20.928152,2420.903770604,True,
30040,0.0055427298771282,0.4148428888627381,0.1438156754101177,0.5566573163556185,1.0692915803238692,0.1251758266871587,4.024390143596285,27.00305,0.077446,1.1616900000000001,33.241118,2333.79013482,True,
30041,0.0063437440361557,0.2096078085120848,0.1368430869633179,0.9340829824340272,0.8130473975885012,0.5708402017156277,-8.957704205818144,40.283905,0.133017,1.9952609999999993,21.200576,2220.509145887,True,
30042,0.0464160351790044,0.3022299744836896,0.0877062305903748,1.380966576070156,0.7609803506255111,0.8867116195784056,3.011411528461732,34.72554,0.071923,1.0788469999999997,15.880991,1433.83756656,True,
30043,0.0424368676159651,0.2124477636039844,0.1467667595047058,1.3314707636148877,0.532709925353426,0.2774752174295978,-1.3658578929949687,40.581614,0.145952,2.189282000000002,22.674277,2392.412783422,True,
30044,0.0488629460053013,0.297705225447921,0.1308108718990975,1.2464935220550797,0.6118941093966471,0.383957170399619,-5.015509043453289,40.849448,0.138667,2.0800100000000015,20.101119,2134.911018008,True,
30045,0.017996139089477,0.3535808279494954,0.0998583175107069,0.8530648111500037,1.044905198782206,0.8604001707544114,9.482844371880375,26.448111,0.072223,1.0833510000000004,23.612583,1623.721334868,True,
30046,0.0080005890033317,0.2882236725084743,0.0895005175231639,0.7859514638666512,0.9730377603023904,0.010213963207504,8.104540386963684,25.862595,0.072668,1.09002,21.633804,1454.716417206,True,
30047,0.0228341512041779,0.3051931419130483,0.1105463829499238,0.8284269308356025,1.129404277807696,0.3887200028658069,0.8950348174749241,27.42004,0.061369,0.920541,25.216466,1797.734940198,True,
30048,6.823518632481434e-05,0.2626938537011207,0.1196439081634136,1.0479511214352328,0.8083794436212121,0.6463931041792264,9.726235790549095,37.717271,0.118597,1.778963000000001,19.804139,1942.09095937,True,
30049,0.0497203086687781,0.3970003056498284,0.101596392063055,1.041038871408246,0.7586048242964971,0.9682618735371392,4.793017893643718,34.353419,0.087381,1.310715,18.578102,1659.375458204,True,
30050,0.0067623558402158,0.3803602166793132,0.1006444126008153,1.2415162878282224,1.1310623661629162,0.6362445384368148,6.210907625311783,30.529348,0.070259,1.0538879999999997,20.60648,1635.666229529,True,
30051,0.0305541743077869,0.3260813432911374,0.1293787580222452,1.294837200786086,0.6209804746514576,0.7817300573661319,8.773958068586701,36.625284,0.113965,1.7094700000000014,22.101264,2104.609188254,True,
30052,0.0249390760254345,0.3913873369058845,0.0942404066929516,0.8989303044222784,0.5352794004808219,0.7332110698379659,-6.908050613627433,34.910899,0.121515,1.8227260000000012,16.893426,1533.388135637,True,
30053,0.0378856693460648,0.4922354449204299,0.1086883603780263,0.9275818797370444,0.9927451361243996,0.2468604883411795,-5.67360418693219,34.848499,0.096807,1.4521049999999995,19.543029,1770.717546929,True,
30054,0.0306382057941859,0.3718340878422023,0.1371433497090658,0.8633309714039371,0.8341090112130887,0.3045006207432904,-7.542722677986072,37.372842,0.124014,1.8602139999999991,22.958146,2230.829029057,True,
30055,0.0127521933533414,0.3183152821417141,0.1447928635832127,0.6423223278856295,0.9317697875464674,0.6706287980239871,-0.4406695490409777,31.241006,0.086259,1.2938809999999998,28.921913,2349.229066583,True,
30056,0.0400363329218318,0.49433686491713,0.1418957894309222,0.8792271226743595,1.0157399261551816,0.8980902888935118,-4.206369743227042,37.016485,0.100044,1.5006639999999996,23.982901,2308.183006705,True,
30057,0.0075488383831203,0.3662912138887755,0.1299147857852945,0.6930637402187152,0.7304793512803921,0.4889388748700025,0.1433931133101893,33.161531,0.091563,1.37345,24.47122,2109.908119474,True,
30058,0.0466744788479039,0.3298392578795802,0.1471358305008996,0.8709227410266844,0.768314076755167,0.8856451798932028,2.9740903537732954,37.830513,0.107922,1.618834999999999,24.382983,2398.294012426,True,
30059,0.0439907175469715,0.2956666782661922,0.1385567219225444,0.9282593104008718,0.5464798148594461,0.460832132069379,6.558551951025258,33.371938,0.118031,1.7704579999999996,26.030009,2258.546802547,True,
30060,0.0048496701841795,0.362619264175782,0.1037034248409554,1.132658996975516,1.0093246682879196,0.1209456883771111,3.599638064801532,30.930304,0.069967,1.0495109999999999,20.954719,1685.153153802,True,
30061,0.0079302802132722,0.3988046950849311,0.1425323549427323,1.0481032273536437,1.1314098791365494,0.6573125469965301,-0.8083337606110579,34.839901,0.080742,1.2111260000000001,25.531639,2312.751428298,True,
30062,0.0060499486750303,0.3861686083731686,0.1088068828932115,0.543532425494224,0.6605856330513221,0.5520086580811706,-3.991707714478742,28.616443,0.083081,1.2462080000000002,23.773787,1768.835144898,True,
30063,0.0129180120946944,0.5482372425805291,0.1001249257437122,1.4125852721423249,0.6321768175543246,0.8029311972175935,1.8782799348972787,39.974068,0.08751,1.312645999999999,15.660605,1627.647059342,True,
30064,0.0111293181283021,0.584903944906929,0.1376612492252141,1.0442723731969208,0.5205463970121808,0.1800915092403739,7.666284032257181,35.783444,0.139729,2.0959269999999997,24.013096,2234.105271566,True,
30065,0.0454342190497136,0.4020097077517276,0.1427327792451275,0.7591059329400849,0.7437708603845734,0.4542439583068543,9.137215810947769,33.428117,0.116668,1.750012,26.745457,2324.530628714,True,
30066,0.039548020852095,0.3953312375641725,0.1033568566633693,1.1600393663051716,0.620170394936588,0.9162902443668532,-5.430568977271494,37.672144,0.107867,1.6180009999999996,17.203827,1685.07308157,True,
30067,0.0061758810321003,0.423786235763676,0.1451344173506981,1.3002363993958173,0.7530574059930875,0.3857755082606209,-9.80573350812079,46.747379,0.159186,2.387792000000001,19.353827,2352.325822602,True,
30068,0.0258889289031786,0.2636606935853785,0.1161082827735477,0.6310524582450192,1.0407029280858155,0.5640562834687395,9.207236584669822,24.814715,0.07118,1.067694,29.279423,1889.057412474,True,
30069,0.0194468356713932,0.5608497613980181,0.1109365583335472,0.6764073866494642,1.1692637249940945,0.0373173400456807,-9.306874045116793,28.653081,0.085735,1.2860269999999998,24.205306,1803.247154083,True,
30070,0.0362071051788771,0.4275320553936672,0.1152144643117377,0.6273263937430437,0.8022732838502464,0.0448236316362512,4.920798034649572,27.058273,0.077232,1.1584849999999998,26.669913,1876.268667373,True,
30071,0.0193859482087656,0.5579986572673503,0.1342263927578058,0.7574086635984016,1.083894245425136,0.3217809217555821,-0.4265860273019264,29.428385,0.072281,1.0842079999999994,28.505005,2181.026266214,True,
30072,0.0023582724640615,0.4455732162074004,0.1187960334637726,0.687852370437667,1.062945763724564,0.2893629983081576,1.259416293011702,26.95335,0.064165,0.9624740000000003,27.534119,1929.555575669,True,
30073,0.0124152297792749,0.2136513407465631,0.0888352196063836,0.6984966712734177,0.5543494545077601,0.3419967622469284,5.9694157475339775,29.465693,0.087737,1.3160609999999995,18.858011,1444.727360974,True,
30074,0.0047032551921606,0.5330208332947313,0.1177673396292772,0.7491341539635211,1.0472811316502506,0.3569493196036911,-0.0629024612637501,27.667466,0.06534,0.9801000000000002,26.592964,1912.975857384,True,
30075,0.040122904600305,0.4407818574032184,0.1351907963710233,1.4806796755401157,1.1150431764303548,0.58505093422627,5.141514730639598,36.173533,0.08188,1.2281969999999998,23.405534,2201.318208735,True,
30076,0.0235860532754382,0.2541072300421276,0.0825610343834993,0.5722684703346046,0.8680271731094756,0.2675279476615282,-2.965340576980245,24.61446,0.063237,0.9485570000000001,21.009078,1344.530501993,True,
30077,0.0144179241077729,0.4368380383318616,0.139090393115297,1.387922854592714,0.5100856291091087,0.6080538288270473,-5.14484281888971,38.171755,0.126159,1.8923829999999988,22.752572,2258.114551803,True,
30078,0.0419918098825786,0.3492877160870145,0.1424085949956443,0.5533367755952495,0.652581514361557,0.8085394391378039,7.596859031300337,30.086654,0.106289,1.594341,29.668821,2320.852444502,True,
30079,0.0106931079349611,0.3505675589445935,0.1048861342388084,0.9914896769832032,1.1555035950595698,0.0756498785177441,8.92366564434817,28.176633,0.076873,1.1531009999999995,23.268545,1704.636041072,True,
30080,0.0049468312534426,0.2178943213400147,0.1164967648068805,0.7884554774569988,0.6572253678727819,0.9714318213163896,9.06295935658487,36.629782,0.128815,1.932220000000001,19.856963,1891.126217402,True,
30081,0.0391373626914942,0.2342904254616867,0.0840474076642272,1.1208915035860456,0.560385424816174,0.5403137795736827,-8.21157939671247,34.325341,0.118992,1.7848740000000003,15.376611,1372.299306825,True,
30082,0.0317928686984073,0.400768821590328,0.1464082453246383,1.4637151161302169,0.5917884985097913,0.2737206785851141,-3.3585457971952284,42.482148,0.139542,2.093131000000003,21.550018,2380.276772924,True,
30083,0.0156466138758584,0.2965971415022957,0.0930615974275011,0.9755700521701656,0.5282231453173691,0.3814470885277337,-1.6353373185808984,34.798093,0.095979,1.439687000000001,16.723885,1513.09418252,True,
30084,0.0020231555624817,0.3527512388338256,0.0853620293068925,0.6566149201887777,0.7084287658560194,0.7949068980498449,0.7499314344571992,28.037099,0.063853,0.9577930000000006,19.043484,1388.202494496,True,
30085,0.0029625534005735,0.2413870629727286,0.1483506438869595,0.7479259054710301,0.9645042587334436,0.928684643796967,-5.991708070815106,34.060516,0.096659,1.4498880000000005,27.171963,2406.276838898,True,
30086,0.034805184014532,0.5177911412745705,0.1256099656414623,0.8094478017695943,1.0233754496558818,0.4253619346547242,-3.9081018222195487,33.000156,0.08845,1.3267570000000006,23.829737,2044.601098135,True,
30087,0.0483376699726083,0.2992030517216986,0.1133872874990008,0.9179365031315998,0.7430917962281498,0.8302539350684306,-4.467490086792981,38.640077,0.116316,1.7447470000000003,18.423331,1850.885216178,True,
30088,0.0457986654936945,0.3196755386677683,0.1215861027738012,1.3432731405851182,1.1806006259309263,0.8718852731649651,9.620134519578446,33.115454,0.08933,1.3399490000000007,23.035862,1983.391945674,True,
30089,0.0307779098989205,0.3220277651837958,0.1482742864694213,0.7018570443265348,1.1949636201799652,0.8332935197937853,-4.427113569786111,31.333969,0.083268,1.2490199999999998,29.581163,2409.927589426,True,
30090,0.0077743879107319,0.2236014178116866,0.1075714273063095,0.980345965151206,1.1436879699651952,0.1888327361242565,-3.455391298156494,29.799287,0.070179,1.0526780000000002,22.562513,1748.101697918,True,
30091,0.0122679424148409,0.3416736608021544,0.1356457285487574,1.1275468927153414,1.1970348182533372,0.7611273539631377,8.875981826844441,32.531332,0.084318,1.2647680000000001,26.031519,2201.784008863,True,
30092,0.0172457785926854,0.2679748498813631,0.1232542863964048,0.6175018831915877,0.9760736926975144,0.642776634187921,7.842228816229454,27.233363,0.076425,1.1463710000000003,28.291793,2003.249761119,True,
30093,0.0371329242395075,0.5935038595101418,0.093375369482515,1.2536502774405696,0.7140014723467909,0.1611304861923388,7.112359076752142,35.835869,0.101275,1.5191250000000007,16.325273,1521.078894008,True,
30094,0.0083489988037658,0.3359598530154543,0.0813494105884363,1.229224277181598,1.154945967027722,0.7183053684687754,5.561849737927403,28.948146,0.061244,0.9186619999999994,17.572246,1322.578222308,True,
30095,0.0411513548470744,0.5499636001590198,0.0920606657349645,0.5134730855386836,1.0277975414319322,0.6131524888904681,-8.778960175339328,28.828484,0.088728,1.3309220000000002,20.019238,1500.523100542,True,
30096,0.0383948596886732,0.5521284636976191,0.1140963820318676,0.5254989188836321,0.5692275859191457,0.062197281088163,-5.72765185842978,31.968814,0.115908,1.738620000000001,22.354503,1858.082068891,True,
30097,0.0410945490228141,0.5285411724779516,0.1002033910220281,1.116474098801783,0.7984791769361843,0.0133937532297551,6.274276046627843,33.212765,0.091567,1.3735060000000008,18.914236,1633.304532787,True,
30098,0.0444693752663923,0.4607187246369437,0.1286138039377959,1.213237188565918,0.6024920091309525,0.5569161349597472,-3.77040504764809,41.114545,0.128382,1.9257229999999979,19.601472,2095.354514705,True,
30099,0.022595264938882,0.3905945832926517,0.1149234250770078,0.9141101351306382,1.183775226278605,0.560879071113149,5.271146159365399,28.947992,0.068055,1.020823,24.812577,1867.513142707,True,
30100,0.0168239618553986,0.4392884658187596,0.117598217682353,1.0699406698245726,0.9705444145683872,0.8248665577002293,-7.780165448828643,37.0908,0.105582,1.5837310000000002,19.807251,1910.133667049,True,
30101,0.0064396154444417,0.4217216172808585,0.1019358346790067,1.190789288448985,0.6178364526207458,0.4366234322871888,-9.439696839817978,37.714354,0.12476,1.8713940000000022,16.893758,1656.556587065,True,
30102,0.0277128723814642,0.5378859612259292,0.14530093435457,0.7437166066476524,0.734175916702625,0.1697608434408619,7.683867602804163,34.22662,0.120364,1.8054629999999996,26.519172,2359.920191846,True,
30103,0.0355834537973278,0.5300654172518757,0.0837325325331761,1.425119926406891,0.7087601451773563,0.6481921619809364,-9.599703611393815,39.374001,0.119426,1.7913949999999996,13.326794,1364.295885687,True,
30104,0.0365075634874718,0.4951819662226116,0.143352347176067,0.5466626490209417,0.7317298669506089,0.3752038117449607,-7.008192885545569,35.220451,0.128896,1.9334419999999994,25.477723,2333.075896505,True,
30105,0.0037865221712843,0.3142278614869305,0.108174107069853,0.6181374114511317,1.0150750313215382,0.582457871811247,2.125022602199984,25.073357,0.058584,0.8787589999999996,26.957744,1757.394988043,True,
30106,0.0038299437895637,0.2066505293849425,0.1227301590021102,1.3098364983957045,0.6384172612367154,0.6783945031669615,3.16332205167404,41.925818,0.108965,1.6344779999999997,18.276665,1992.286785522,True,
30107,0.0195212503573728,0.2717135010444712,0.1112596097553831,0.6608527045400585,0.6089608595950404,0.4844287598064546,-5.794372439468354,32.310741,0.108553,1.6282969999999999,21.53399,1809.025852218,True,
30108,0.0161899638533768,0.2210390611998089,0.0990044391554813,0.8354266831731115,0.5342877618922863,0.3131642148362591,-8.090881846213495,33.969757,0.127148,1.9072169999999975,18.226386,1609.77939405,True,
30109,0.0198136989553022,0.3543825775302692,0.1023464722641566,0.5088984532992243,0.9964789010789756,0.5229869566626718,2.6767274065857,22.413847,0.053224,0.7983609999999999,28.573057,1665.123553309,True,
30110,0.0059811022111318,0.2258989972030511,0.1027228058471427,1.146436935515588,0.9410527015173974,0.6284049836532729,-3.8551763967371953,34.398194,0.080289,1.2043299999999988,18.665898,1669.390268953,True,
30111,0.0473316132833718,0.2707257429668613,0.1273732366505928,0.9184896746102956,0.5804362308283383,0.2926113410304484,-4.578431901233903,38.445911,0.139105,2.086580999999999,20.793881,2078.543188345,True,
30112,0.0405959497013701,0.5685342704565604,0.121075773040405,0.6495932547437355,1.1034625358334649,0.6195962880938577,9.90927258997866,25.563801,0.076559,1.14839,29.673327,1972.263880976,True,
30113,0.0033866127430738,0.5840047535021107,0.0939857016713612,0.5343214742173852,1.1182307365860442,0.7690118741729591,-6.262083856608758,23.812164,0.061309,0.9196319999999996,24.669043,1527.300578712,True,
30114,0.0456602672522897,0.438843872472462,0.0809744079947605,0.6719946773389669,1.1779315784668505,0.4141527807632148,5.915727419966386,22.138698,0.054202,0.8130229999999998,22.974388,1322.419873271,True,
30115,0.0204309685992139,0.2585910730435311,0.126412976156919,1.292730041953636,1.0593065776787365,0.7217091272153179,4.8589064774439095,35.584664,0.080178,1.2026700000000003,22.203711,2054.290140426,True,
30116,0.0450588206802662,0.5595464530824488,0.1185376858815691,1.4951305044382268,0.5241774273368459,0.33248068883348,-8.53676972248623,38.279535,0.136012,2.040179000000002,19.408993,1931.714767826,True,
30117,0.0498982557874917,0.555365210791346,0.1429526757848405,0.7134274587969763,1.1602522625450455,0.2241214890762411,-0.5402662251708161,31.010087,0.080786,1.2117880000000003,28.91816,2331.562105821,True,
30118,0.0463516804412838,0.3168646293383045,0.0820218346899043,1.4264024030350364,0.7017791264755753,0.8939069371168257,-4.103295618079726,37.575577,0.092148,1.3822150000000004,13.721983,1340.589668919,True,
30119,0.0458763854232488,0.4262454372632628,0.1229064387867455,1.3968992112262013,1.1797537326676184,0.1744478975746457,8.715061842598107,33.894247,0.088155,1.3223270000000005,22.738503,2003.831516067,True,
30120,0.0447880156165006,0.3154136712787515,0.0987567855318918,0.8172109177174133,0.8245369423662345,0.3522929685351936,5.411805513758907,28.281468,0.074282,1.1142269999999996,21.922395,1611.993510635,True,
30121,0.0262232745704071,0.5156737769065876,0.1009458434163655,1.084339294375826,1.0475473994215878,0.4203223137685212,1.0077147992924296,31.699243,0.068374,1.0256169999999996,19.928482,1642.466272259,True,
30122,0.041494847787461,0.4315975436569834,0.1235988995299486,1.0294602222278488,1.1463108817893426,0.8500170689219093,-2.231277994954267,34.023164,0.07972,1.1958000000000002,22.755198,2012.930016451,True,
30123,0.0255357183201729,0.3738374721541295,0.0958390435561809,0.7901095822748156,0.9938240256618796,0.7384306875459945,-7.915888227239346,31.923365,0.094117,1.4117489999999995,18.788523,1559.461476938,True,
30124,0.0403575837731119,0.3387976128810021,0.1175172075824779,0.8499378829952329,1.0195218305697291,0.2712746450077726,8.98011772935131,28.394097,0.081736,1.2260409999999995,25.948387,1915.630620226,True,
30125,0.0407787775840602,0.2807698408142279,0.1333610862888972,0.7749271879982315,0.6362097410340147,0.0286483525063947,-6.131190246298395,36.629587,0.136719,2.050785000000001,22.825377,2173.818749133,True,
30126,0.0102858597421559,0.5355613837392388,0.0889715581739087,0.9240863593119326,0.6413356841599156,0.6556133105344708,-7.296668040763011,33.851406,0.10433,1.5649569999999997,16.432638,1446.296543632,True,
30127,0.0016927407258525,0.5796751870153013,0.1361799637660597,0.9797572876373364,0.612049582731535,0.1852243104360041,9.184565013545466,37.680288,0.138886,2.083293000000001,22.552993,2209.488530939,True,
30128,0.0418404182470961,0.3284636094078166,0.1363700281703145,0.5581901047011412,1.182358044508598,0.1028135587492441,-7.500034826104912,29.300595,0.090828,1.3624149999999995,29.176557,2222.71518314,True,
30129,0.0352783487475085,0.2072145846589412,0.0855573475677193,0.6043666302426366,1.0166809928367648,0.6657051533846273,-0.8521335681022286,23.82088,0.055084,0.8262640000000001,22.55129,1396.698047027,True,
30130,0.0017231908188606,0.312759723063858,0.0956888128724798,0.6824410175703913,0.8297568801101685,0.4093481144701661,3.910066423310285,25.766707,0.064325,0.9648720000000006,23.21126,1555.002109886,True,
30131,0.0271079238245236,0.2515364148985763,0.0860610550924128,1.2579507013371147,0.7274921593139337,0.3862794365824833,-1.927703753343449,35.1531,0.079683,1.1952379999999998,15.341992,1402.228341091,True,
30132,0.0334509927236715,0.4152303631460684,0.1404367096464032,1.2627069622480738,0.6683603842824444,0.1104748843742716,5.394609670126755,39.759454,0.12308,1.8461990000000004,22.095135,2284.075364402,True,
30133,0.0431407031480955,0.2200386713285734,0.1202314290816777,0.9593184609309924,0.679348600816924,0.5120683469814099,-2.2770482314202134,39.126485,0.115889,1.7383420000000012,19.279487,1961.280248261,True,
30134,0.0325510249273714,0.2231851037198405,0.1470456117931575,1.4100674948131289,1.1054594008720244,0.872635863355586,-9.01476649079348,43.739976,0.12412,1.861794999999999,21.033849,2392.052134103,True,
30135,0.0434522053088762,0.2020157516969134,0.0953277252609714,0.628450222196612,1.0871790146368894,0.3304496665118194,4.759570842920095,21.178439,0.049038,0.735573,28.295609,1558.067779686,True,
30136,0.0094137674464742,0.4788055519713379,0.1316053150012974,1.3185787662174262,0.5397998079944065,0.1676575264618484,1.1418365050334565,41.249903,0.129301,1.939513999999999,19.919301,2136.340023163,True,
30137,0.0276274209810277,0.2424205219850884,0.1444081620625653,0.8591441066053576,1.002123592499931,0.4500268536854192,-4.300109366986062,35.881701,0.10277,1.541544,25.153195,2346.602518829,True,
30138,0.0165759450077085,0.498666123970732,0.148807043520623,1.4643712381676268,0.7913673658470906,0.7028995356636714,0.8779991268869338,46.202827,0.115589,1.7338389999999997,20.087194,2413.021419376,True,
30139,0.0441707202749607,0.4249420792966516,0.1044244833971163,0.967517297347408,0.90152445009239,0.1709814879452497,3.4298892497134243,31.598475,0.078679,1.1801790000000008,20.73331,1703.366570626,True,
30140,0.0230899458188368,0.4510266550150575,0.0973603879262809,0.7986176329583259,0.6004956332027243,0.3652603727731201,0.164786268086118,33.071357,0.090067,1.3510010000000001,18.41869,1583.740779881,True,
30141,0.0126462043822049,0.3612559746618438,0.1367841330564299,0.7301872491954039,1.17667094094434,0.6887162875240666,4.34019140767135,27.316232,0.0664,0.9960050000000003,31.283008,2221.788159023,True,
30142,0.0035277865290298,0.5015893192351406,0.1406816919387455,1.4048151907331916,1.0576221630191165,0.6395112645270954,6.68178557489011,38.3087,0.094445,1.4166699999999999,22.920694,2282.961171276,True,
30143,0.0480235700385531,0.2663019458169688,0.1068733128780158,1.1065305455027723,0.7934475994708644,0.9072024617741364,-8.840102876316095,40.000966,0.132096,1.9814419999999995,16.795741,1746.799212051,True,
30144,0.0034730751936371,0.2733034341285369,0.0979925194183127,0.7092047166333355,0.7653946205221742,0.925242959164286,-8.814031695558256,32.517137,0.107841,1.6176189999999995,18.83499,1592.395865363,True,
30145,0.0014741467052234,0.4829287324423677,0.1208331602291567,1.2043123886591505,0.818648619590467,0.1415352361638119,-4.832056083019091,39.932512,0.107248,1.6087250000000015,18.892147,1961.468290333,True,
30146,0.0051257562504909,0.3102168383295167,0.115693327515571,0.9221946660633132,0.6894033419618539,0.759770187886798,-9.382422061611177,39.376646,0.140568,2.1085179999999983,18.344952,1878.142995546,True,
30147,0.0445640121696181,0.516198654688283,0.0961663188627224,0.7056337425747095,0.99954789406818,0.6323380558361152,6.672213357433961,25.559465,0.06936,1.0403970000000005,23.602863,1568.519033392,True,
30148,0.0453779598163384,0.3782999156150818,0.1410521230069267,0.9041263043036404,1.1091982729593786,0.6350209379845934,1.8843811546698337,32.340649,0.079757,1.1963540000000004,27.351813,2299.895958984,True,
30149,0.0148038483682202,0.4866883733302073,0.0882409262559095,0.8942861773958173,0.9197532522705704,0.6864471819332391,1.7602538335441338,28.223748,0.060696,0.9104420000000006,19.561145,1435.430953594,True,
30150,0.0372157348400258,0.3556485616405972,0.149932569536322,0.5881372298978482,0.5840303157611935,0.0150898222040046,5.101921150409376,32.592728,0.124256,1.863842,28.77473,2438.402065797,True,
30151,0.0451000186379777,0.3963462227666643,0.1011658281355065,1.4462310190183802,0.8547174451514503,0.7908217135841404,5.781350001500263,34.772351,0.08015,1.2022490000000001,18.262687,1651.095028141,True,
30152,0.0329336511890154,0.230039369452697,0.1195351545285078,1.1363110562529934,0.7997006221988707,0.9607652252111836,-2.0922456296805354,39.070731,0.097447,1.4616999999999987,19.157896,1946.133759319,True,
30153,0.0246430837282812,0.5968150813466961,0.1223486628932865,1.3391290240033902,1.0765678501408091,0.3665862335603252,0.4235734141896596,39.1212,0.085305,1.2795769999999997,19.546683,1988.193263877,True,
30154,0.0245580881813824,0.4595078527698916,0.1396271594092035,0.9115268079457096,0.7701393481516119,0.5544015578457238,3.465246682145596,37.327482,0.105435,1.581524,23.368619,2267.958452214,True,
30155,0.0134954899058963,0.2307622693167263,0.0932796454725179,1.2265359644505738,1.07779907766261,0.2062513754278788,7.064316151063213,30.562323,0.07313,1.0969570000000006,19.085938,1516.60753491,True,
30156,0.0309720461786789,0.4123779395966702,0.0976798537959856,1.2336481672149429,0.6955801310299905,0.6856824365192645,-7.226565106483223,37.661527,0.110279,1.654190999999999,16.242977,1590.511858978,True,
30157,0.0143144677397371,0.5955119713229289,0.1201458481723951,0.6855559013915938,0.961093281975711,0.955227965278768,-2.4511143903580868,30.379322,0.074466,1.1169969999999996,24.71479,1952.128219983,True,
30158,0.031020866801059,0.2198899171617121,0.1480597672325373,1.3542401281429526,1.0059047068735876,0.8952147885392242,9.353063455975333,38.496452,0.105306,1.5795849999999998,24.038868,2406.068873056,True,
30159,0.002501489491676,0.340356913393288,0.1288363426107378,0.6802816206905568,0.6279071953596624,0.9194679403229428,-8.145071647724038,35.04606,0.127473,1.9120930000000005,22.961834,2092.276747705,True,
30160,0.0398868044647544,0.3076580643224169,0.1345219029567015,0.9477921653642392,0.9131979592408184,0.4901461386336368,-7.811894977084012,38.422915,0.123626,1.8543939999999992,21.930525,2190.850178861,True,
30161,0.030343173378544,0.3519522766590766,0.1355282506899194,0.7262373617724964,0.529826906565498,0.6833469410005335,9.812346281302002,30.685253,0.131903,1.9785389999999996,27.639751,2205.145191686,True,
30162,0.0206268030787376,0.4095947290915386,0.1441161604883062,1.2917991638363269,0.745025342158634,0.5501811126907777,-1.1389771625964666,44.615384,0.121657,1.8248500000000014,20.169205,2339.627738221,True,
30163,0.039967077450564,0.4687489767150284,0.1098869414149553,1.4210431830673065,0.6940824605288551,0.0542062830883445,-1.1171796501867544,40.321079,0.101936,1.5290339999999993,17.086924,1791.304352815,True,
30164,0.0082077575970198,0.536451961513678,0.1338380019976109,0.6588521914214098,0.9028695063498032,0.2994311646012627,7.92008988264816,27.929979,0.086162,1.292433,29.92948,2173.417391637,True,
30165,0.021473532631404,0.2274697252875488,0.1219923247243155,1.3712380369976749,1.1892307050981614,0.677151466033183,9.645339378129488,35.170778,0.08938,1.340694,21.685662,1983.024137238,True,
30166,0.010726180102209,0.2119626209208181,0.130051108837208,0.844233533693104,0.9780914519187366,0.5873165072724805,5.814763478162684,30.502184,0.08088,1.2132040000000002,26.630122,2111.919869636,True,
30167,0.0413729521893512,0.5984169082314739,0.1209061154665909,1.1308757607623563,0.9047436180570072,0.2609724649513221,0.3116201614491505,39.429226,0.099284,1.4892630000000011,19.199882,1968.294841442,True,
30168,0.0257186378546682,0.2750305285636708,0.0876684915776308,1.0243982272336627,0.7591454120530303,0.8899718791273898,-9.749275444053996,34.468534,0.116303,1.7445389999999996,15.933947,1427.9714942,True,
30169,0.0420334389519994,0.4752952400843543,0.1446284344595392,1.3065425857495327,0.7221563173030847,0.7248855442651743,0.0103682112864724,45.246114,0.122201,1.8330189999999984,20.015095,2354.573715038,True,
30170,0.0010512970455229,0.372884893514712,0.0967003020743341,1.0619037642117213,1.1082731970901427,0.6961610316857348,-6.451097298939586,31.036578,0.075876,1.138147,19.474846,1571.52469861,True,
30171,0.0324957967677391,0.3722202057262611,0.1381879125163819,1.075246749612954,0.8799793796913477,0.9106820146669348,-3.051586786897258,39.649053,0.102022,1.5303360000000001,21.801583,2247.471540876,True,
30172,0.02918987133153,0.5495093332139125,0.0843185405836407,0.9096748221927234,1.1445297357973208,0.0490197009586747,-7.866808151161182,28.415592,0.077768,1.166524,18.589678,1373.415455517,True,
30173,0.001879912512862,0.5781233743585827,0.1414439564165797,1.2544781415845103,0.648381429706928,0.8687431823983544,2.8168169755021104,43.124516,0.113258,1.6988739999999982,20.469895,2295.161197328,True,
30174,0.0319569600819263,0.5096503316295331,0.1474470919141503,0.9885234732897747,0.8661159487834478,0.4804620174973353,-6.347346632899885,41.653346,0.126485,1.8972820000000006,22.12466,2396.071905551,True,
30175,0.0430294004443878,0.5812716295333347,0.1090985207383914,1.165746363963497,0.6767926396876143,0.5096858953557147,2.785320794650925,38.218511,0.10124,1.5186050000000009,17.903477,1779.034935534,True,
30176,0.0381407077242226,0.4930073053059928,0.1278834986534384,1.103840838226374,0.6649122351741362,0.4486920044909182,-8.349744107030347,41.763191,0.145391,2.1808650000000007,19.166717,2081.20450109,True,
30177,0.0044173631636175,0.418066742983357,0.1182927336031298,0.562250763893332,1.1347600671781617,0.4010360040562324,-7.195287108348751,26.611977,0.074255,1.113832,27.768603,1921.34133964,True,
30178,0.0443852905505436,0.2900442757119237,0.1379139860198171,0.5306596134315443,1.1849404233026004,0.7970454891880688,-8.2470285393938,30.883803,0.095457,1.4318600000000004,28.013834,2249.451705648,True,
30179,0.0248279183123106,0.5821211363864942,0.0954809805831568,1.2240061312980677,0.8422647900824638,0.6255556862612021,2.7023715727980786,35.943561,0.079692,1.19538,16.621205,1553.305742873,True,
30180,0.0211334988553662,0.3744973780386938,0.1317037090121786,0.8152505928952016,0.7517575053441784,0.2748962349429076,-0.3251768916050022,35.805393,0.101558,1.5233679999999996,22.989993,2140.230887748,True,
30181,0.0151349173685131,0.2532681630317023,0.0952182007749252,1.348229269769187,0.6226169002996051,0.1425349652403822,-9.779607374220674,37.507006,0.122485,1.8372680000000017,15.877175,1548.3137239,True,
30182,0.0164118076690233,0.301486764862693,0.1126459533213533,0.5037156880907919,1.1516239049051724,0.4632511204727914,7.622811277693579,22.901948,0.061194,0.9179030000000004,30.746559,1830.805897995,True,
30183,0.0321083416434478,0.2871870704602715,0.1212978216409414,0.5408491302645101,0.6505918367405442,0.471325906032703,6.910721218384214,29.947351,0.096916,1.4537410000000008,25.363469,1974.878656922,True,
30184,0.0130503921087192,0.4097636360174168,0.0886415165952639,0.8615319203218879,0.7820063321640658,0.0828039377808068,-6.674868343190747,31.000269,0.089615,1.344227,17.888105,1441.79374188,True,
30185,0.0465373046076536,0.4350942482332711,0.1005680388834639,1.29881386240883,1.1934490878933102,0.4581794825546633,6.299625965055075,30.314974,0.06896,1.0344040000000003,20.825045,1641.407798684,True,
30186,0.0459093044427751,0.5591380921905631,0.0871597962341118,1.4390652566573467,0.8074504884054328,0.8124056341079433,-3.641617335701107,37.217454,0.083641,1.2546169999999996,14.704181,1422.855723963,True,
30187,0.0042237906399629,0.3571132627288653,0.1349381727549816,1.1855689951764208,0.8105461593685723,0.4358534929701207,1.3612209387194412,40.751191,0.103491,1.5523659999999992,20.668077,2189.846759715,True,
30188,0.0008819754561593,0.5307443082631709,0.0821293043751436,1.3642778805400546,0.950961015211214,0.7372335161253181,6.879698005789756,34.257668,0.079728,1.1959240000000015,14.988901,1335.060472127,True,
30189,0.0062566089086326,0.3346179602513217,0.0880575971343772,0.6099620953550047,0.6257295681610137,0.9336062706262972,7.305736884608482,28.372955,0.089953,1.3492919999999984,19.413461,1432.124829044,True,
30190,0.0392415391291725,0.2165132473622721,0.1129497254199995,0.9686892676861848,0.91004548924509,0.231595396545628,7.757265482619555,29.068989,0.079808,1.197114,24.363601,1841.385658064,True,
30191,0.0175459015110413,0.2820747012514594,0.1443914295426496,1.4015069168034269,0.7884972514525967,0.4051450611097559,2.3402012757662387,43.377887,0.112679,1.6901840000000004,20.783568,2344.022931703,True,
30192,0.0241981200034778,0.5604773363914498,0.097873685619506,1.0384621291219274,0.9654063810707384,0.430114046132505,8.825306099493368,30.050658,0.086613,1.2992000000000008,20.376905,1592.082503458,True,
30193,0.0475896847839438,0.595044493489262,0.0804418450488022,1.37962489864855,1.064723395536248,0.6803341891057227,-5.697924849958354,35.649176,0.082926,1.2438839999999995,14.170892,1313.469592315,True,
30194,0.0253825727590336,0.2758303282327674,0.0892936507341161,0.6229171491613176,0.9438654427860612,0.8420503350415125,8.56438696686924,23.630267,0.066225,0.9933779999999999,23.66465,1453.925155382,True,
30195,0.028518134949354,0.4116819109405034,0.1405612232644839,1.4892329430130709,1.0796847913516712,0.7432462518654664,1.4322636254315633,40.110235,0.085711,1.2856660000000009,21.907424,2284.650967561,True,
30196,0.0377006428962427,0.3897288368392455,0.1233135569684865,0.9920036568649542,0.5046474901540355,0.6279850312110321,-1.0362407439912804,38.064263,0.126651,1.8997650000000021,20.283474,2007.396245262,True,
30197,0.0012824241596097,0.4460457748817205,0.0818393327147356,1.3038456940362744,0.8917125400995849,0.9834110154618828,1.2126412372843376,34.830559,0.064682,0.9702260000000003,14.690285,1330.34422639,True,
30198,0.029543946398841,0.3132699077648667,0.0849149237683853,0.5008682220856351,0.9257538242407226,0.4939720766305763,-5.476336809490487,24.611817,0.069476,1.0421389999999997,21.623451,1383.700293243,True,
30199,0.007048564140308,0.4614626669767695,0.1458178896449104,0.955367748811756,0.738120833595093,0.3281084684644277,-7.619017455383577,41.209563,0.139529,2.092929,22.078144,2365.55971001,True,
30200,0.0125145024451551,0.2549131099981774,0.0981762500226087,0.9439896846700496,0.9913538332756994,0.1003768531504901,5.662754091774673,27.177897,0.067348,1.0102139999999995,22.584493,1595.877466758,True,
30201,0.0349445013129522,0.4976071614333406,0.1213841870286401,0.7384611286936266,0.9241794241036052,0.5951244674633887,-3.1042068403169587,32.824874,0.089236,1.3385429999999996,23.150306,1975.755272163,True,
30202,0.0489934547524417,0.3483490432834848,0.112831153188012,1.271232845277838,0.8436937575633454,0.1828332865621219,-6.727718728040174,42.239269,0.125632,1.8844750000000001,16.768435,1841.544724924,True,
30203,0.0289673292805842,0.2814586454620201,0.1337107741186283,0.9778631977197676,0.9122550953543496,0.7763227655238756,1.7215983837322175,36.02806,0.086902,1.303528,23.208301,2173.990155104,True,
30204,0.0052003181109293,0.3763878841635288,0.1088612601401596,0.755392893663791,0.9349357787447587,0.7122427932494488,4.912600836872938,27.934233,0.06976,1.046405,24.353205,1768.74902007,True,
30205,0.0382624018428187,0.3876658226242087,0.1495458291266986,1.1523079051126173,1.133904218253841,0.903758586236224,4.479851667771071,35.93076,0.088838,1.3325649999999998,26.021269,2430.90633876,True,
30206,0.0028918600491773,0.3939546429621889,0.1082988888633574,0.92102356519733,0.8117404520232544,0.0809540693597956,-2.482921672740421,33.715694,0.086325,1.2948730000000008,20.072705,1759.589484925,True,
30207,0.0120960553728375,0.5057009148312821,0.1230488035452448,0.7349019438108767,0.7249400771360149,0.8261877337758895,-7.661480855346671,35.57422,0.118622,1.7793320000000001,21.613268,1999.07538506,True,
30208,0.0030917122572547,0.3704401274491691,0.0817017557703139,1.1046555185043885,1.0942613770945695,0.4079571192816603,-9.66348167476528,29.39693,0.083387,1.2508109999999997,17.38561,1328.817272931,True,
30209,0.0438725115476135,0.4413157663381032,0.1221342514183751,1.4552067406544145,0.5719861629165657,0.9238179920893786,1.1884579626734606,41.431516,0.102847,1.5427039999999987,18.47887,1990.57974403,True,
30210,0.0280900075385641,0.3562473536534261,0.0816297441644826,0.5275240280254352,1.123413561960097,0.4416587259547193,2.3739636412785714,21.594481,0.046168,0.6925249999999998,23.685235,1329.822927582,True,
30211,0.0322090782131262,0.4205609765188177,0.0917287552163762,1.3116971184017765,1.1676786435895778,0.4466089928116195,5.286606502086521,30.044352,0.063396,0.9509379999999998,19.123679,1493.852173721,True,
30212,0.0472412473459529,0.519137173105499,0.1290474449067701,0.8214091521074474,0.6562386081581504,0.8148214829404072,0.5802149472359055,38.792122,0.113449,1.7017310000000005,20.863217,2104.253972654,True,
30213,0.0300276273451517,0.3395197483243766,0.1498209538238272,1.2000090397166636,1.0079894119607795,0.9428942993358412,2.4409260514806306,39.036371,0.095623,1.4343400000000006,23.970752,2432.901031377,True,
30214,0.0495579939880983,0.2490581262324155,0.0993350177886916,1.4021262088229935,0.6990272195110812,0.4221493772464886,-5.603012965568719,39.972989,0.116159,1.742389000000001,15.629842,1624.405942345,True,
30215,0.024076746195284,0.5425582219495524,0.1339388629693784,0.7804599497448572,0.9495923789670933,0.8573147607357156,-0.7213481917751317,32.917899,0.082854,1.2428040000000005,25.432514,2176.680808236,True,
30216,0.0036797043553183,0.5625831403594246,0.1461315971291178,1.1496512122282356,0.9169432251018148,0.2977737064650271,-5.958692669290363,41.379043,0.11761,1.7641559999999998,22.012011,2368.173441784,True,
30217,0.0152659310018886,0.3846707076047811,0.0998993056810332,1.216329116851406,1.0656596219446577,0.9772390758986992,-5.5103421119783285,33.956483,0.079876,1.1981469999999996,18.397116,1624.22348623,True,
30218,0.002647113322889,0.5116373811953644,0.1091510552675915,0.664891995013262,0.8898883611487366,0.2195586604841163,7.186444430511305,26.353003,0.075797,1.1369549999999995,25.882419,1773.406589522,True,
30219,0.0069435326080165,0.4820064952267169,0.1109629047022999,0.5068711708425668,0.6138458402191467,0.5194148493872102,0.4762418086172921,30.192927,0.084677,1.2701519999999995,22.966725,1802.924857898,True,
30220,0.0301553644594851,0.3790017946782931,0.1206410699378366,0.8728511873647857,0.7969683734862092,0.8174822744671902,8.236931638677135,32.341864,0.095664,1.4349589999999992,23.330748,1961.855668944,True,
30221,0.0292611667746335,0.481229307174522,0.1069205790440893,0.653800595459664,0.7958433113735317,0.3783262320180168,4.988986130189289,26.268213,0.072834,1.092504,25.470771,1739.586234553,True,
30222,0.0252489023702813,0.576997540683698,0.0902252858802768,1.4748092985310564,1.0097237744153302,0.8395202654164906,9.945022215471417,32.936023,0.090668,1.3600220000000007,17.143132,1468.029079288,True,
30223,0.0448274037982444,0.4528739595899569,0.1180957917550081,0.7361878907715186,0.8970396168325054,0.0574199268753161,6.184861251742525,28.402894,0.082097,1.2314570000000007,26.076558,1925.689296884,True,
30224,0.0351462669935324,0.3479395967008931,0.0968355354539722,1.0178453435875128,0.8645446880939399,0.5975707729921528,6.013456868254,30.170875,0.076241,1.143618,20.113942,1577.823630809,True,
30225,0.0153265216132193,0.2348501744276395,0.1040905902982071,0.5453957621119413,0.8828556189781175,0.3181471869680876,-9.630018696805973,28.945408,0.098814,1.482215000000001,22.496811,1693.06640257,True,
30226,0.014285471570422,0.5288374927844026,0.1190316405436402,1.20319303897785,0.9875390548209948,0.5325052276532521,-4.663185708340704,38.325953,0.094076,1.4111399999999996,19.399248,1933.08609287,True,
30227,0.0013213762963375,0.4164988485634819,0.1167624825737732,0.9733715226005576,0.5005282865275218,0.0478703330979198,7.513429706833637,35.258112,0.129539,1.9430830000000014,20.674973,1895.297326821,True,
30228,0.0009889892693111,0.3145211604505508,0.0929444457795073,0.7923237423141174,0.5653898901034434,0.9464874656165774,-4.015027150969751,34.823194,0.097468,1.4620200000000008,16.682932,1510.477719492,True,
30229,0.0073578795718851,0.3026675993781444,0.1115504977521715,0.7409044764854221,0.6730326917492361,0.2231380134255342,-4.055134135832335,32.330894,0.095821,1.4373120000000004,21.55936,1812.286824383,True,
30230,0.0150015293249692,0.3644244713370204,0.1107505424156548,1.235458034989574,0.7229836626099759,0.6225574037693763,8.67703595674099,38.017599,0.112683,1.6902469999999994,18.201328,1799.124100152,True,
30231,0.0209370674245364,0.5439466949397307,0.1303642260667318,1.066014607468191,0.5167279936025799,0.6501855678181363,7.54959454412494,34.362619,0.122797,1.841951,23.707298,2118.076627634,True,
30232,0.0162292149166838,0.3295512375051549,0.0891428894432053,0.9998546034819557,0.8780217268683435,0.0320514471316665,9.760765974386846,30.366123,0.092996,1.3949339999999992,18.367538,1450.152386925,True,
30233,0.0302538142965121,0.2644834420765762,0.1061436301248141,1.28936224969064,0.9145119713376584,0.6676856079958123,-4.5147474288955545,37.379878,0.09173,1.375947,17.789679,1728.937717136,True,
30234,0.0275970647393949,0.2666082159571528,0.097350957574823,0.9320464726641964,0.7166719874870471,0.6914071166204544,-7.358955772474994,34.707563,0.110166,1.6524959999999993,17.563639,1584.936839794,True,
30235,0.0404766922112158,0.4712933149004115,0.129649515125026,0.9440862597974478,0.917509937297336,0.5931840904756782,-7.098420420386227,38.429741,0.115369,1.7305330000000012,21.123339,2110.587544023,True,
30236,0.0297886758578883,0.2396730965802443,0.1029956743732369,1.19789220769666,0.5492251748371282,0.598462917840678,9.090426550655032,33.502683,0.109055,1.6358219999999992,19.259322,1677.621301087,True,
30237,0.040687340235915,0.576048336790728,0.1441645880179393,1.4291300443108828,0.7798157838620651,0.1878779936146013,-3.735481565169235,45.808844,0.130271,1.9540640000000007,19.702877,2346.671681395,True,
30238,0.0339899123374284,0.4328043857160517,0.1193855884253559,1.097479861502424,1.0187233873466082,0.0885937173492888,-3.136255629499073,36.305798,0.091862,1.3779359999999992,20.57646,1942.316444389,True,
30239,0.021770752600262,0.5923793293560189,0.1072677913103984,1.195083613218901,0.5580742582404599,0.9667929707910028,8.05925404685744,33.920409,0.106568,1.598516,19.781778,1744.615584653,True,
30240,0.0261209842995805,0.4210254811806659,0.1192002940910092,1.1444354381020547,0.5936008963362582,0.0650557903593038,-0.3198577727815763,39.291152,0.115955,1.7393309999999982,18.966828,1937.594150243,True,
30241,0.0139264961881651,0.4013505739836535,0.1283931621241613,1.4998046270207936,0.755771572035168,0.8628507893213481,-5.57676975555439,42.537628,0.106675,1.600124000000001,18.854465,2085.262929018,True,
30242,0.0098179126757487,0.5731525591058189,0.1054375471165298,1.3588689788765058,1.113830153258767,0.749239463368519,9.428544874869672,33.382331,0.086416,1.296240000000001,19.744694,1713.722118809,True,
30243,0.0427405119062351,0.5246424397396972,0.122172126065726,0.6472442124483269,0.898475884324293,0.0348238284580934,-2.8855920634521635,31.500737,0.090385,1.3557800000000002,24.306874,1990.779563381,True,
30244,0.0388917756634185,0.3071409399183207,0.1187038244527228,1.2671255628001052,0.5989320939135364,0.9486450463835008,-3.482681058809371,40.55363,0.11273,1.6909460000000003,18.34241,1934.01338815,True,
30245,0.025050587121922,0.2108365634485488,0.1065512480024842,1.0209448827888892,0.8210518708635358,0.568721290272372,0.3637357862466199,34.009198,0.079559,1.1933919999999993,19.614013,1734.347838363,True,
30246,0.0019518165036852,0.4340057611249222,0.083250857681657,0.6119122498670727,1.1860600121122569,0.2574992909477199,-5.837345720881265,22.516492,0.055844,0.8376540000000001,23.125792,1353.850463717,True,
30247,0.0131659638348408,0.2037091908747925,0.131461078725314,0.5683171430424785,0.5450551531758944,0.5464710979046479,-2.635841167478836,32.855193,0.11177,1.6765540000000012,25.002198,2135.775246261,True,
30248,0.0216145020085905,0.3694540336645781,0.1179787659315816,1.239183342944949,0.8468056317335508,0.5724989906772471,-8.039043167703111,40.650533,0.118941,1.7841109999999993,18.138825,1917.117557825,True,
30249,0.0423926832129405,0.2315050503582866,0.1136343372062752,1.1797992786674083,0.6292057513346733,0.8677328844097248,2.213830633971254,38.548707,0.0952,1.428001,18.494487,1853.640249533,True,
30250,0.0368739956523852,0.5141281393824886,0.0975402799809637,0.5706706554231431,1.0120011063359962,0.6319699918600902,8.465726562109225,23.455109,0.068164,1.0224600000000001,26.056912,1589.036077147,True,
30251,0.0412091075693405,0.588191347070808,0.1047114405309681,0.7701667317322012,1.1617059417167863,0.468522961171527,-5.322414537103163,29.987954,0.0772,1.1580050000000002,21.877372,1705.749842468,True,
30252,0.0394329219753122,0.450167026035865,0.1145271876309057,0.7070458103254739,0.6486467143606172,0.4036179984990397,-0.6582392478366152,33.38314,0.098928,1.483915999999999,21.498239,1865.964718018,True,
30253,0.0171652669797122,0.2469177632536329,0.1043296741794332,0.8041787960959568,1.031004940505338,0.0976553647663425,2.8840997682246865,27.521431,0.065039,0.9755889999999994,23.707374,1696.398235261,True,
30254,0.043269100973836,0.4311650253692624,0.0910927666345594,1.005534375533536,1.0212791794464824,0.0403207460150316,2.8415998663609603,29.561009,0.066955,1.004327,19.332092,1485.838018442,True,
30255,0.011874964310489,0.2563104025222151,0.1003220998089139,1.4409621103088723,0.9271938923447828,0.1466075886366481,-5.302277138246743,37.837274,0.090403,1.3560529999999993,16.578806,1630.97174752,True,
30256,0.0236107781528278,0.5066150742828004,0.1168493592197056,1.218796767332905,0.9391483164063475,0.3060417399357755,1.5865596236889845,37.424684,0.086614,1.2992080000000001,19.515426,1898.932540451,True,
30257,0.0101428806253352,0.2321837554619355,0.1320630771645842,1.3289687858644474,0.6873454247430699,0.8773476179551715,5.556587669021585,39.516018,0.103161,1.547410000000001,20.870221,2144.240888415,True,
30258,0.003952704208403,0.4646791363109248,0.085619317364841,0.5220251549556937,0.7834817744042661,0.2332492818626222,-9.532503521000306,27.257567,0.094273,1.4140990000000002,19.646438,1392.33667842,True,
30259,0.0157207109560665,0.3037703064292327,0.125366184015929,0.5821549175936029,0.616880074108486,0.2004386785926792,2.574059579032504,30.476277,0.095293,1.4293890000000005,25.707642,2037.030350822,True,
30260,0.0092655285177011,0.3184508474438591,0.1184370506256385,0.5175379422751513,0.6447673516111067,0.1772227351319743,5.338342443496767,29.341773,0.0931,1.396495999999999,25.217643,1923.818902643,True,
30261,0.0159945856610942,0.23348696222079,0.1341087778830198,0.7824730967996536,1.0704413266759258,0.662277919224566,2.631267120259832,29.704292,0.072785,1.091774,28.206607,2178.428926334,True,
30262,0.0190441312095826,0.3267692145928993,0.0918754129469842,1.461481494371408,0.7801425038647177,0.8402293249802962,1.6090647563760374,37.07915,0.07292,1.0937979999999996,15.501264,1494.411649281,True,
30263,0.0229405946036045,0.503227798874533,0.1158626383653412,0.598911490249168,0.5736850507233211,0.4566669255273228,0.4964934786946902,33.513068,0.100844,1.5126650000000001,21.615263,1883.423804569,True,
30264,0.0264148755811986,0.4652020072880097,0.0834251652815804,1.157897327516452,0.7196339856154212,0.2082481889272437,-8.707643848634346,33.953655,0.10473,1.5709520000000001,15.39063,1358.677192136,True,
30265,0.0462220122754832,0.4174210400869012,0.1139181269293998,0.9418214447150122,0.8959962940018888,0.7653785872083513,-6.0676181512988325,37.816385,0.109024,1.6353559999999998,18.88995,1857.308991715,True,
30266,0.0269233330969416,0.3115399917020688,0.1295261656839311,1.0822915559144666,0.7054802275304406,0.417109036579966,3.858671525622493,38.026281,0.105321,1.579815,21.295799,2105.48007748,True,
30267,0.0340291613580716,0.4993481424554564,0.1020853569375882,1.2779871343752047,0.9749268390596684,0.1581745085105516,3.702461134614019,34.420495,0.076945,1.1541740000000003,18.577477,1662.559513442,True,
30268,0.0266351908111141,0.5273365608781602,0.1261519007760114,0.5974936821787078,0.7706075684880364,0.823683884650999,-3.533421833240512,32.575849,0.093437,1.401553999999999,24.219412,2051.316578312,True,
30269,0.0201229526008796,0.3922727449739276,0.1248838762281317,1.1093397312153113,0.9064998214762452,0.3971788609420745,-1.6421587933606272,37.537304,0.091109,1.3666409999999996,20.785757,2028.627330315,True,
30270,0.0137981617034191,0.5001252530055101,0.1035356608123133,1.3851504304093964,0.5311827504107013,0.8076724473821492,-7.41197173287629,37.042833,0.110224,1.6533529999999992,17.47609,1683.146044408,True,
30271,0.0369742822510627,0.3551223428066197,0.1120822208379381,0.6371258121434132,0.5038545459858293,0.7075342366485252,2.491007877401879,30.476236,0.092905,1.39358,23.050291,1826.463845421,True,
30272,0.0053381067747815,0.3380524048137457,0.1116406050003388,0.519840552936539,0.6017750323438441,0.0160050505074038,-5.085383975035976,29.590482,0.098047,1.4707089999999994,23.571706,1813.49516118,True,
30273,0.0274067802845459,0.5212823730522138,0.0910486549779657,1.1750697779320158,0.681567314027058,0.5622647277737155,-1.444253480417963,36.282398,0.084684,1.2702609999999996,15.708159,1481.817159323,True,
30274,0.0338788692179643,0.3273516053491752,0.1276215405394044,1.2821448946352645,0.9488554579719352,0.0761758497464389,-4.944904829682874,40.513969,0.109813,1.6471940000000007,19.717025,2076.918773921,True,
30275,0.0138008496166291,0.3639160174807745,0.1058243463425497,1.0093868841012374,0.8526907570402488,0.8296824121610915,-7.251328443750283,36.289964,0.104715,1.570722,18.231791,1720.240703505,True,
30276,0.0358928257314048,0.4772137677773985,0.1457555956400322,0.5546306588563044,0.8028490398346044,0.2288424380384853,5.50378651894375,30.680143,0.1023,1.5344970000000009,29.730853,2371.581723604,True,
30277,0.0132228754453422,0.5565677979491128,0.1450514452585139,1.3221909603130395,0.7470005567564836,0.2580648438034134,-3.1876539207173007,46.652701,0.132607,1.9891039999999975,19.401293,2353.319119665,True,
30278,0.0243106097737494,0.4958075711246242,0.1028202849966591,0.7242528117573824,0.980748225298318,0.7455329481231185,-4.172830681851341,28.889001,0.075064,1.1259539999999992,22.268793,1672.640305863,True,
30279,0.0212365438705,0.5642896618438336,0.0848442025449372,0.9135368582350992,1.004057287604391,0.1286538997784194,9.84920621361224,26.299583,0.08063,1.2094560000000003,20.195718,1380.961310562,True,
30280,0.0337940467623046,0.5266388727494689,0.105048305575794,1.1257575942964433,0.93726025958112,0.7747125557749072,-3.566718127227694,35.705048,0.086567,1.2985000000000007,18.425726,1710.517733152,True,
30281,0.0335588925603015,0.5026884039875515,0.0919995858387387,0.5661989705378916,1.168982163348129,0.1138214893888221,-5.207069515048172,24.059851,0.062813,0.9421939999999998,23.949285,1498.162195617,True,
30282,0.0078429830320434,0.5894505293058281,0.125855778541099,0.9703891714088916,0.5527464647041826,0.5752653299595453,4.232966403561232,36.603227,0.116346,1.745184,21.46561,2042.847506606,True,
30283,0.0293681721781424,0.2129656537506991,0.1422289525499098,1.4838395466438603,0.8600194368442429,0.497637183051818,1.504630717937513,42.927684,0.102594,1.5389160000000004,20.747684,2315.690106157,True,
30284,0.0442981854659654,0.4196709462325431,0.0873995542836594,0.6957426722011305,0.692336336611975,0.5007553211427184,9.365647167870598,26.957905,0.091967,1.3795020000000005,20.361508,1427.149378926,True,
30285,0.0282007983628051,0.4074519041054711,0.0987782978716696,0.6787739004496118,0.7876685322523874,0.85895235259205,5.862044890753001,27.62597,0.073404,1.1010559999999998,22.381982,1607.642309516,True,
30286,0.0467453366396824,0.3200110391975763,0.0899458292913081,0.9370802388861597,1.0728384346155169,0.5359246866154318,9.274120399484186,26.369584,0.074643,1.119643,21.438721,1469.858383313,True,
30287,0.0347219437735216,0.2484456871977633,0.0887555006146144,0.889053382931321,0.5758843504716675,0.9953675801333276,3.957030676814215,31.283783,0.078177,1.1726519999999994,17.799006,1447.732634815,True,
30288,0.0397781803273615,0.240058674229998,0.09245864782933,0.8461734646693045,0.8728356082147921,0.4383275072163669,-4.969543556863597,31.785797,0.091354,1.370315999999999,18.253042,1508.487468274,True,
30289,0.019279006637828,0.2377018816788059,0.1432098630730651,1.0006429898259022,0.7284790734278137,0.7894453285614802,-1.1903400263538817,41.045688,0.113307,1.6996120000000001,21.785221,2324.892438097,True,
30290,0.0182541879842933,0.5723566244197842,0.1131780617103754,1.280506051811567,1.0886627901351278,0.0678094819818285,6.090872787612742,32.827114,0.079692,1.195378999999999,21.542274,1838.643756397,True,
30291,0.0097873272948788,0.5542118383019812,0.1199320783311395,1.3208175447786994,0.78678544782204,0.9047684486901314,-3.268790896140551,41.649784,0.097862,1.467924,17.983766,1947.451896111,True,
30292,0.0054575873084036,0.2622970395849224,0.1172232498233371,0.843014690507001,1.1571862778738242,0.3513197914219274,8.908361400455334,29.886323,0.082096,1.2314430000000005,24.488327,1902.851704171,True,
30293,0.0426418998728062,0.5741965369458625,0.0982571254931823,0.7663151128506542,0.740937575585316,0.7280491674747583,6.955827782875069,30.764973,0.093004,1.395054,20.023497,1601.65809034,True,
30294,0.0316977634923199,0.5336895090673189,0.1063392092563381,1.0779282833871844,0.8530450444858177,0.0307514670904315,-6.715673049297664,37.327304,0.10985,1.647748,17.836113,1731.012412733,True,
30295,0.0231972509769957,0.5786522788544499,0.0949831686162512,1.1883517348325612,0.8579446407560305,0.0220078441445209,-4.846218038175211,37.151495,0.095069,1.4260359999999999,15.994334,1544.954914069,True,
30296,0.0446853131626451,0.2091272569645195,0.085805772950228,1.3359571645352788,0.8161576521721636,0.8473512494868737,-7.46081306782412,37.509707,0.107732,1.6159750000000006,14.390109,1403.398786962,True,
30297,0.0312384991712565,0.2157483589231027,0.1326689590204211,1.054951794225828,0.8275433449140647,0.0691768111659673,8.360758692791737,34.287939,0.100483,1.5072390000000002,24.213203,2158.574181456,True,
30298,0.0022497788968497,0.4873593198215266,0.1301453738749111,1.1012347934733484,0.5504313496566636,0.2123494038247464,9.47182079904557,37.445694,0.142082,2.131233999999999,21.693788,2112.081255861,True,
30299,0.0268888985033882,0.2267080329669336,0.138762460879076,1.2854025197757446,1.012960843932588,0.864228429457089,-2.5476968269528677,39.879598,0.093712,1.4056819999999988,21.753074,2255.509992621,True,
30300,0.0327828841927956,0.4419938638381257,0.1096038024442801,0.750614429147856,1.1498495678118954,0.0843012192926759,-6.11705766582884,28.938152,0.078531,1.177969,23.729298,1785.373297609,True,
30301,0.0308153412210089,0.5865268523305575,0.135883825421306,0.6140089610877991,0.5832925939780396,0.7509263915517783,-1.5904682602388558,35.573359,0.113363,1.700443,23.895451,2210.107812472,True,
30302,0.0417304768507088,0.3372993759821634,0.0945988991168686,1.0433879419929672,1.1425168267149726,0.9569895773047868,5.686724780946886,27.338284,0.061133,0.916989,21.711279,1543.227687988,True,
30303,0.0385067771944978,0.2527642960924745,0.0806059543658248,1.0958391372395218,0.5546198305268616,0.7736233090037125,0.329858981236562,34.562016,0.081885,1.228268,14.642813,1315.821306781,True,
30304,0.0281492458540602,0.3312460520860578,0.0852375307721561,1.093055787067318,0.6101572848739515,0.0029173588979739,2.9451250280451085,32.585337,0.079244,1.1886609999999997,16.390573,1388.640105137,True,
30305,0.011224374510457,0.562032055071103,0.1346575687177391,0.5324275874374901,0.7844852067057866,0.964376524813353,-3.372496084877639,30.849398,0.087598,1.3139630000000002,27.265799,2186.947058706,True,
30306,0.0135724892934164,0.221829796292594,0.0871080520922362,0.7198078505956591,0.8389642550579501,0.203126550726185,-7.576760258102521,28.374232,0.087131,1.3069700000000006,19.210006,1417.179831361,True,
30307,0.0356490318506608,0.4688298174802486,0.1282454122208876,0.8568981730148582,0.9840366901309484,0.3095681843143115,-6.874174198839216,35.270185,0.104658,1.569875999999999,22.764515,2087.562483676,True,
30308,0.0226162589708371,0.2951119551343957,0.1479870609075909,0.8696573219779777,0.7545896422672956,0.1180025443305591,-4.695529491650166,39.874989,0.129205,1.9380810000000004,23.179076,2403.090001597,True,
30309,0.0452197099417517,0.3307683811017558,0.1122243304055209,0.6894245815521365,0.7121551023216216,0.1271666108309344,-9.870403947818012,35.889994,0.140733,2.1109899999999993,19.624989,1831.285922049,True,
30310,0.0176691568337315,0.5652770680272508,0.1013387394427282,0.9965836002627644,0.9461731319654928,0.7867932806152861,-2.8572872505096,32.765629,0.075437,1.1315620000000006,19.339841,1647.573365137,True,
30311,0.0006923344998027,0.2928426717533634,0.1305938684656716,1.4975110476703963,1.1112401911444645,0.3905736120148945,-1.9760712735332664,39.715542,0.083747,1.256203000000001,20.528071,2119.737048366,True,
30312,0.0440867027161533,0.490121339612785,0.1217686804377045,0.7788927035390845,0.9571485281041434,0.5204746556695956,-6.295884049102934,34.710997,0.103758,1.5563729999999998,21.994978,1985.015825631,True,
30313,0.0173393830151337,0.3003350677373589,0.1436989774278821,0.8315101037856616,0.5223221872257834,0.7350268391208316,8.349567778223982,32.904072,0.130612,1.9591790000000007,27.282185,2334.006949624,True,
30314,0.0370292607877166,0.2916434192909421,0.1292521479669399,0.5919951025579524,1.0343108014788909,0.1503385414958588,-2.04544584642024,27.498415,0.074436,1.116543,29.450112,2105.561658205,True,
30315,0.0304353278546695,0.4882189306182564,0.1118238686020281,0.6515406286025149,0.5564995753642851,0.7318048138307932,6.972448242214654,30.107134,0.103571,1.5535689999999995,23.244263,1819.5271862,True,
30316,0.0331141583649161,0.4738519312300083,0.1390481399809775,1.1706825185247096,0.7624461268899076,0.939298430158393,-0.9271405364815593,43.043513,0.1085,1.627497,20.202862,2260.965591865,True,
30317,0.0315047376092986,0.3673504838892318,0.0830800652987075,1.3054165641147533,0.8509360293913455,0.1947167591635804,-6.953086202588168,35.656999,0.095584,1.4337560000000007,14.605488,1354.048413059,True,
30318,0.0188988342858116,0.2593460322804558,0.1143536557187851,1.395793791176871,0.7335172407521681,0.3764358976930321,6.15125950353238,38.069013,0.098653,1.4797969999999996,18.776096,1858.447321588,True,
30319,0.0284099385516584,0.4265408235058922,0.0908346984420443,1.327383565380922,1.1205962678845032,0.2108864732918383,-9.50671499711824,35.094021,0.096049,1.4407320000000006,16.20483,1478.600845656,True,
30320,0.0145784673473299,0.4834252823452583,0.129752846611917,0.7214148631164079,0.6671371629919739,0.2171727637434729,4.167693993857496,31.458336,0.097156,1.4573429999999998,25.771427,2107.888185593,True,
30321,0.0254540468140433,0.5535910785013483,0.0867536663440706,0.8274340572721909,0.7014236361551679,0.9970733922292874,-2.369487378829501,32.005541,0.077748,1.1662250000000007,16.974292,1412.505680135,True,
30322,0.0363285652304176,0.5421400025039351,0.1465799690330282,1.0131976935961524,0.7768165319272264,0.9344642057982632,6.588511868067389,39.268307,0.119125,1.7868750000000002,23.345196,2383.488445179,True,
30323,0.0237561674828806,0.4747730336246565,0.1179175350141649,0.6553736134214452,0.9206375608989052,0.2482910694963469,7.227219870429277,26.846199,0.077544,1.1631660000000004,27.468492,1917.303958658,True,
30324,0.0283163343123198,0.5072438862726503,0.125129365061294,0.6078059315635327,1.1630228618809468,0.7706954025150898,-0.08731452487973,27.416945,0.064447,0.9666989999999998,28.550352,2035.184920436,True,
30325,0.0123688259248492,0.2911210705803463,0.1095294797575553,1.453902222054753,0.7740300940711183,0.3638328525495572,4.491102754520284,39.834759,0.094226,1.4133880000000012,17.178906,1779.22564281,True,
30326,0.0460837787890534,0.2416399222297607,0.1413095197138105,1.08905514719025,1.0293000837308877,0.3164882252575466,-4.143266647187641,39.686636,0.109103,1.636545,22.337471,2304.89760279,True,
30327,0.0186264497548501,0.2459863352135795,0.1289053697551691,0.5943142540076909,1.1529399122599546,0.5034923103022623,8.63290751343056,25.312504,0.069741,1.0461149999999995,31.834629,2095.116842199,True,
30328,0.0242028303815862,0.4625686553543935,0.1373803654054305,1.0789205032698592,0.7058024521897488,0.1450036319341867,0.7957487196806294,41.068082,0.119177,1.7876519999999996,20.899994,2231.638896816,True,
30329,0.0296293164239851,0.5545910041669262,0.1388105973629391,1.1768128391078263,0.6462454361378943,0.4770743543747297,9.007818733259036,38.489845,0.131998,1.9799769999999999,22.542733,2255.932384626,True,
30330,0.0350262511860008,0.4427507414076163,0.0906342338463892,1.0030621322246558,1.1188304527890232,0.3582137260953443,6.732762010443913,26.715941,0.066011,0.9901610000000005,21.256605,1476.514499241,True,
30331,0.0024184337987428,0.4468534046748172,0.1022360376484457,1.248670425600071,0.968800254647786,0.2354387224468952,9.967964282262637,33.847408,0.097914,1.4687070000000002,18.878465,1661.366470413,True,
30332,0.0360421703964252,0.4289630141488402,0.1312394914117381,0.5770389827370443,1.0378461088297182,0.4271636120430774,3.352295456419484,25.892478,0.067787,1.0168,31.736999,2136.548856836,True,
30333,0.0479837718613814,0.383931095103384,0.13803716207816,0.7875969405342391,0.8928620199698678,0.3617492543996816,-6.414255843689959,36.837445,0.119549,1.793227,23.51214,2251.930636574,True,
30334,0.004531274225625,0.3235108043382496,0.0845054032723441,0.7765427338575117,0.5425358015389912,0.5106015194251032,-6.166397038465243,30.968543,0.098152,1.4722819999999999,17.069071,1374.371124565,True,
30335,0.020785235438122,0.5171400644235169,0.1166307659069791,0.5201283030021377,0.581749747028469,0.3430711409207936,6.790225865311591,28.825688,0.101443,1.521642,25.296947,1895.924955997,True,
30336,0.0496356486537951,0.2854475615764004,0.1146559049344173,1.0360309174297937,1.060013988969104,0.4337402127514113,6.828615760845654,28.829601,0.072769,1.0915360000000005,24.980655,1872.474006742,True,
30337,0.0084304361096782,0.5255115858673347,0.0835541333251093,0.6675216307191254,0.5419988693993213,0.300921627776559,-0.70735136969199,29.098763,0.076121,1.1418119999999998,17.962314,1358.970927274,True,
30338,0.0205177010902673,0.2874528953756758,0.111134700092585,1.2379505825213764,0.6435142754460392,0.3552085495908697,4.650264639742158,37.49091,0.101647,1.5246969999999997,18.53066,1806.301465986,True,
30339,0.0436026798036781,0.3792783166568727,0.1400378651570289,1.389950961420186,0.8992757285030001,0.4451573611015985,1.466110460184794,42.862293,0.105315,1.5797179999999997,20.475388,2281.817419179,True,
30340,0.0484563502650675,0.5860437413348638,0.142619088339211,0.6411445092087737,0.7264030113662285,0.4420206867767079,7.400100709571937,33.365474,0.12033,1.804945,26.807662,2325.570909853,True,
30341,0.0133218418230863,0.587438174736532,0.0964276479651692,1.351036856319158,1.175954612083613,0.6743127721589971,-0.9174097250638696,33.063347,0.062559,0.9383919999999994,18.234625,1567.534097057,True,
30342,0.008695047586225,0.2940146221349393,0.1162338071063002,1.0537193395890334,1.1729655054779324,0.7523115238236853,-7.969879119523656,34.688473,0.092003,1.3800439999999998,20.925964,1887.313342293,True,
30343,0.0437133159233521,0.3586541015233582,0.1025643537827323,1.4718084299292022,0.6721584795142129,0.9405910120327974,3.965072168839264,37.47615,0.084206,1.263091000000001,17.178026,1673.79232978,True,
30344,0.0288878925401129,0.5051902370381884,0.1084957370747318,0.6690474681898321,0.6750809797481434,0.3706176236273597,-1.0548246637467145,32.473878,0.091471,1.372071,20.910576,1765.523437478,True,
30345,0.0076610144828301,0.4135324285123373,0.147764084656435,1.2501264577852669,0.9630160398755768,0.8056921587787376,7.342031346880752,37.866156,0.101268,1.5190200000000011,24.325871,2394.930845497,True,
30346,0.0354040302988463,0.5918934186681009,0.0850872060478389,0.5748471197865214,1.097435875134062,0.7837259459808866,4.370140150794938,22.590324,0.053785,0.8067719999999996,23.611087,1386.793484592,True,
30347,0.0095424371138927,0.4054055671401904,0.1462917665527407,1.4855273728479084,0.6160486807122261,0.0216897667927448,-2.835190749152994,45.730307,0.149559,2.243385,19.944831,2371.416421249,True,
30348,0.0056835102347308,0.3754987277174774,0.1241572101329137,0.7170964677290775,0.8227639860391389,0.8375147719852472,0.2605018342671705,33.113557,0.083367,1.2505110000000004,23.422137,2016.534701001,True,
30349,0.0203458136534974,0.3621706024116485,0.1150384942044219,1.1183208388300958,0.673789195233718,0.0951718137511499,1.963666483607721,39.638375,0.108075,1.6211199999999995,18.136273,1869.120246648,True,
30350,0.0177781989077093,0.4376024956835496,0.0915744070174957,0.5642623283489632,1.1377274518873417,0.4749799125856423,1.947795319018777,22.258102,0.049404,0.74106,25.733571,1489.229162537,True,
30351,0.0469899345143887,0.5700519936830758,0.086312750856441,1.3910218967223855,1.1910572286596022,0.8446318165976985,3.4973571953537625,31.327698,0.060189,0.9028429999999998,17.301523,1409.243948636,True,
30352,0.0359735195052526,0.2778008508025846,0.1401638268031025,1.0989334537257718,0.7110084364255191,0.0512893535256547,5.201658122929111,38.165771,0.115853,1.7377909999999996,22.986853,2281.008481912,True,
30353,0.0140917324151534,0.4110507147484558,0.1226908051493988,0.9563867562346796,1.0783798661112258,0.7551464900554573,8.733893385215385,32.007132,0.087241,1.3086160000000007,23.939471,1992.207916844,True,
30354,0.0384095282793201,0.2692877356117473,0.1494091204562316,1.4080440496396327,0.982978643494264,0.1979052171002621,2.555051822310672,42.806755,0.107109,1.6066389999999995,21.834591,2430.136767266,True,
30355,0.0491981269351395,0.2767584124194078,0.1382504203208752,1.4862946327256985,1.075319425324162,0.428753639024141,6.055239611077361,37.809752,0.088768,1.3315210000000004,22.95731,2256.826521422,True,
30356,0.0155927480196623,0.4520707204586253,0.1198969270769599,0.7689102956159093,1.1591654819273178,0.4869265827379465,-3.001507814067958,28.479033,0.069043,1.0356489999999994,26.312474,1948.31992976,True,
30357,0.0218439390997365,0.2385586732734418,0.1343670228256444,0.8511756785741534,0.5976154499012988,0.1046609778053359,-9.907450225042092,36.62976,0.147452,2.211773000000001,22.93745,2184.502496503,True,
30358,0.0167763151743606,0.3996780583904206,0.1332428476536747,0.6326984579823417,0.5861658246035374,0.1156671894071761,2.0286399205229806,32.087394,0.10754,1.6130940000000002,25.946853,2164.67398618,True,
30359,0.0108688098413581,0.5802892981244117,0.0803053207692351,1.3689688576015815,1.0516350542624286,0.705451021401218,7.252011745966346,31.284141,0.071558,1.0733659999999992,16.055603,1305.942950735,True,
30360,0.0311932024800217,0.3892047489311731,0.0984338293689497,1.4333434293423848,0.6545966673262948,0.9913072507777392,7.141843922234692,35.255153,0.090425,1.3563680000000016,17.488039,1603.013093561,True,
30361,0.0239774227116974,0.5460428697280245,0.0956601438498458,1.258948543114358,1.0679702530868358,0.4129306731237236,-6.599530028303287,35.3323,0.087936,1.3190469999999994,16.939407,1556.121386336,True,
30362,0.0189400557831595,0.3598130836329521,0.0927048826745588,0.855334277451383,0.9603452196694054,0.8905716493682703,4.599428417645244,27.660844,0.064529,0.9679390000000003,20.962901,1507.613997197,True,
30363,0.0476342900314693,0.541325926500892,0.1067096066334153,0.7327387969201251,0.9400334712233964,0.668542170038042,-8.982667165072268,34.40136,0.108472,1.627085000000001,19.456765,1740.281858603,True,
30364,0.0486987425770115,0.3702866498193987,0.1237110561530448,0.703622499500467,0.884615540860373,0.9095111099061138,2.2834102493175283,31.449833,0.080644,1.2096549999999997,24.694965,2019.296620942,True,
30365,0.0074070350673275,0.2081516020150063,0.1137455219643951,1.458054570678978,1.0026765895591958,0.6444248588891874,-0.0149228795772398,38.269472,0.076878,1.1531640000000003,18.565451,1847.274058963,True,
30366,0.0477741429784095,0.5045602136320896,0.0940304543417325,1.337828079550656,0.8409705512490806,0.945833630678997,-6.780958065566152,39.236181,0.102024,1.5303620000000002,15.044561,1534.756888842,True,
30367,0.021531703758931,0.2581462951464545,0.0928542715893665,0.5926122138947718,1.1926546667165452,0.6074819991661826,3.208346277913394,21.788803,0.047107,0.706601,26.6757,1511.202118421,True,
30368,0.0333711432537436,0.472143793179108,0.082869187843341,1.2727858830808474,1.1411352401541697,0.7987331127614189,-8.505975425562449,33.585423,0.087133,1.3069940000000004,15.459999,1349.999542057,True,
30369,0.0103160831375529,0.2439730365576905,0.1008161576531266,0.9019669506688814,0.973844349966249,0.3241812607078796,-7.95677082438173,31.712325,0.093219,1.3982779999999995,19.873039,1638.572730723,True,
30370,0.0219916295275575,0.2241449727146246,0.0896151967581635,0.5518197886564389,1.100371179385121,0.2650868334008976,0.0801268107950985,22.724839,0.050646,0.7596880000000001,24.691878,1458.909283889,True,
30371,0.0146895424056612,0.5514184710161348,0.1430119047647756,0.8851008904571744,0.8250775131742345,0.072959167719698,2.2517331987208173,34.67126,0.100298,1.5044649999999997,25.740768,2320.40859718,True,
30372,0.0015629940204589,0.2496323875456484,0.119192621622777,0.953704579901093,0.5484000348522591,0.854912283212023,8.141919507913148,35.193865,0.124143,1.8621479999999995,21.153806,1935.658873336,True,
30373,0.0040071486806623,0.5997978139422324,0.1321117400204566,0.867483940937162,1.0567975994135903,0.0047383477841656,-1.526087655847146,30.731488,0.075839,1.1375799999999998,26.850171,2145.378846555,True,
30374,0.0093228703454775,0.544849445412166,0.1234451127877918,1.4908011191324448,0.6846312336290785,0.0185197681407357,4.636483516671952,43.891634,0.12144,1.821594000000001,17.563294,2004.292302951,True,
30375,0.0141080387716389,0.4621055810099348,0.1384377739706301,1.1637174906298444,0.9886446896145158,0.0081713432564691,-6.21730513928938,37.781319,0.104257,1.5638509999999997,22.876344,2247.176018853,True,
30376,0.0402398075545138,0.3081427277907332,0.1394322604133001,0.7117578182688644,0.8203529860885905,0.1378458880720977,-6.386703822603821,35.880547,0.12149,1.8223439999999993,24.352761,2271.855017632,True,
30377,0.0178614881258241,0.3831318209790417,0.1335580801682279,0.7624815133394671,0.6975267373797941,0.9858183886182268,-7.696961138574203,38.129727,0.129482,1.9422250000000005,21.874286,2168.557391034,True,
30378,0.005761649125141,0.4322105124521884,0.0948078539141672,1.051592813097882,0.7371677370586871,0.9211164204055444,5.023145028702045,34.416457,0.085885,1.288278,17.219417,1540.841491471,True,
30379,0.0227212859688047,0.217253987505707,0.0862961365394284,0.9611625777576236,0.6064910940945158,0.3454281134929689,0.6257627589708505,32.891573,0.08149,1.222347000000001,16.432313,1405.260006532,True,
30380,0.0208994072274713,0.5398262822493987,0.1172433559335811,1.1343968934930049,1.050999918894795,0.3945549135389344,7.789918681109953,33.153821,0.088361,1.325412000000001,22.097401,1904.79446542,True,
30381,0.0058266083912011,0.5476422680839623,0.1277915635042613,1.2618238517189746,0.7905976199652625,0.3032588097220262,-3.8013116422401136,40.766595,0.105499,1.582491000000001,19.570441,2074.332597267,True,
30382,0.0487687260695151,0.3853994363196752,0.117098192201144,1.0142891726636574,0.9425003443812549,0.478614315776627,5.463660779125059,32.647769,0.08495,1.274248,22.520152,1911.605057542,True,
30383,0.0213687173494474,0.2974693883537577,0.1071164033944481,0.8233872408587466,1.1975809034848612,0.5294723448402834,1.53811078186542,26.485324,0.05758,0.8636970000000002,25.30001,1742.205249771,True,
30384,0.0104360353699391,0.2001974149636402,0.1102871307536005,1.115094829327753,0.9474051532057286,0.1084160091174673,7.962688550919609,32.427332,0.089072,1.3360829999999986,21.255372,1792.062993545,True,
30385,0.0119294954285426,0.402691978338471,0.0878782757360277,0.8417952451527829,1.198604526312097,0.5896031785003731,1.6825376785664332,24.369793,0.049029,0.7354309999999997,22.56213,1429.569532824,True,
30386,0.0065022235287919,0.3446384386315799,0.0865475748089382,1.198838278521021,0.5674767558311696,0.4645865072595225,1.2926019258621777,36.015217,0.08619,1.2928529999999991,15.023752,1406.817618121,True,
30387,0.0493988211527424,0.2369283666446019,0.0838798444265319,0.5848557395216887,1.0254420358948404,0.9129104744079064,-2.120681504862901,24.258609,0.060142,0.9021280000000003,21.777357,1373.549764952,True,
30388,0.0116612641671818,0.4905920467123001,0.1455685994564126,1.0900053145852162,0.6062755559022523,0.1165090871616958,-4.618168053089146,41.492692,0.146541,2.1981189999999984,21.886555,2361.143442226,True,
30389,0.0200777373950335,0.3469700198097044,0.1374292074596653,1.2973146232618549,1.0539902935612968,0.9271192376347644,3.557586273304427,36.565136,0.08101,1.2151460000000007,23.481988,2232.417408954,True,
30390,0.0272078291494374,0.5195895953825271,0.1045641481672515,1.4483454212465388,0.5023922119362813,0.4827974224314126,-9.263353334478898,35.407537,0.123948,1.8592150000000025,18.483547,1701.587858676,True,
30391,0.0180550878047421,0.4043271924211925,0.1097786003292643,0.7601971783208371,0.7784468353467167,0.0242455461052895,3.3081281241172853,29.93179,0.079267,1.188998999999999,22.930154,1784.485443002,True,
30392,0.016312817544322,0.2442826193986356,0.1459941647570434,0.5381494543679068,0.6314487953644315,0.1546911481739478,0.9897044756720454,33.527305,0.118781,1.7817100000000003,27.194787,2370.596637169,True,
30393,0.0081756478970145,0.3810645701865313,0.0812234061922226,0.7963738394991933,0.8378260427523556,0.6404063682259644,6.478088686346943,27.176685,0.070951,1.0642579999999997,18.69744,1321.149508208,True,
30394,0.0031864690251093,0.2655156953499279,0.1281172102175089,1.0735502597007736,0.7209583402245563,0.8214557899960074,-9.217531239359568,41.463147,0.137422,2.0613249999999983,19.288883,2079.422253052,True,
30395,0.0244153329230053,0.2367287838990147,0.0824668835966499,0.6245567295139368,0.5230646553429188,0.2918320847615615,-3.619382616933733,28.614864,0.086636,1.2995339999999995,18.053545,1343.159286774,True,
30396,0.0001053821018802,0.3056830963125728,0.1328743643926696,0.8328751888895531,0.954798988881802,0.4194029993502531,-7.0503214148658255,32.859165,0.095696,1.435442,25.255705,2157.691607142,True,
30397,0.0100559249677133,0.5260690072319789,0.1365628394090568,1.3724901602573272,0.8814164989255014,0.2509082415361311,4.532315681279656,41.314226,0.105261,1.5789230000000014,20.63573,2216.627952489,True,
30398,0.0341979610618997,0.4803514681479489,0.1322427113246373,1.1383676573875383,1.135724742469555,0.9800908909742072,3.6441803210302215,33.667958,0.076546,1.1481900000000005,24.572215,2150.970427449,True,
30399,0.042242339874874,0.4862826026361367,0.1409388478198737,1.451130249271131,1.147799085072013,0.7220499671896647,-5.844596682207918,41.834856,0.102925,1.5438690000000008,21.097187,2294.75420908,True,
30400,0.0375480423341192,0.3245578233356571,0.1350316961136808,0.5607875929616896,0.9035995446983264,0.4664009197589077,-8.562421490348822,33.196749,0.116346,1.7451960000000009,25.48186,2199.378772402,True,
30401,0.0345191521037828,0.3320682417393072,0.1347863628763454,1.018966053477719,0.6659982082970866,0.3275643294471636,-4.358405878467599,38.870316,0.122289,1.8343420000000012,21.712704,2194.347194274,True,
30402,0.026345655877774,0.4549375792215857,0.1225251529702046,0.8078565840688754,0.7147154263433447,0.5790872090062896,-8.291935343228658,37.970339,0.132996,1.9949329999999996,20.18136,1992.362056979,True,
30403,0.0367591571542988,0.4671025550294701,0.1408761211317634,1.3470180968975418,1.112916996418806,0.2450686353160879,-9.101236151927576,43.492775,0.124089,1.8613280000000003,20.266777,2291.791782674,True,
30404,0.0343099566219619,0.3341041311919243,0.1270863572751344,1.287069258566018,1.1662942299468222,0.2146623420082237,-8.894395544499513,39.7072,0.111681,1.6752190000000002,20.034757,2068.362663357,True,
30405,0.0191920598729937,0.2607194084100324,0.1073641729681292,1.06319555879035,1.0720858675580476,0.5251699002307084,-5.199845893367451,33.102444,0.082903,1.2435409999999996,20.289324,1746.228167455,True,
30406,0.0492090013963149,0.386821550672993,0.1324691570668727,1.1829648193394595,0.623360286344684,0.7782472241962585,-5.37776416714841,41.141419,0.133321,1.99981,20.201145,2160.869830963,True,
30407,0.0344087106939097,0.3459131509398021,0.0925755328510344,1.0228106358607283,1.0402055211186283,0.8185051870940641,5.178322735276099,28.304578,0.064079,0.961182,20.495405,1508.295837622,True,
30408,0.0435710217611262,0.5146428280565187,0.0912674075107235,1.3526295779287976,0.6907142305627251,0.6722126167695288,3.7475752823522654,35.609875,0.082195,1.2329249999999998,16.078054,1488.59751336,True,
30409,0.0485296738636654,0.4538701053744694,0.0943980053560584,1.0575758112486144,0.6616533343403488,0.6591208908219431,4.064445769884728,33.837276,0.088383,1.325743000000001,17.517005,1541.092089633,True,
30410,0.042162581296706,0.4244385303052607,0.1054808176360939,0.7659151307659956,0.5171311174006717,0.039723382441083,5.623078173328199,28.901273,0.096095,1.4414250000000006,22.901981,1720.930676042,True,
30411,0.0185756362091743,0.4656658939800939,0.1285463739385891,0.7535652914129816,1.0427408368401407,0.3114273989500383,8.195479396439293,27.889108,0.079598,1.1939739999999999,28.807479,2088.878741701,True,
30412,0.0041583238410151,0.4888668857487078,0.124599026899861,0.9942411019552024,1.0919168744361336,0.835557762615654,1.333455190358297,32.026718,0.070977,1.064661,24.286304,2022.307572957,True,
30413,0.0318664628650247,0.3607518233789563,0.1158373249454101,0.8397916008813666,1.0551964240880216,0.0616531118857588,-6.827628354626212,32.976089,0.094886,1.4232900000000006,21.992608,1885.598531552,True,
30414,0.0011244964601068,0.5223052122428766,0.1330208384550878,1.4692707482751386,0.8558702020242712,0.6109347526638154,-1.8372257075562857,43.86231,0.099987,1.4998110000000011,18.931983,2159.04133576,True,
30415,0.0265039726614827,0.4445764470725032,0.1266284516912814,0.6902066764846962,1.098409051105047,0.714553365406404,4.268000308448528,26.566982,0.065805,0.9870790000000005,29.813168,2059.319324195,True,
30416,0.0238808329406833,0.2838961059846926,0.1076868451175218,0.8379854002284797,1.0284102861447524,0.8791874832786329,-0.6004019162875025,29.866141,0.068024,1.0203619999999995,22.563337,1752.087513165,True,
30417,0.0259673413707491,0.5666665047797883,0.1309801146164234,1.357430796740791,0.5643055130998098,0.5049641513932049,-9.347713402607033,39.967254,0.145247,2.1787080000000003,20.481765,2128.359702436,True,
30418,0.0187313640437042,0.5754908090738278,0.1448393458489373,1.3173872815689531,0.8883426569320719,0.7270342127082741,6.410800970696101,39.927787,0.109046,1.6356900000000003,22.649296,2351.274239529,True,
30419,0.0136034336848258,0.3431729169883675,0.1114682235847683,0.6382786283842001,1.049302083209685,0.1311327009949696,3.3803717811246354,24.64108,0.059802,0.8970279999999997,28.272896,1811.354175842,True,
30420,0.0027728243328183,0.4038195531966962,0.1416498607243713,1.443062499506934,0.8637374386324588,0.1236664576630603,-1.2444473070594402,44.354072,0.111711,1.6756580000000003,19.931674,2298.532296764,True,
30421,0.0374265469563311,0.5940907111387863,0.1421562814553272,0.8749657811615523,0.5782453430102343,0.7413004251734272,2.1054349475367182,38.358194,0.12545,1.881748,23.181443,2311.915540332,True,
30422,0.0166088442514418,0.2987431630730677,0.1364982056106003,1.477144160269384,0.8696414361567295,0.4732326326471467,-9.926088896962174,44.865701,0.135194,2.0279100000000003,19.004766,2216.92161814,True,
30423,0.0278768454464864,0.4064189637387345,0.1489281390252161,0.7731000427856418,0.8618687387259625,0.1658376481690102,-1.7397998467314435,36.930377,0.10962,1.644305000000001,25.193122,2419.017927747,True,
30424,0.0326001018448952,0.4915196493997464,0.1491045148725419,0.5145161927046584,0.9942188464426798,0.9872805188588252,-1.3144280990275767,30.277277,0.082753,1.2412929999999998,30.779242,2422.970224286,True,
30425,0.0286270568169555,0.5688086146546649,0.1496547358206142,1.0266272444036906,1.043342969654811,0.2376046705232658,0.6719555199614451,37.880904,0.097989,1.4698340000000005,24.682707,2431.008421618,True,
30426,0.0389787378214138,0.4085750220896657,0.0944912892844858,0.6019174849231494,0.9215696214598614,0.9363716922651378,4.714117843199407,24.378855,0.060813,0.9121980000000001,24.29864,1540.169818412,True,
30427,0.0416622092795129,0.3498779640438294,0.0807875078954279,1.01169556475259,1.0894888586865514,0.1937366689910594,9.541498248835572,25.184542,0.074301,1.1145190000000005,20.142048,1318.897425935,True,
30428,0.020242179358147,0.5712968387595805,0.0846990603697027,1.344327703818108,0.8456070541438785,0.2870371314709337,1.8175778233841893,35.215297,0.071853,1.0777959999999993,15.055768,1378.502681535,True,
30429,0.0386340497035365,0.3093391319269411,0.1438989073856813,1.4161133828727692,0.7665022582789627,0.027409517302293,-8.740116572340995,46.489926,0.158564,2.378461999999999,19.379898,2342.522004816,True,
30430,0.01960656388165,0.4286888541929531,0.1015322031538855,0.7230526092222677,1.0831895845529775,0.0783566910409487,0.2326365478784851,25.86505,0.059322,0.8898370000000004,24.550112,1650.9736985,True,
30431,0.0490440672999987,0.3329595556484623,0.1062306831614344,0.6352324499171558,0.9310253795702934,0.5593216946501767,-3.319216895506287,29.116801,0.081614,1.2242109999999995,22.935047,1736.267507912,True,
30432,0.0096151538753019,0.3578341030435151,0.1119866263808435,0.9061026239694048,0.8144309781120924,0.2381366000695643,-1.6869640625670748,34.181285,0.086632,1.2994780000000006,20.470583,1819.24812094,True,
30433,0.0314900976328881,0.2291573016279699,0.141578828968442,1.186240302560163,1.0248741477623704,0.9626931531960315,7.810602492291309,34.733456,0.09001,1.3501539999999999,25.497599,2302.611333048,True,
30434,0.044985401913525,0.3951331793338637,0.1079379313655716,1.3401913905109102,0.6884086466265574,0.6009322945774702,0.6824169702009186,40.350815,0.098689,1.480333,16.792976,1761.786688221,True,
30435,0.0429331414353757,0.2254783659149341,0.0827267920783986,0.5366194464543521,0.5140348483200395,0.9930346859322066,-6.5435467715424736,31.130126,0.121259,1.8188779999999998,16.701984,1351.830598392,True,
30436,0.0428885378822018,0.4481613012836726,0.1148165593351042,1.4340400150464174,0.911245362636923,0.6152864807158509,-5.263163838870128,41.83571,0.105448,1.5817230000000002,17.201382,1871.043275422,True,
30437,0.0099030294661612,0.4969797913386108,0.101080073961548,0.8015039593787677,0.8321960485478219,0.2545021212827912,-0.9785472516808706,30.07539,0.073631,1.10447,21.00935,1642.847395739,True,
30438,0.0290443977331423,0.5440509373711337,0.1052362016908038,0.5105671041267797,0.7569048658452409,0.8003897085840098,-1.3489475491489973,28.78852,0.075958,1.1393700000000004,22.890267,1713.339975806,True,
30439,0.0390158418306692,0.382382325049562,0.1476993574149211,0.8901527375174587,0.6781782502344282,0.7108808751983884,8.006072396999762,35.70834,0.12281,1.8421440000000011,25.882728,2402.996090001,True,
30440,0.0270944303691257,0.4778635306058879,0.1204721788262289,0.6963680971412066,0.5252618475981392,0.5153231483747799,-5.880926152581431,33.439326,0.124889,1.8733369999999994,22.537225,1959.436977289,True,
30441,0.0105640509936832,0.2682977848619673,0.1475523298064306,0.7940561219966096,1.1490384466386998,0.6603410714337836,2.0783241847129155,30.382338,0.076787,1.1518100000000002,30.292979,2392.96600112,True,
30442,0.0128272044753161,0.2773191304592706,0.0985793260846467,0.8864932885095191,0.8761216812246659,0.3693737181570685,2.1958872392590028,29.813271,0.069843,1.047638,20.672699,1602.433958758,True,
30443,0.0087318874578734,0.2703945852876933,0.1402278310477592,0.9499435752265648,0.6421013345307889,0.0010659901102785,-8.052334982851288,39.544267,0.145199,2.1779780000000013,22.130481,2275.347428541,True,
30444,0.0387103056556531,0.5204788806391496,0.0990490665449587,1.1546694387191505,0.8720406936547167,0.8536654569817541,-9.143268590029786,38.328123,0.113853,1.7077989999999996,16.19646,1614.027753539,True,
30445,0.0234627618974591,0.2027961082199026,0.1031673721347689,1.143082050458813,0.5183936349561507,0.2400881169855789,-7.14553001239458,35.39938,0.123098,1.8464770000000001,18.243623,1679.11366717,True,
30446,0.0364715829431073,0.4967337886586263,0.1040731579746383,1.244096068790411,1.036477881033305,0.1328447709783289,0.8312964329676653,34.28593,0.074864,1.1229560000000003,19.019113,1695.428765202,True,
30447,0.0233696744277354,0.2727906440043469,0.1059630732925591,0.6751384198829276,0.5095088656497081,0.1389591534614859,-8.161660457005924,30.364909,0.118505,1.7775679999999987,21.849125,1724.961441302,True,
30448,0.0499235221672861,0.2281202044461692,0.1247088494420439,0.8643974164486327,0.5116415893560887,0.7019001012151392,-0.5602849878664724,36.175138,0.123043,1.8456510000000002,21.660651,2037.300296355,True,
30449,0.0353321772672081,0.5239644638638672,0.0949658426930222,1.479076074708802,0.9288662756060766,0.69465967480012,8.263075827602126,34.29084,0.08819,1.3228549999999988,17.350589,1546.912272972,True,
30450,0.0474478451996224,0.2050104535745978,0.114295403783786,1.1811930497913596,0.8692806648948361,0.5814214942608922,-5.064273282123438,39.58473,0.110635,1.6595300000000002,18.144686,1867.45646129,True,
30451,0.0232510212229575,0.4565185040620517,0.1249600046990865,1.3609538425081753,0.8279151980243671,0.9589764011519988,9.595314449333664,38.397598,0.111488,1.6723280000000003,20.339355,2030.554235105,True,
30452,0.0260953377252024,0.2857592425993893,0.1354399794669236,1.0068298026800504,0.662796218543588,0.1623391387409658,0.938090406518965,39.914729,0.118485,1.7772789999999983,21.212033,2201.348657784,True,
30453,0.0066469350788167,0.3434027427084072,0.0800082963134485,1.3993837605428032,1.096337795846411,0.9141798467113382,5.062532563809093,31.450441,0.061494,0.9224079999999999,15.906883,1300.724086315,True,
30454,0.0222726138639825,0.2920311872403551,0.1135872163036306,0.9866886908945574,1.000976799736156,0.2438565602017605,-2.574421783566166,33.119229,0.080071,1.2010679999999994,21.449467,1847.01349662,True,
30455,0.046166391215588,0.2831199771890387,0.0899379598890461,1.4931846604363348,1.1026937416802278,0.1725496012438644,7.016454142305491,31.844268,0.071763,1.0764420000000001,17.745107,1469.20785551,True,
30456,0.0373729287841168,0.5746520917425209,0.0814590128032755,0.8764422484877872,0.6531625648966586,0.2795639476388349,9.690201612847291,29.633035,0.101577,1.5236520000000002,17.23791,1328.110119109,True,
30457,0.0088897768288926,0.5574268809127656,0.1370022605377626,0.8197165463131846,0.7407858467704492,0.0901357720985833,4.3127245326143,33.029331,0.099666,1.4949949999999994,25.906948,2224.791800373,True,
30458,0.0393954422908229,0.5131067978421451,0.1262185283228326,0.8818935482305359,0.7175996311378795,0.5494603275246226,-2.659828805457275,38.873299,0.114711,1.7206669999999988,20.338224,2055.596046842,True,
30459,0.0043764963646103,0.4697871261364049,0.1472154066197541,0.6737308342971258,1.0623602057925383,0.3349076126254641,5.947334349039526,28.437686,0.080168,1.2025140000000007,32.293899,2387.74578799,True,
30460,0.0007276574397797,0.4846139302513387,0.0965738180475543,1.3753228431874676,1.117301181250813,0.2525932455960832,-0.1319551515869825,33.294452,0.06391,0.9586570000000005,18.130733,1569.497300115,True,
30461,0.0396528962175573,0.4364847821708544,0.0822594984446111,0.6448316504570704,0.6972769163604033,0.6539477620360182,-8.411593714799203,32.421416,0.113922,1.7088270000000012,15.920848,1342.058680006,True,
30462,0.0346336374640218,0.429842699989294,0.148466166457942,1.0597474825894342,0.9527833090734086,0.5065115591108443,0.5461454167889013,39.282094,0.102238,1.5335669999999997,23.632765,2413.69567828,True,
30463,0.002116590399324,0.3684457146476586,0.0869495781759537,1.2226267143855551,0.8852999206755477,0.6203659952088345,3.252049826960228,33.045743,0.068695,1.0304249999999993,16.45012,1413.376759774,True,
30464,0.0380645152381232,0.4568685254356051,0.1397862390538341,1.2782242458064188,0.7722436959409347,0.2690854921383938,-3.71757696531529,43.767479,0.125047,1.8756980000000016,19.9872,2274.452347662,True,
30465,0.0328830527092169,0.2741260951257014,0.1125997942841272,1.3768279366632277,1.1739685855850173,0.576424806822946,6.341781392481856,31.569911,0.070048,1.050725,22.333227,1833.150779295,True,
30466,0.0090812112110513,0.2044202038574352,0.1238779061331876,1.2112504189127975,0.9793410929619624,0.3991663035700754,-1.2320229805248886,38.028013,0.088088,1.321313,20.340784,2011.150914842,True,
30467,0.0342818777760723,0.5708826364488395,0.1360057558693272,0.9655298364998994,1.1281534074339905,0.7626478623174466,-9.474935872517936,36.402199,0.106123,1.5918509999999992,23.364394,2211.339783243,True,
30468,0.0299436794215199,0.5087813660679901,0.1153369999197495,0.6023039827487697,0.5956861838563288,0.0712920627592666,-0.1908016393249347,31.036076,0.095016,1.4252470000000006,23.255618,1876.584147472,True,
30469,0.0160134905653919,0.4706658542112961,0.1454554780588602,1.032037439935596,0.5946998873219934,0.2630322212841197,-2.920441640598185,40.507253,0.137704,2.065566999999998,22.408251,2360.011423243,True,
30470,0.0114370651165167,0.2063119770239894,0.1101665205633787,1.431664039027766,1.1244959616268826,0.8113748491624839,-3.217472959982449,36.333033,0.075158,1.1273689999999998,18.94426,1789.586304452,True,
30471,0.0294712645561693,0.3415968134267635,0.1313474059272412,1.2156777698090837,0.8305107410535542,0.9797679510864972,3.076494227999989,38.303039,0.090467,1.357011,21.44863,2136.024046241,True,
30472,0.0471092056699883,0.261346249410441,0.1392704626380604,1.1681284136869097,0.58855230882389,0.2803160882003105,8.296180813218545,37.198674,0.12951,1.942647000000001,23.49333,2272.193865419,True,
30473,0.008933752905061,0.4057604246035918,0.0936082874483571,0.9825585492452404,0.8169458580284388,0.3388544072444522,3.1056881020270524,31.267931,0.074172,1.1125809999999996,18.715036,1521.469140927,True,
30474,0.006894611342101,0.5228015931981611,0.0904630579444239,0.902857088343726,0.6039922862173895,0.6025451139847429,-4.79983454101348,33.134892,0.091494,1.3724150000000002,17.06717,1470.348944046,True,
30475,0.0361347123734653,0.4488158075057794,0.1434477776827259,1.4720232290576971,1.1224595804728663,0.8498267436698924,-2.429647158505345,42.465556,0.094611,1.4191710000000004,21.136007,2333.635973344,True,
30476,0.0287075378433821,0.511097121769889,0.1077391635738259,1.0312897605934557,0.9970930101889316,0.5433878760654752,2.7502699873298333,31.680229,0.072286,1.084295,21.285311,1753.241174218,True,
30477,0.0455843060960074,0.4632816137937884,0.0900874040133699,1.3638843701713836,0.8485657584208075,0.5455642785981594,-6.607256769391494,38.402691,0.102494,1.5374110000000005,14.722868,1470.034171297,True,
30478,0.0158922714244639,0.5090449907453385,0.0884583483360176,1.4569974959776353,0.5075744084160385,0.093206592022594,-8.449497417352294,35.257472,0.108871,1.633071000000001,15.693089,1438.576517142,True,
30479,0.0220409334109123,0.4354045402068949,0.1024416640457681,1.070461594266911,0.7364835680581505,0.7177439165306857,-2.317319286820036,37.601039,0.093321,1.3998150000000003,17.043108,1666.180268173,True,
30480,0.015465201883844,0.5827241188479584,0.0962835953789413,0.5801005547305376,0.8738797229051576,0.0987942240004269,-1.764041579944779,26.530001,0.06738,1.0107059999999999,22.690744,1565.162195833,True,
30481,0.0330679818631383,0.2842876609875372,0.1468966457136971,1.1221218822516807,1.1712296395882684,0.336378521073246,-2.332948290247181,37.751745,0.093872,1.4080839999999997,24.338151,2388.8999418,True,
30482,0.0085840822162176,0.3253337119389333,0.1260299544218826,0.8110275742181212,0.9864128655416062,0.2260120758285085,3.817811440682892,30.243459,0.078054,1.170807,26.034585,2047.177337221,True,
30483,0.0247064129409911,0.247953737262745,0.080271067559112,0.5284683033641101,0.7947006780499503,0.3463905237367529,-2.6946401594554032,24.774617,0.06413,0.9619559999999998,20.297794,1307.462166252,True,
30484,0.0197079814019076,0.4732402768275923,0.0829653742033383,0.9314523552390408,0.83499019078441,0.2829543502969088,7.902668410809312,27.953726,0.079208,1.1881189999999995,18.579063,1350.320447199,True,
30485,0.025175573889211,0.583908378052976,0.1265016512419682,1.4672580866614255,0.9675008473489536,0.4116617876686154,-7.377332981376381,42.930794,0.114118,1.7117649999999998,18.419555,2055.991853416,True,
30486,0.004601447447679,0.5390569905484583,0.0840961488888258,1.0808979193850536,0.559031300161355,0.5673901360883103,-6.997428676531891,32.929328,0.096661,1.4499189999999995,15.97558,1367.769311019,True,
30487,0.0149315305260212,0.2509158885690424,0.124066514946645,0.8930008793200315,0.5875334304697613,0.1560557185602671,7.381350120963336,33.488519,0.11247,1.6870449999999995,23.149229,2015.606797024,True,
30488,0.0482631811741869,0.2452475095637133,0.0935746283889361,1.4230304316650446,0.9358032712249236,0.0521737635212468,6.365014807466661,32.893383,0.076296,1.1444349999999996,17.886766,1529.726237804,True,
30489,0.0117544715400191,0.5662766323347252,0.1486234173140367,1.4065435106226225,0.7748396262340089,0.5360820987636159,2.433205570020757,45.204035,0.120982,1.814731,20.499143,2409.274296608,True,
30490,0.0323690645119074,0.4473600443001317,0.1242533800335703,0.5791819563206857,0.9696576826020412,0.9002965890477094,-2.773222403401036,29.352693,0.077479,1.162178,26.49513,2022.02885199,True,
30491,0.0174804673137518,0.5504902704254558,0.0994686596665932,0.8829239694620514,0.8367592820716379,0.0420542966649012,0.0464345711325187,31.012836,0.074694,1.1204180000000008,20.056087,1617.18996056,True,
30492,0.0273705380587683,0.3931733445154273,0.1080650577433613,1.3123304554141828,0.5704707573449601,0.9891260268584698,-4.53848723943186,39.444461,0.10448,1.5671929999999996,17.150285,1758.857700752,True,
30493,0.0224466361826868,0.5017464464940358,0.1325954193077195,0.5486889106254393,0.7484228045515161,0.1486535013475221,9.29181727042088,29.699529,0.106482,1.597224999999999,27.908193,2155.03652223,True,
30494,0.0320524352848068,0.3666529872334162,0.1243989200822534,1.4440099168153502,0.6263008701136756,0.7560065835641103,5.73354067921202,38.23952,0.102242,1.533626,20.358628,2024.110772072,True,
30495,0.01215434827586,0.3104891599927078,0.0866459645484448,1.3927184422670342,0.8043183015823834,0.8839621721358862,-1.8630749029932687,36.354562,0.071655,1.074819999999999,14.912842,1409.589617679,True,
30496,0.0005812094506655,0.4797419790084026,0.1257578850874041,1.2308163321859231,0.9252031778832084,0.1796163216598569,6.501040752342156,37.036226,0.097943,1.469144,21.197518,2041.197801151,True,
30497,0.0267751073436969,0.5964392992273652,0.1308747096630032,0.963940096125141,0.750539828306447,0.285720125472825,-2.0286472793544066,39.377626,0.11096,1.6644039999999993,20.76921,2126.389706288,True,
30498,0.0313323780148672,0.5326995926575004,0.1132800976518417,0.9519423722533172,0.8946813150488672,0.7847130089160669,-4.887791965787085,36.022349,0.095384,1.4307560000000006,19.685855,1843.739942253,True,
30499,0.0183244556980833,0.3215218661418595,0.1397480410616741,1.1927463819837962,0.6826127182155262,0.9314800623608293,-0.7993773981572776,42.085697,0.106787,1.6017979999999987,20.740882,2269.525641501,True,
30500,0.0298369086347325,0.5313559762158641,0.0906418908034641,1.419762061745038,1.188199516585802,0.7929046143880656,1.656171665537924,32.167008,0.058561,0.8784229999999997,17.643146,1475.570764721,True,
