case_id,Ta,Twa,Tb,Ts,Tt,Tad,theta,Nu,f,delta_p,delta_T,Q_total,image_complete,failure_reason
20001,0.0206596516298032,0.4421020271834263,0.1311899234732347,1.1290142628742748,0.9764889131289148,0.6044189371152605,7.691357016092006,34.78175,0.094229,1.4134420000000016,23.56272,2130.836852309,True,
20002,0.0279132306669986,0.2692091115797647,0.1040281226540551,1.076422933713005,0.5050488877475157,0.4996175426347347,-0.1838928418012209,35.917787,0.103339,1.550086000000002,18.136986,1693.745005803,True,
20003,0.0079244403219104,0.2068056721557945,0.0999610570921076,0.8843864829780307,0.7207301744552259,0.552515991569575,5.051829737702743,30.52419,0.080183,1.2027509999999992,20.469497,1624.518556132,True,
20004,0.0168583881735947,0.4445921908726906,0.1126425051664173,1.4960266351252889,0.9448081596475044,0.6580863471262945,5.0185711468662415,36.911369,0.081064,1.2159640000000014,19.069794,1830.119792922,True,
20005,0.0212263089741696,0.5945985656228308,0.108173737301707,0.545274167774606,1.1870201695471454,0.3155125513690911,-4.522235522046591,23.86993,0.060349,0.9052379999999998,28.354964,1759.76062453,True,
20006,0.0150671269785288,0.5738486544629001,0.081104254216383,0.7107646948827135,0.8230042647987657,0.0833648792118671,2.1662635338281118,26.14499,0.06063,0.9094489999999995,19.411346,1319.52452021,True,
20007,0.0119612882949568,0.5869707935217963,0.1024049378111458,0.8647487036442635,0.5157075777217036,0.3243195246645325,4.406568428637897,31.735726,0.097463,1.4619480000000014,20.170387,1664.316886243,True,
20008,0.0303579228116938,0.4640588199331926,0.0878057978384648,0.872639953437504,0.7725674590147925,0.1754454706962895,9.028273575672078,27.643846,0.086196,1.2929439999999994,19.903593,1430.550820033,True,
20009,0.0429103160771882,0.3438796064909241,0.1484597969534375,0.6789645807123684,1.1164910922075102,0.0702817362683988,-3.112814816371401,30.924529,0.087184,1.3077580000000006,30.060278,2416.959838395,True,
20010,0.03644039365751,0.3854991326626533,0.1214855092251981,1.1584203546052096,0.6307613312788216,0.6101121070636891,3.669407209453235,38.279724,0.105439,1.5815910000000013,19.870961,1977.702807212,True,
20011,0.0190416476046456,0.3407985077443389,0.0830489878311838,0.848500099590904,1.014214478888971,0.558661016604618,-0.25614452616934,26.637682,0.055853,0.8377950000000007,19.517362,1351.732929453,True,
20012,0.0100442950037901,0.4635069466232053,0.0922719728303156,0.7010104673456303,1.1960214866082894,0.6832311352739606,-7.947728710513544,25.74841,0.068877,1.03315,22.40329,1499.807667563,True,
20013,0.0425422415845134,0.2313005984821958,0.0929119524650143,1.20066666370285,1.1054839369346472,0.4444652937922831,2.6364959097479748,30.950676,0.064277,0.964162,18.85225,1517.073718662,True,
20014,0.0474390628225334,0.3722629245112147,0.0837941295811817,0.9843412675550928,0.6455664862813374,0.3788072467911553,3.603421916588214,31.739336,0.081159,1.2173829999999999,16.592837,1369.278638665,True,
20015,0.0497532330516245,0.2367221378202171,0.1173041047355524,1.3956992211598906,0.56934916864483,0.5254813766744882,5.940454929100852,35.695099,0.102545,1.5381780000000003,20.652627,1916.713711088,True,
20016,0.0335819441939172,0.5822983283040428,0.1255406439700654,1.1336768975247415,0.8657409649284507,0.1286749194600994,-1.592020206082518,40.363039,0.105836,1.5875340000000016,19.453291,2041.504264751,True,
20017,0.049902702160154,0.2825467047861017,0.0825387280449904,0.8910226463853819,1.1137983858805809,0.0893323387984906,-2.314169730472363,27.692866,0.067236,1.008533,18.75375,1350.297234829,True,
20018,0.048953662735498,0.4282038921846044,0.1389193245985436,1.3922106087673352,0.8929624122719338,0.3261015962351395,2.0343078811452,42.769687,0.107846,1.617693000000001,20.370981,2265.277279288,True,
20019,0.0320621293285423,0.2258799119242565,0.1281172249920558,1.4125411372428618,1.177494542761408,0.8309686050645174,4.173760417426909,35.649402,0.074425,1.1163790000000002,22.49914,2085.410342287,True,
20020,0.0172106243899836,0.4900690304148574,0.1258823941868228,0.6319141139167213,1.0827591512332178,0.4599295916507857,-4.06735471316339,27.474581,0.071915,1.0787209999999998,28.63448,2045.472905055,True,
20021,0.0343828527651447,0.2093979292317428,0.0909592677397879,0.5719961565717688,1.1917027371297415,0.7764152718468357,1.771591120409287,22.31124,0.047907,0.7186110000000001,25.573707,1483.510931294,True,
20022,0.0022364279762794,0.3293929768021004,0.1441884322276628,1.0433993123901204,0.8125767715634824,0.3944610582674476,9.269173696547377,39.642881,0.129003,1.935053,22.694737,2339.180379512,True,
20023,0.0118645076665693,0.3111274300728733,0.1176537844719098,1.234305415220553,1.047002411394233,0.7684135243665223,-0.911616584760992,36.740623,0.078572,1.1785789999999992,20.000473,1910.557621248,True,
20024,0.0365999061960585,0.2330763128040015,0.1032932174205925,1.1261876817501857,0.6430229582082984,0.1601814600689998,1.6409442899544595,36.780639,0.096902,1.4535280000000004,17.613698,1684.391956601,True,
20025,0.0159481502177958,0.5309221184520181,0.1092172270134961,1.1402988235854146,0.5150464639942487,0.8868816062157132,-9.507636778539537,35.786335,0.13168,1.9752009999999984,19.081512,1775.429213193,True,
20026,0.0093633854703439,0.4611286734381226,0.1111279155867046,0.8211415368425748,0.5677783566538439,0.4169996050251522,-9.71156702677544,34.365796,0.134568,2.0185189999999977,20.209681,1805.75658409,True,
20027,0.016588478381289,0.429768732179511,0.1171641115325488,0.8942005755346273,0.7457615182869374,0.1100406576776702,-3.9371131481083737,37.621178,0.109371,1.6405630000000002,19.453309,1902.826648063,True,
20028,0.036228927590297,0.5974700520286687,0.1411726361853594,1.1686467731813508,0.7021294706271803,0.946588755601886,2.9504728320533253,41.640299,0.111,1.6649980000000006,21.208703,2296.155497977,True,
20029,0.0156940266612049,0.4338503634314944,0.1319156053670179,0.81296405816359,0.8780590482583015,0.5498127148621366,-3.216904198495324,34.36759,0.092976,1.394632999999999,23.985944,2143.281629235,True,
20030,0.0063527321307385,0.4788882390107762,0.0953452322494799,1.0954464902464225,0.5106803349936135,0.6708724039171727,-1.1357037125518907,36.473941,0.093,1.394997,16.340785,1549.63339862,True,
20031,0.0392643019203287,0.5898198215241102,0.1360566239301899,0.6944584682813694,0.5185008309951925,0.0947040209277226,-8.386715495502363,33.189747,0.145792,2.1868730000000003,25.669978,2215.148243205,True,
20032,0.0445574597318926,0.5966566213238689,0.1497276669748399,1.365385262421881,0.9023609302417948,0.2600306699054848,0.1562337671003852,44.706817,0.117572,1.7635799999999993,20.993581,2440.246159781,True,
20033,0.0161002400312327,0.5579528668308169,0.1292204197303227,1.2653843062222585,0.7146413095340042,0.7527237613127583,1.449741066843217,42.797898,0.105463,1.5819379999999992,18.856557,2098.254673308,True,
20034,0.0242069142437586,0.3122465083480013,0.1230737116871189,0.5867465166758512,0.9011997024537776,0.4557499399197176,-0.7939917604624593,28.519041,0.074177,1.1126580000000006,26.992218,2001.459662985,True,
20035,0.0141319223593401,0.4588631726075967,0.1054298555402931,0.9925072082893752,0.6056447834958294,0.9542543186812792,3.0688161404888383,36.285036,0.091806,1.3770869999999995,18.165387,1713.742525993,True,
20036,0.0028702378511403,0.4918446051334113,0.1201909794969119,0.9910909310909628,1.0493756966544654,0.1901179337885578,-3.80784336783268,34.345894,0.085905,1.288576,21.846288,1950.858759016,True,
20037,0.0188935887094497,0.427007407271738,0.1045089777864413,0.6159174735390585,0.7944367106133297,0.0605949728828514,5.687630397850938,24.643322,0.068451,1.0267590000000002,26.533901,1700.096990303,True,
20038,0.0047166904678073,0.593070293785825,0.1306943010157806,1.3909143707698115,0.667587317003739,0.262013752271178,-6.404850427490046,43.579451,0.130551,1.9582709999999999,18.722063,2121.332777465,True,
20039,0.0110212783665263,0.4100742013343031,0.10316701806299,0.9401586608225674,1.1976656719104375,0.2968153606648143,-5.75882537698032,29.320235,0.073306,1.0995840000000001,21.994833,1676.723584134,True,
20040,0.0443175371922218,0.3518548032766621,0.0931189961666475,1.3706605786186643,1.1276671703574443,0.3407164925672908,8.24456380329159,30.471965,0.075858,1.137867,19.183369,1519.842863462,True,
20041,0.0375814661439187,0.2562839125465423,0.1322296050714793,1.1726612048330798,0.8423778454117029,0.7572762337679724,-5.470844892757528,41.653512,0.117852,1.7677840000000007,19.887996,2153.852671258,True,
20042,0.0401370267745982,0.5133145765866856,0.1110320133067033,1.3690679894322255,0.5870232347988825,0.9391368008515756,-9.875171949047925,39.618617,0.129985,1.9497789999999995,17.569806,1809.837674328,True,
20043,0.0180715893751964,0.3970672263748515,0.142734652702923,0.5798734173416609,1.1646350014761744,0.3481999260783057,8.65494352370192,25.703082,0.075522,1.1328359999999997,34.687219,2318.077935448,True,
20044,0.0174857761044788,0.3090327558957226,0.1290966388567352,1.3253112406082623,1.0270244372633928,0.2881865676651785,-6.28564936477919,40.767867,0.105791,1.586869,19.784164,2097.05120207,True,
20045,0.0109609572724878,0.5161873304653384,0.0826725722644316,0.8416292376567773,0.5080816349394295,0.433317084158655,-1.942105360553807,31.433055,0.083583,1.2537400000000005,16.455174,1344.81457265,True,
20046,0.01677942325275,0.2932473330097512,0.1305821524350837,1.3187821735231555,0.8388183688575952,0.9037432750615768,6.150204279359166,38.603624,0.095919,1.4387809999999988,21.132601,2121.0669276,True,
20047,0.0252133941272047,0.2473660541762608,0.1309173066885529,1.20790331610588,1.1841037258226232,0.0582339628754173,-5.931179304804465,36.182118,0.092881,1.3932190000000002,22.62399,2128.318071693,True,
20048,0.0071591852402499,0.3874376428161021,0.1297131705422206,0.93533048533801,0.6065592157158562,0.9870360801232724,-3.182778529656237,39.952585,0.116798,1.7519729999999996,20.267668,2105.338937179,True,
20049,0.0218649608369818,0.383276993881927,0.1256959915230006,0.987694068183089,0.7547635528517919,0.8899154927249551,-4.103572167983582,39.747985,0.109008,1.635117000000001,19.759868,2042.078857859,True,
20050,0.012355092715822,0.3082029817759882,0.1490222654712572,0.6703400977777929,1.1685814463560442,0.825486135130865,8.87997088173205,28.231563,0.078499,1.177482,32.938697,2417.768273046,True,
20051,0.0089595349236322,0.2376899662542408,0.1373231901262518,0.6099334331331173,0.6831940972278137,0.6481848871006469,-6.018414014525747,34.752019,0.116101,1.7415089999999989,24.680911,2230.049914037,True,
20052,0.0384478723023032,0.504366783439177,0.1274178156407886,0.5436496831661215,0.5356777208017136,0.7076657148028813,-7.226078259568724,33.923561,0.140861,2.1129169999999995,23.52493,2074.928444378,True,
20053,0.009694316754097,0.4883442437258106,0.1083958280825214,0.9138404624192183,0.8869102047734152,0.6001293347255724,-8.82719610580918,34.534722,0.107703,1.6155500000000007,19.617979,1761.503786248,True,
20054,0.0257062902709416,0.5814291292830913,0.140646425471575,1.177748426090388,0.6472550468492576,0.5768359584747171,3.004037957859417,40.803025,0.118974,1.7846050000000009,21.536176,2284.726946767,True,
20055,0.0269950562449434,0.5621610201781106,0.1062525527421602,0.63736754486676,0.5179465188994603,0.8978916572958308,9.388609489267132,28.067637,0.118533,1.7779950000000007,23.701568,1729.642225252,True,
20056,0.0157659498411945,0.5481732582726994,0.0965056651887503,1.458246350162545,1.1085452395167503,0.3915664569895579,0.8234613963382706,34.526627,0.065516,0.9827399999999997,17.478828,1569.060920862,True,
20057,0.0342312507104431,0.2881778070769372,0.1162796959302055,1.239328101602958,0.5203404678066181,0.195389409079985,2.7821279497251634,37.037705,0.114679,1.720191999999999,19.660089,1893.227887463,True,
20058,0.0318282702368995,0.2874663735166057,0.0835634118452967,0.5378178661546346,0.9853204016115656,0.8440214529790456,-9.240304917848023,27.006854,0.085678,1.2851689999999998,19.399836,1362.214235932,True,
20059,0.0234044289985523,0.2609416426784849,0.0861798684922435,1.1576421854210106,0.565459301957671,0.4572117451432984,4.659562578724339,32.319531,0.080849,1.2127360000000014,16.701655,1403.45312118,True,
20060,0.0259115223711757,0.4091159747153268,0.12113428646122,0.756385758887939,1.0137291542874265,0.9050098895744488,5.965563804642802,28.628654,0.073063,1.0959469999999998,26.464348,1969.860522726,True,
20061,0.0101218345906977,0.2247834979745219,0.1262945475444492,1.4259298844558752,1.0065903557595135,0.617959530101202,-5.844416286103567,40.126966,0.097559,1.4633860000000016,19.657729,2050.893089613,True,
20062,0.0447122673349931,0.4087660459434432,0.1278032246218961,1.407785997615127,0.6696734762066658,0.9318729234787672,1.7230433976466273,41.975423,0.102292,1.5343739999999997,19.088586,2083.253830445,True,
20063,0.0261694244879368,0.4724241780183838,0.1419342921684639,0.7537109876751327,1.1706068767486673,0.118178395965408,-6.867649875498467,31.890034,0.089243,1.3386380000000004,27.823721,2306.978495916,True,
20064,0.0072607158995622,0.221842612538832,0.1185626090388809,1.4653765960178096,1.0688153024855116,0.6880709488863535,-0.9541279465124148,37.518782,0.074539,1.1180780000000006,19.737575,1925.377408545,True,
20065,0.001087260248149,0.2524302487485785,0.098816511745779,0.6125723797363716,1.1405306648114584,0.2438954305031324,5.259531229078327,21.85261,0.053587,0.8038050000000001,28.261816,1605.745535803,True,
20066,0.0090375479663981,0.4214964378225628,0.1463680463048318,0.9218725136003294,0.6243643500484675,0.1583030175350611,-1.0805282021351896,40.145611,0.13278,1.9917050000000014,22.74977,2374.588883327,True,
20067,0.0087009820671471,0.3322656004272571,0.0896997734655148,1.4843390880500855,0.7226115708576581,0.5360523417589096,-7.671099380972601,38.924752,0.101952,1.5292809999999992,14.407196,1458.071021082,True,
20068,0.0094157911768404,0.277499007804695,0.1113362676832249,1.2222877036921471,0.8748768342068294,0.0681435057686482,-4.850446901399864,38.628727,0.099462,1.4919360000000008,18.002297,1808.055136804,True,
20069,0.0254862642599625,0.2416202275084528,0.1312866412571924,0.5847137129977107,0.9388099615766908,0.7439959501896928,4.292462963028074,26.33794,0.068581,1.028708,31.183744,2135.420561379,True,
20070,0.0333453181904706,0.2910039786549283,0.0804454635757119,1.3751971352921013,1.0160686476485474,0.2138592498203615,-2.116561630042158,33.543603,0.070927,1.063898,15.041819,1311.847696371,True,
20071,0.0057798027556149,0.5575422306504123,0.1331883882268711,1.2299325666272487,0.6570052697439683,0.3050057138761408,-0.5443384462393723,43.855217,0.124737,1.8710489999999993,18.957997,2161.658395043,True,
20072,0.007412715109219,0.5022465914646099,0.1472861205324551,1.2991127177131043,0.9041743050231028,0.9991193619039735,-6.8370240837888,44.877843,0.121507,1.8225999999999996,20.460186,2387.343386844,True,
20073,0.0331982984408028,0.5611856021375687,0.142678992690808,0.8575971938691186,0.7990872279084527,0.5152298132872125,-1.2056944589885283,39.691326,0.11408,1.7111959999999993,22.472793,2319.134840299,True,
20074,0.0340861878116902,0.3427235429122648,0.0875575479317569,1.096468363317697,0.9714029397003312,0.401443470513707,-2.63137206072593,31.785795,0.072386,1.085788,17.2726,1427.460594644,True,
20075,0.039069407452628,0.5437531596615177,0.1287806288953659,1.2708809755164563,0.6179982321508048,0.8264106131624527,6.854292717044281,37.674144,0.113513,1.702698999999999,21.398547,2096.047037288,True,
20076,0.0011116303514817,0.5733052252659776,0.0816871280644305,0.8826644996026836,0.7741293961180322,0.1979941930913608,7.596300460672069,29.37896,0.084819,1.2722819999999988,17.392022,1328.494708137,True,
20077,0.0246301128961736,0.2969199521760587,0.1201403872668813,0.9456177987948888,0.8881041979551558,0.3822535362973449,2.830309283662245,33.182648,0.082568,1.2385149999999996,22.646294,1953.806379299,True,
20078,0.0293837644348731,0.5210295677498611,0.0926878772794596,0.8928211854714516,0.7035805270018538,0.6460681760945793,-8.04154836216026,35.215012,0.113898,1.708464000000001,16.478172,1508.725440221,True,
20079,0.0490719582684118,0.3487924996781281,0.1181551865378585,1.167616084536408,1.1032051885674528,0.7961138056762822,-5.12118222415824,37.724851,0.09788,1.4682069999999996,19.659656,1928.309691222,True,
20080,0.0426281881729026,0.3955005091175494,0.1048421587672608,0.8097170692075143,1.1604531336892443,0.3515714898978401,5.58832730752081,25.951054,0.062893,0.9433949999999998,25.341341,1709.849755758,True,
20081,0.0155487378478563,0.4499722059189315,0.1443439131298268,1.0615605901318852,1.1534156597561698,0.5983204385029199,-2.5372734225406117,36.423598,0.088378,1.3256710000000007,24.730942,2342.053722701,True,
20082,0.0370312667714886,0.3576566279236427,0.0868685849536641,0.5679357653151266,0.9292593220481696,0.8946585087182187,-3.2920149786256827,25.072618,0.063564,0.9534599999999998,21.734573,1416.850880317,True,
20083,0.0117644081952923,0.5914169418637011,0.1073142849512811,1.1640279118777164,0.8109271481310747,0.7471761530753219,-3.769449677261374,36.513359,0.087722,1.3158319999999986,18.372462,1744.184828201,True,
20084,0.0411124474181555,0.3371243696842109,0.1408125354951148,1.4225027376382933,0.765418533147461,0.279729892296862,-7.250022362011457,45.733728,0.145525,2.1828760000000003,19.286937,2293.365200159,True,
20085,0.0408500757509629,0.2676711267729919,0.0954754030682414,0.6902796549715673,0.7061613241567903,0.1099930195321253,-7.774698036823714,31.263549,0.111195,1.667928999999999,19.174439,1558.598616149,True,
20086,0.0265068310099046,0.2912787904418119,0.1236878443441605,0.5348746802855262,0.9633753412907364,0.3079611440716576,9.574590364230986,25.821608,0.079364,1.1904559999999993,29.969901,2012.064706309,True,
20087,0.0108426846430034,0.2512369924929836,0.116583060145703,1.026437692983098,0.8769131356089825,0.138408371397198,-1.3729805890408802,36.328277,0.091293,1.3693930000000005,20.041897,1893.027721531,True,
20088,0.0324140481734687,0.4460339036109417,0.0889662699504388,0.6399580463332544,1.0808589147789278,0.4114392786261078,-5.232674722827637,25.640628,0.067621,1.014316,21.746952,1449.774304148,True,
20089,0.020825357834263,0.449381425934326,0.128383196351861,1.1521062140135752,0.9922976315377684,0.0558577091718302,7.924204900156369,33.25397,0.092506,1.3875919999999997,24.119741,2085.400540347,True,
20090,0.032686579704419,0.4290542564616607,0.0990918687584867,0.5473111188274979,0.5386225373464424,0.929605036041038,5.330395532838352,26.831429,0.082292,1.234373999999999,23.141737,1614.407272422,True,
20091,0.0198887649317128,0.5069416012883017,0.1160264515549748,0.5077827674090444,1.1439466721871618,0.6328262065400686,4.0823735045576335,22.956854,0.057388,0.860827,31.597908,1886.010241758,True,
20092,0.008253615749606,0.5168027636829822,0.1241810903005313,1.1257978265491793,0.6091197170275116,0.7875381085038874,-5.0159255114292,41.347436,0.120542,1.808135,18.751885,2015.890181555,True,
20093,0.007603360612939,0.2814756117026782,0.1252435348089168,0.7128392195929425,0.5777142395759698,0.4532315919226534,6.115890691564331,32.625167,0.109407,1.641108000000001,23.982017,2034.28504115,True,
20094,0.0444830685443404,0.4943574045756907,0.1157278888376398,1.444049371065177,0.9751414551887694,0.1030899985345924,6.507368849657432,36.457511,0.092313,1.3846900000000009,19.896433,1885.973499291,True,
20095,0.0048307552713919,0.4035226428019994,0.1362064329347287,1.2199953865283195,1.1183967520511766,0.6357360746385047,-6.07199074947034,38.751983,0.096955,1.4543280000000003,21.938601,2210.42721304,True,
20096,0.0066032786705605,0.4139597164230848,0.1435187450359555,1.377948710017833,0.9298230936257414,0.1410022996254359,-9.642823664321805,43.547764,0.133029,1.995431,20.568261,2328.824580464,True,
20097,0.0278761233963301,0.5687076845929586,0.0866087597500853,1.4620007683637086,0.6796643736841858,0.8512718155614343,-8.843315608727229,37.855786,0.108257,1.6238620000000008,14.330528,1410.482901986,True,
20098,0.0005606810083731,0.2251664909974395,0.098950025054894,1.276498066462457,0.6196312127769935,0.287094773140607,9.11888904393082,36.040083,0.113713,1.705700000000002,17.16071,1608.030832211,True,
20099,0.0210422025795392,0.2836692656400165,0.0960797580570307,0.728555032841149,1.025970550944304,0.4223808976459495,-5.173523967432402,26.473963,0.070449,1.0567340000000005,22.713874,1563.448301721,True,
20100,0.0033835815393722,0.3882947230577352,0.1330222176799251,0.8540410843367172,0.8185402412247407,0.7401691571086124,5.918037601223613,33.514554,0.093472,1.4020729999999997,24.780226,2159.295433821,True,
20101,0.0347441383648453,0.3472695970688254,0.0970398308000886,1.01081948651237,0.978165079999851,0.6565726562365902,7.888367818117818,28.328408,0.076823,1.1523430000000001,21.465797,1581.038830347,True,
20102,0.0189733391305048,0.5661358588101562,0.1195590806439512,0.8249668980446935,0.718669432432786,0.6319145636716688,-7.57997160770631,36.620574,0.120339,1.8050869999999986,20.403645,1942.702275983,True,
20103,0.0451082763454028,0.3145358213488091,0.0807700162413375,0.6804043335010446,0.5246216196152456,0.2015224080983879,-9.05208210538985,30.929145,0.12551,1.8826440000000009,16.41132,1319.729007145,True,
20104,0.003937561497246,0.5639839755312264,0.1059129007235673,1.3286211657098406,1.0023292668880677,0.0816249936570744,-4.461942285183589,35.640533,0.08189,1.2283539999999995,18.573154,1721.088460083,True,
20105,0.0379617215968575,0.5878453665949074,0.1080935742960039,0.7261080987200588,1.1192661940442066,0.3841941430843906,1.313283358503556,27.504659,0.064893,0.9733910000000003,24.611446,1760.016475276,True,
20106,0.0227648182177168,0.5746480658748471,0.0923433680858446,0.5086021058842151,0.7387704490415206,0.3567862133105215,1.868167729148704,26.588066,0.068712,1.0306830000000007,21.726444,1501.926681913,True,
20107,0.0038111748219849,0.5849816460516197,0.0876662089076682,1.4666163801651704,1.0661765193133168,0.5882800985125606,-9.15499971974532,35.403313,0.091016,1.3652359999999994,15.481444,1425.045471572,True,
20108,0.0366456962633392,0.4576419558923317,0.1369007670319214,1.2881117325588205,0.7283334736807137,0.804692497771571,-4.996650494119185,44.354139,0.125007,1.8751050000000014,19.314585,2227.372645113,True,
20109,0.0415755037456855,0.3189408051579388,0.1174402624258992,1.2128287035358776,1.0521594831782264,0.339493806996623,-9.080755252526526,39.699127,0.118999,1.784991999999999,18.544806,1914.152768548,True,
20110,0.0008792116727928,0.3502655663414748,0.1455708031064548,1.3378497333879578,1.1307214484048962,0.8037931155197267,1.0484065529420334,38.912845,0.087314,1.3097149999999997,23.320187,2359.382502632,True,
20111,0.0283957468195734,0.3812433607047936,0.1335041044293069,1.491917369767221,0.6756268197675206,0.1464416274693023,-3.400096931168158,43.894296,0.124696,1.8704329999999985,19.020283,2170.692989363,True,
20112,0.0050759468572912,0.5383835355443829,0.1411870550593759,1.1986576998909422,0.5037773129000901,0.1139539067160629,3.207393432951198,37.307788,0.134553,2.018290999999998,23.617745,2290.927177553,True,
20113,0.0405019419450707,0.2793453823111222,0.1452195456231413,0.5179592814009221,0.9531523521142778,0.7753901498246231,3.8728861705363737,27.428297,0.077535,1.1630259999999994,33.186299,2366.633498414,True,
20114,0.0403566746986613,0.4731418800796932,0.1480983726602834,0.9749742566010032,1.1268755134520163,0.4517534696266048,-1.8685638039835624,37.263479,0.095584,1.433756999999999,24.873316,2409.852360625,True,
20115,0.0126264264708919,0.5518885574314265,0.1212037684634647,1.386822533942562,1.0907975782436097,0.8415669910577537,7.501311280694679,36.648047,0.088732,1.3309750000000005,20.656071,1968.212119829,True,
20116,0.0330886954777592,0.2496286759484381,0.082382110690335,0.938580982189327,0.6913249127028356,0.8110200229715961,-6.238131184596967,33.704453,0.101542,1.5231270000000006,15.331042,1343.483420048,True,
20117,0.0169459976470545,0.2553779272808339,0.1204554685309992,1.418095931356908,0.8898779587020229,0.1357325485796492,6.078996473453373,39.487767,0.099335,1.4900330000000004,19.062345,1957.0965022,True,
20118,0.0316663739215497,0.363255724140742,0.0853314472670864,0.8156338379897993,0.6995397116694647,0.40953213129005,1.0007917795444,29.413863,0.070082,1.0512370000000013,18.184916,1390.710414293,True,
20119,0.0441429674837759,0.4356596097897263,0.0818367893629566,1.0574190891604875,0.9975101503304842,0.8929537619258722,1.541829476294046,30.227546,0.062161,0.9324139999999996,17.002561,1336.258824998,True,
20120,0.0140471124086268,0.5414141670122163,0.1064116306723536,1.300485089669955,0.8761021949664962,0.1862046015642259,7.781862496184896,35.423101,0.09487,1.4230460000000011,18.781646,1729.790770466,True,
20121,0.0197812802041281,0.2634311357913038,0.0848176910165013,0.9096863497243012,0.9868597176202508,0.2278737675300995,3.5452311488419,26.353705,0.056877,0.8531599999999999,20.150279,1380.689735536,True,
20122,0.0164236989284885,0.2108557279990883,0.0965709110906055,1.284492036615494,1.088087095805692,0.0153836077632739,-5.764980814706265,33.798008,0.081777,1.2266500000000002,17.873007,1570.587340095,True,
20123,0.0080605604059406,0.4688056073337173,0.1240498349290598,0.9141581176350716,0.6945120390399094,0.7371171523224745,-7.065945520456399,38.499852,0.122776,1.84164,20.115174,2013.521195804,True,
20124,0.0163624067283843,0.5595474740933605,0.1394375710982308,1.4201627069896483,0.9506300825553394,0.771941694807294,-9.458813291525326,43.295454,0.122735,1.8410309999999992,20.110365,2263.787136347,True,
20125,0.0124117378048824,0.5323393090471367,0.1403567648850513,0.87594460740012,0.5067793657594444,0.1559342575371517,4.053243799684079,34.522473,0.132482,1.9872369999999986,25.388554,2278.836761545,True,
20126,0.0128696125306104,0.5925810213120277,0.09392976969547,0.6765700464265174,0.586172559431518,0.9810370441100544,-7.039874207837908,33.724597,0.113341,1.70012,17.413059,1526.845783404,True,
20127,0.0135796821035012,0.4307357846023891,0.1298997506671019,1.0684277775890654,0.7578739138665467,0.7828068964841071,5.14641157851492,37.823837,0.101423,1.52135,21.44475,2108.919101575,True,
20128,0.0199674014938686,0.2956333123093865,0.1276052386420688,1.033379637656401,0.5318526797250321,0.9116019961008296,-7.42957173095416,37.099392,0.132118,1.9817699999999974,21.493444,2073.223652809,True,
20129,0.0262802159061763,0.3897623551294368,0.1436693742782592,0.646153880373341,0.7215134335137869,0.8621637460987921,7.848152127261901,32.191773,0.108039,1.6205839999999991,27.902216,2335.376685955,True,
20130,0.0350437763091808,0.4384582696852654,0.1132083818083146,0.8639304009960178,1.0100065292315006,0.3812854020438068,-8.088398652955672,34.093838,0.101553,1.5232919999999996,20.798403,1843.653174998,True,
20131,0.0423741354152081,0.5052014442315464,0.1296844271095808,0.5951897396364814,0.5550046911337294,0.0303011814238078,-3.0725510379573056,33.473803,0.119724,1.7958630000000007,24.277981,2112.958558436,True,
20132,0.016002642504194,0.3157825340938928,0.1096437672794242,0.9708602374324562,1.0912417534005452,0.0451405105619215,-0.6210703895218188,30.601827,0.069618,1.0442650000000002,22.396152,1781.944263827,True,
20133,0.0040429929498227,0.3259668827863627,0.1222142562841177,1.4108743657711609,0.6967104277808522,0.0915104630433167,5.7283468786794,41.953278,0.118281,1.7742150000000017,18.189138,1984.044232012,True,
20134,0.0274673589529918,0.2656887237902571,0.1187351117509246,1.2540180724121543,1.1932381999101682,0.7246541791898274,9.549463203818371,31.817777,0.083222,1.2483299999999993,23.346112,1931.335600019,True,
20135,0.0397834457845895,0.2747583963723986,0.1383316880180439,1.2821248692304763,0.8711699093059191,0.7842801986485938,0.1098257861984315,41.624762,0.101795,1.5269270000000006,20.82086,2253.32465095,True,
20136,0.0233002689695353,0.2546472066768246,0.106062913330218,1.3222318624802645,0.8257758036363361,0.7914681488130267,3.9514902721415295,36.037784,0.078584,1.1787580000000002,18.421192,1726.033228231,True,
20137,0.0440860341954951,0.5584416319022885,0.1351302311297296,1.2089894997342494,0.829735006827635,0.5608230741028513,3.2815668573111285,40.042172,0.105308,1.5796170000000007,21.13559,2200.41883897,True,
20138,0.0137993957278821,0.3619433293966084,0.1347802893354333,1.083398584506428,0.7011447994376004,0.5969292953812423,3.386762492089213,39.412588,0.106996,1.604944999999999,21.350771,2187.87169925,True,
20139,0.0075378721616189,0.2846846149101089,0.1454282209148126,1.405908078820893,0.5214248892271027,0.8222876989397699,3.136685843732121,40.715579,0.116179,1.7426840000000006,22.285873,2359.193829935,True,
20140,0.005287616168836,0.3471944187184296,0.1069718822935595,1.273481096480623,0.6817013796534906,0.7922465595017942,2.9851440477202864,38.189018,0.088806,1.332085000000001,17.507953,1738.389994122,True,
20141,0.016658387174013,0.3542277181739601,0.125132987741297,0.6874080540687323,0.8732049063513436,0.4630658552005356,-7.556845347079355,31.739589,0.100802,1.5120309999999995,24.641579,2033.495294373,True,
20142,0.0374752644476883,0.5830530024525007,0.1041792108353178,1.1807716351641724,1.182193571199044,0.7324022906361721,2.4282154280008346,32.793411,0.068333,1.0249900000000007,19.904908,1697.149565066,True,
20143,0.0389765721428324,0.3932317642267833,0.1353704409175428,0.981269856468171,0.9903929974700416,0.8164288594751445,5.105162248307549,32.505256,0.082007,1.2301039999999999,26.090489,2205.002808404,True,
20144,0.0187342560726455,0.3443873506658965,0.1219596521084598,0.9584856036623024,0.7814455704261152,0.5934940729319594,6.34925360548538,34.956176,0.098215,1.4732269999999996,21.797054,1981.048298659,True,
20145,0.0329729012952543,0.5560476003191677,0.1058164648361429,1.3143204687480767,1.1725635169288302,0.8737013488120194,7.374120052350896,30.497686,0.070895,1.0634179999999995,21.72882,1722.96466126,True,
20146,0.0381347570492693,0.2370715756671213,0.1487377444896228,1.4094261374654842,1.0283657186412536,0.52979254641258,-5.670283561847846,45.428778,0.122023,1.830350000000001,20.484722,2419.549310871,True,
20147,0.0061886227949984,0.4521860114589667,0.1210125820162068,0.7772853860183344,0.8985620457519301,0.1831793363579807,-6.967470725914522,31.877063,0.095402,1.431038,23.71631,1965.616400438,True,
20148,0.0175092299560107,0.2011099857116284,0.1105005192882905,0.9981879079527308,1.0040325294372916,0.3593653717949925,1.8848693233909015,30.27411,0.068834,1.0325069999999998,22.824651,1796.58954219,True,
20149,0.0244975544695496,0.537344105983204,0.1450131353318201,0.606819709684878,0.5616905971298689,0.4807867163001794,-8.453214645079344,34.644428,0.147412,2.2111859999999997,26.149039,2355.388080171,True,
20150,0.0112822903830382,0.276031888936693,0.1226702308892883,0.8882150183693958,0.6094846281759615,0.9744368638828956,9.980848853027208,35.102629,0.135202,2.0280299999999993,21.826946,1992.076264355,True,
20151,0.0142928928235997,0.5558821382291816,0.0800245878241508,0.9823478497273797,1.0823510385861452,0.8181748459230632,4.543053578610499,26.61191,0.057459,0.8618810000000003,18.817351,1301.990692904,True,
20152,0.0480638771181783,0.595286107503495,0.1077520222642812,0.7414860388244368,1.121583374474802,0.32862308381763,4.442911428811687,26.32208,0.06635,0.9952570000000001,25.672836,1756.982374723,True,
20153,0.0319592395690947,0.4255731037005361,0.1416432890119414,1.313884348553073,0.9172421480062398,0.1240683120235682,1.4943555135815405,41.843954,0.105352,1.5802759999999996,21.166496,2302.793688656,True,
20154,0.030243112884978,0.5083144562598492,0.0905744734433835,1.175748082159838,0.914321823025666,0.6265128356866503,8.726741923251303,31.02945,0.087256,1.3088379999999997,18.278484,1474.645416334,True,
20155,0.0357434888002579,0.5079316026728165,0.0864737181290031,0.625693559019144,1.0985467017816004,0.0081555709896521,-7.137592827437559,24.769131,0.07015,1.0522459999999998,21.88827,1409.598896045,True,
20156,0.0486051871490446,0.563099203100094,0.0891632659298435,0.6498042047980332,1.0588858922297957,0.2410594138426426,1.9832426474085023,24.878154,0.058568,0.8785260000000004,22.516886,1456.46428869,True,
20157,0.0129611725375436,0.5536506605136498,0.123156951785002,0.7050410417993149,0.8454524262499437,0.4763142546016688,-3.015382357951931,32.2524,0.088019,1.3202880000000006,23.859294,2000.750694382,True,
20158,0.0488819128987076,0.4382100555757452,0.1000323820011729,0.737599684817849,0.9380535811969468,0.5078049848703702,0.5545083005612934,29.243583,0.073044,1.095656,21.491602,1634.077746707,True,
20159,0.030949537765091,0.4397699421186602,0.1224203736469166,1.3309329466784172,0.6589748730566437,0.1808399598106452,-5.379598757656011,43.205498,0.131413,1.971191000000001,17.723384,1990.94389815,True,
20160,0.005482978400189,0.2001943218376573,0.1010634566168766,1.1930785976633111,1.180845926471087,0.3535126532883579,-2.8274152071831624,31.480693,0.066026,0.990386,20.066509,1642.439785262,True,
20161,0.0336502241800591,0.4124772980258885,0.1418715393134223,1.130753235058553,1.104445470615607,0.1507085256241512,0.6284954781297323,37.944041,0.092835,1.3925259999999993,23.380221,2306.564200954,True,
20162,0.042860298359042,0.5102402904304444,0.1272274114457985,0.6560753908308877,1.1540834959811812,0.7089546829313826,-3.6741283133261726,29.737616,0.076832,1.152475,26.813778,2073.182398714,True,
20163,0.0027915014311309,0.4854316178041091,0.1460242025833387,0.7801524227963987,0.6864564318561595,0.2112655038532208,0.9733095130497632,36.239573,0.117552,1.7632750000000001,25.138118,2368.586151812,True,
20164,0.0224041670783197,0.3921673490839978,0.140903791604858,1.46833829401404,1.1241694014187875,0.166310825489392,-8.593758158626468,43.026939,0.116117,1.7417610000000003,20.457468,2288.577768957,True,
20165,0.0382429549396145,0.4485735043797733,0.1130516182464149,0.9575918403272372,0.6416464352375337,0.3101037008977955,0.9468432282141812,36.982818,0.104232,1.5634789999999992,19.156945,1842.042295308,True,
20166,0.0270670927242572,0.5489382462181638,0.1125783127126738,1.063120072077187,1.0976180595569878,0.9903565946116244,-1.6504998341600938,34.726007,0.076235,1.1435240000000002,20.269892,1830.120258393,True,
20167,0.029222181375912,0.3015147490074585,0.1384953874946816,1.4179317773154598,0.5934288979172194,0.1520047301619559,0.0421434631811923,43.135287,0.132067,1.9810020000000002,20.080795,2252.096207979,True,
20168,0.0295116487758771,0.4603543343802503,0.080863568496559,0.5730236350645468,0.7467740362153426,0.6283392998349895,-5.889963644556569,27.876379,0.083406,1.2510830000000004,18.175316,1317.32122469,True,
20169,0.0332872625395599,0.2490460529160542,0.139544647734711,1.2164638430667252,0.6384484535742307,0.6844932656128196,-7.743718754090088,43.251582,0.150096,2.2514399999999988,20.190827,2270.541572133,True,
20170,0.0301169146019381,0.4132158293916504,0.1364314862226631,1.000584254042051,0.6651301092898596,0.2827269110394005,-8.262842427644983,41.053604,0.149001,2.235009999999999,20.776382,2217.65786989,True,
20171,0.0298759985744011,0.588414933789428,0.1118308916243897,0.8189339766164039,0.9256186385129648,0.0228502763985101,0.6414303458941699,31.348415,0.079785,1.1967789999999994,22.319482,1819.169016756,True,
20172,0.0376543732074517,0.2722092372350385,0.0971421711297184,1.4951880147623138,0.7707102939191736,0.1055155990015735,-3.321260548998854,39.335385,0.097327,1.4599030000000006,15.490963,1584.291764969,True,
20173,0.0213694027185224,0.2193751716594932,0.1429549490465462,1.015166468031465,0.7876414938322344,0.543266806724193,-4.31516545006565,37.023071,0.108437,1.6265490000000007,24.169653,2326.570389744,True,
20174,0.0478652776070487,0.2671841192313551,0.1152385055450485,1.4495339072037794,0.559443954831934,0.6819082029635056,7.616529935567566,35.546932,0.105863,1.5879469999999998,20.359921,1881.705128717,True,
20175,0.0277931020743621,0.4051681253549289,0.1249441202942173,0.6838733074914428,0.5668897271428581,0.7811564783651863,6.643173350478321,30.917221,0.104885,1.5732750000000006,25.285447,2032.56495006,True,
20176,0.0130792851697241,0.3773943266536059,0.1207723746051722,1.10554176375667,0.550647775374204,0.1316889304625444,4.859210166685893,37.953363,0.123824,1.8573540000000008,19.873685,1961.110256247,True,
20177,0.0495028806661198,0.4962407099475619,0.102706981692318,1.2269056643138665,0.7961815505599522,0.7513904023747537,-6.349594270594994,39.888346,0.111076,1.6661470000000005,16.167885,1676.766500698,True,
20178,0.0322225575807946,0.3332802521173134,0.098484150691,1.136215034540145,0.988719305057064,0.0323865854182252,4.732392842018902,29.516572,0.067984,1.019756,20.902368,1604.11223711,True,
20179,0.0494515625042545,0.2712213291314614,0.090030736594065,0.9164257462086668,0.7835824188572111,0.1448147121858899,-9.036013102129177,36.67763,0.127988,1.9198199999999996,15.433478,1471.764792267,True,
20180,0.0361692086923264,0.5391362128262442,0.1496130949753864,1.204034673730093,0.8481711784547119,0.2054253408987819,6.528872942548322,40.094933,0.122173,1.8325890000000005,23.310889,2430.086146804,True,
20181,0.0235375612526115,0.2281469401370469,0.1169623749374295,1.4438717404601251,0.6402205761698408,0.1166061905166825,-7.082894760235581,42.236228,0.131882,1.9782240000000009,17.319242,1901.898530094,True,
20182,0.0171267241280858,0.5652533935405952,0.142544280336451,0.8789266175161232,0.9582862837562178,0.0761822499646241,1.56903625768628,34.618501,0.093437,1.4015499999999994,25.698513,2313.074407883,True,
20183,0.0201818832265185,0.4185595282678446,0.1434035059328854,0.8353969138752877,0.6359888121550248,0.6669285674836092,4.781861391561968,35.666967,0.112719,1.6907800000000002,25.108215,2328.38801796,True,
20184,0.0470441020499988,0.3207728772412612,0.0936039106051289,0.9223102435458544,1.1299132882158012,0.9128419807033392,-0.0466274923479304,29.205086,0.063377,0.9506509999999997,20.131166,1528.624321025,True,
20185,0.0081267669711691,0.4179214862004061,0.086330116011759,0.551785605172105,0.9401176982075584,0.8070646045172546,5.178978097325897,23.122801,0.05607,0.841043,23.355061,1404.089552786,True,
20186,0.0032039802924549,0.3842743611019871,0.1206731295853356,0.8274663995295992,1.1784464146450282,0.1140367630684916,4.5655743948319945,28.166961,0.068698,1.0304660000000005,26.763065,1959.968950267,True,
20187,0.0144506369939915,0.477947424644823,0.1235697228114366,0.6016839794784065,0.941169096363191,0.9695748586031904,2.326956301222932,28.256175,0.070853,1.062793,27.327577,2007.649230384,True,
20188,0.0019747466473283,0.2029699018415549,0.1047013302068291,0.5010528057636578,1.0715034995356296,0.2949741172793853,0.7628206057213323,23.436018,0.055935,0.8390270000000002,27.915377,1700.985774326,True,
20189,0.0036640646235754,0.3568846043962006,0.0912809719042575,0.599130856068058,0.7681832439133889,0.5753150278847301,-1.5381648348259669,27.907772,0.067852,1.0177750000000003,20.443999,1483.420815859,True,
20190,0.0430014262823897,0.5141380667540874,0.1413601412911193,0.7033464498983171,1.194520581147643,0.2985401372333174,7.319078700809626,27.276743,0.079123,1.1868479999999995,32.474106,2303.04843158,True,
20191,0.0377529191769023,0.501395905168571,0.1452454710250681,0.7609856794950032,0.7810215141778649,0.2668552920089774,-1.049209425763637,38.621464,0.117706,1.7655980000000007,23.518163,2361.595312145,True,
20192,0.0034503973121466,0.3021560066309219,0.1480383310779368,1.359176932916764,0.5462891927167911,0.2331994662406023,8.568854649359391,39.727647,0.153324,2.299862000000001,23.226738,2399.133509097,True,
20193,0.0313894490875026,0.3982084645066626,0.1493961823894432,1.0520398863412614,0.784922385320844,0.4192832751319856,-9.753754755911304,45.751267,0.162019,2.4302850000000014,20.409759,2427.808075096,True,
20194,0.0067174082612676,0.4954731680806556,0.128710052069008,0.8668590428193341,0.8308648860097048,0.8808892196389302,2.252599530621328,33.743022,0.084647,1.269705,23.828192,2090.491504323,True,
20195,0.0035458669830692,0.3946663907482053,0.0911413279272432,1.3210090199898197,1.0539819997109403,0.8607703695621639,5.796172684664054,33.435925,0.072996,1.0949460000000002,17.039553,1481.306368959,True,
20196,0.0182295251664582,0.2131679796042822,0.1037095501976757,0.663273372845036,0.598526983775605,0.0078995490858116,-2.593068990920381,30.754476,0.093453,1.4017929999999996,21.104501,1687.550422448,True,
20197,0.0002263817127124,0.3628835435887814,0.1076341247297788,1.479865845814106,0.727999014805122,0.4077857003680726,9.22696757571758,39.272863,0.112122,1.6818270000000002,17.129734,1749.107572181,True,
20198,0.0113105160356446,0.2058553052987193,0.0920804695545174,1.2529960435840848,0.6546161507367614,0.9797988479048227,-2.247788310200692,38.631821,0.085604,1.2840540000000011,14.903861,1496.984561645,True,
20199,0.0138276681569792,0.2742370745234331,0.1478031637871303,0.9890992910852836,0.5912347856202724,0.4720175894427856,5.54028676788954,39.499827,0.136824,2.0523570000000007,23.339888,2396.99598416,True,
20200,0.044918909175145,0.4167147247704691,0.1088683559513969,0.9971925586087352,0.674698169787374,0.7201902578672696,-2.1375761636466573,38.721381,0.107708,1.6156220000000001,17.643651,1776.284965311,True,
20201,0.0134323996669297,0.3221655235938837,0.0962700421981774,1.003982788921627,0.7174715745914144,0.8834860259067578,-9.347818225410398,36.906773,0.125591,1.8838670000000004,16.309356,1565.006806487,True,
20202,0.0183184922236947,0.3744663304188027,0.1338720339137926,1.268745405710331,0.7375990049200195,0.9377147276309756,-9.776266213586274,42.983894,0.139271,2.089069000000002,19.45374,2174.113469866,True,
20203,0.0345597837637489,0.2987281897329232,0.1043699881011802,0.6057131853343243,0.7248287639679416,0.4908780733512844,-0.7015613327384038,29.373723,0.078835,1.182519,22.279048,1701.48834809,True,
20204,0.0217522872568121,0.599878285586976,0.1492132025650969,0.7554452493982092,0.5330027972258022,0.2521391105429942,-5.487134433088984,35.77872,0.142757,2.141357000000001,26.031378,2421.56038284,True,
20205,0.0068907188490116,0.3856335577288362,0.0927592963496547,0.8777191434301407,1.158649864962303,0.4283858181165746,4.006401793777275,25.65106,0.056534,0.8480160000000003,22.604335,1507.545381811,True,
20206,0.0162750763089287,0.4455564695432933,0.1248513495054751,1.3829367659019551,0.6835671024232397,0.6964473653456332,-7.868957333249821,42.388073,0.126996,1.9049460000000025,18.398916,2027.725911032,True,
20207,0.0151226066933335,0.3075797827765943,0.1482413043642521,0.715090780065409,1.054564623160868,0.0114513905653233,-0.3225250099431509,30.497416,0.084922,1.2738269999999998,30.335785,2405.423943156,True,
20208,0.0448209009215774,0.407526973246248,0.084470064761908,0.5590550280861749,0.8950642777321202,0.0996013861558229,9.295825361470818,22.289687,0.070418,1.056266,23.803463,1379.486511674,True,
20209,0.0356459908551371,0.447293772441197,0.1357070119414599,0.9005217325297394,0.8287168729864829,0.7590463009601702,-0.4314306273670922,39.41771,0.104692,1.57038,21.538385,2207.383905203,True,
20210,0.0059405287025578,0.550727731883905,0.1377689201280434,0.7079372021795036,0.6486345076602006,0.4926380393351509,3.7858852291945126,33.841159,0.105024,1.5753529999999998,25.424261,2237.004747195,True,
20211,0.0317263440934766,0.2630063481622015,0.1259421069831256,0.7461119808802414,0.8042846496739,0.3130792117113195,-2.736990458732194,33.159413,0.096302,1.4445240000000013,23.778241,2050.028546508,True,
20212,0.0056873446552498,0.3211653275369602,0.0871954417255174,1.024308136236617,0.6620768448516404,0.3339971088088947,-1.914166541692646,33.385715,0.080299,1.2044929999999994,16.337798,1418.167626869,True,
20213,0.045888574258427,0.578792641827345,0.131532944233622,1.2218465866967976,0.6282748282047473,0.3367199764793837,-9.946175523989815,41.190939,0.153948,2.3092159999999993,20.00833,2142.820912509,True,
20214,0.0363526187553267,0.2304001608870559,0.1245227603736059,0.5752207307895428,1.1564139993470055,0.4718032122083327,-6.9324966723389405,25.112426,0.071238,1.0685639999999994,31.155342,2034.204169134,True,
20215,0.0136088932708687,0.5779337989604953,0.091925563504215,0.8222666684418303,0.5955240395444011,0.1208019931607537,0.4126439691401948,33.70497,0.091159,1.3673819999999992,17.052533,1494.363273951,True,
20216,0.0268054461834442,0.4263237625229022,0.0885807661404737,0.6740683794853887,1.113114476245315,0.5866155222940053,-8.992900543913459,26.397756,0.077226,1.1583899999999998,21.017045,1442.487371177,True,
20217,0.0179148130267069,0.2033965391047241,0.1324896640090884,0.7787139723519567,1.043290961857004,0.8149420930867616,-8.94934431256068,34.193967,0.105761,1.5864140000000004,24.213706,2152.702950556,True,
20218,0.0006361377223597,0.5105831772721827,0.0889020649953426,0.6961795906745861,0.9190684874195638,0.3885544842820539,-9.813288556198945,29.124639,0.093334,1.4000050000000002,19.079481,1444.775751388,True,
20219,0.0015023703726734,0.3379204600953864,0.1424067317920024,1.3067591804799228,1.0312802249201296,0.8915497909740187,-3.723734237649464,40.334749,0.094416,1.4162409999999994,22.033908,2310.703612706,True,
20220,0.0267065761032669,0.4649561910972707,0.0951473276812166,0.9307350892098392,0.8914387235363586,0.7315232463313528,5.657785699754507,29.507414,0.074339,1.1150850000000005,20.182006,1548.348871065,True,
20221,0.0153096541179976,0.2337715312446202,0.1022909491735663,0.794247438758805,0.854308269208651,0.5466262412283825,2.372318271378393,29.270799,0.068512,1.027673,21.852033,1663.028814746,True,
20222,0.0222673496168214,0.5292034096386005,0.0888049497320231,0.8816415947371863,0.5899005943141772,0.9226437829207162,-4.66159467313785,34.520512,0.097866,1.4679830000000003,16.095175,1444.595557496,True,
20223,0.0241112812179298,0.5756728204143768,0.1303484224854074,1.3453055900542528,0.7774241948424703,0.0172040844327955,8.914907449587059,38.477982,0.117488,1.762312999999999,21.167696,2117.674611332,True,
20224,0.0424218344955399,0.2865988216337754,0.0811880734546846,0.8430532801399937,0.897051878729751,0.3427709458162973,-2.0192737386039976,29.213269,0.072548,1.0882230000000002,17.458184,1326.027635235,True,
20225,0.0248157343087356,0.2140807652750642,0.1462025438959957,0.5817568666276907,1.1330482103271189,0.7661409952450188,6.005700551244633,22.979292,0.057579,0.8636780000000002,39.857521,2381.333767557,True,
20226,0.0249937639623816,0.4008713118713488,0.0982966099649978,0.8996293982733234,0.8707373537530335,0.4675853869884875,-4.826224972494906,32.753362,0.089636,1.3445400000000003,18.779898,1599.272480245,True,
20227,0.0037234405810839,0.5672275430933955,0.1006673219601305,1.2952965033650057,0.5284396034672539,0.3997768417987078,4.388280653233354,35.148204,0.096265,1.4439799999999998,17.901516,1635.935932672,True,
20228,0.0464730511367374,0.4519053708332604,0.1090967883287154,1.2110753294083776,1.0676024014778869,0.7723185798770267,-9.556534761112715,38.753665,0.110975,1.664619,17.669731,1780.393736582,True,
20229,0.0387427912136925,0.2169753787640837,0.0931667638040379,1.3635094911055423,0.5404257495910769,0.2540250873380871,-3.4482991118798303,37.186008,0.105836,1.5875449999999987,15.725505,1520.398769623,True,
20230,0.0468565468901683,0.4023351889250809,0.1189197645165855,0.995601816968218,0.6657898178089677,0.6251965995345254,6.3643195961156245,35.602515,0.108511,1.6276669999999989,20.960722,1940.261548833,True,
20231,0.0095578875955557,0.2178592946696063,0.1352996311604458,0.7398692616056379,0.52596097699012,0.9092567474963338,-5.81849188389749,35.549681,0.131129,1.9669290000000004,23.771205,2197.152718149,True,
20232,0.0371204170744563,0.2120026675482278,0.1133765331027108,1.1885727448789882,0.7914309337056469,0.7633044069195631,8.632973493970184,34.541373,0.098015,1.4702249999999992,20.576631,1847.937224985,True,
20233,0.028118718416213,0.3988247535285433,0.1270855128911145,0.6223052293304985,0.659948686909194,0.426710154797647,6.90302905013678,31.151929,0.101862,1.5279290000000003,25.522181,2067.169429804,True,
20234,0.0354425826920878,0.2733614166905297,0.0882524776154898,1.187059531752289,0.9744250533769484,0.443657502269807,3.270244326594847,30.53441,0.063492,0.9523789999999996,18.135657,1439.780164851,True,
20235,0.0339769350753954,0.5450709827485956,0.1121557651490672,0.7931888816607258,0.6975808380703767,0.5381689791537199,-8.767116091249909,36.730655,0.129223,1.938345,19.115769,1825.550299301,True,
20236,0.034461607722868,0.2783905018991848,0.1333085171679156,0.6580683917515774,0.7531044015878301,0.3541835130678464,0.2574680263422877,32.670685,0.095635,1.4345239999999997,25.550524,2170.35811582,True,
20237,0.0457395060493617,0.3739432623819649,0.0950966449450671,1.110099298810163,0.8358236626348625,0.6785941087360785,0.8574815751698921,34.35732,0.078222,1.17333,17.376182,1552.197538339,True,
20238,0.0009332097821629,0.4837879730357478,0.1374541184341989,0.742056391611212,1.0475411061068605,0.6502675749085486,4.70020783441613,29.296957,0.075309,1.129639,29.299962,2231.83924158,True,
20239,0.0446711999476826,0.2573377140045077,0.1183377734547631,0.5384146589272867,0.9959418743425406,0.2564472492064919,-1.98096386707104,27.511741,0.075083,1.126251,27.001011,1931.396544728,True,
20240,0.0236450910897342,0.2598713563208025,0.1013019020511577,0.964262634109336,0.796834858023936,0.3195658127524911,7.469198376661829,29.863696,0.083335,1.2500319999999991,21.230244,1648.435249759,True,
20241,0.0178968024199273,0.2154232336195947,0.0849677321637837,0.9054663747487096,0.5429952342278089,0.1426001628036992,1.4100717481608438,32.876598,0.086802,1.3020239999999994,16.178411,1382.916887824,True,
20242,0.0204666149040711,0.484570422003769,0.1097852673343238,0.6344634022255424,0.5611002146371041,0.5803181349072902,9.355157806868773,30.098113,0.117329,1.7599419999999988,22.81128,1785.098813755,True,
20243,0.0132565395461209,0.5464108646721911,0.0972694340091887,1.477653734714381,0.6334706296854788,0.2208722525292883,-3.614479083410174,39.912435,0.100793,1.5118930000000006,15.237748,1581.256655486,True,
20244,0.043800620835076,0.2077842721431726,0.0882684777138447,1.498372049429863,0.742800440154251,0.1365246459808667,-5.427970449613873,37.824736,0.099906,1.498583,14.679345,1443.630072354,True,
20245,0.0305270129648976,0.391683793698069,0.1391132639640154,0.6287589683732817,0.7489378803423237,0.0407207610195906,7.419476799000925,29.199704,0.097323,1.4598389999999997,29.806007,2262.849110741,True,
20246,0.0049730184748524,0.2976557652182704,0.1456946436120554,1.4754869599570206,1.0070104439134195,0.4840917836945442,2.728497040315201,41.840463,0.098749,1.4812370000000001,21.708324,2361.544411627,True,
20247,0.041002498299401,0.2016090162200074,0.0832091956209376,1.0807479195613443,0.7353471103932416,0.995795206268114,-9.30377245422618,36.229226,0.123813,1.8572019999999991,14.435355,1359.75256456,True,
20248,0.0276798033419473,0.3794779824684833,0.0915238859301333,1.2671674464705358,1.1359190281278573,0.4367385381083376,7.726185436191677,28.969653,0.069799,1.0469790000000003,19.779458,1489.810492718,True,
20249,0.032529747314824,0.4001335941918406,0.1437397188202274,1.1352017221421988,0.9569905205279025,0.424980355561295,8.2866576970548,36.164639,0.106091,1.5913719999999998,24.853699,2336.945159676,True,
20250,0.0104604524812376,0.5227791795543575,0.100170669890503,0.5309616719836233,1.078817467081866,0.953776212149038,-2.8781683057161347,23.919979,0.056104,0.8415620000000001,26.177643,1628.038516363,True,
20251,0.0001489516188575,0.3509691587873562,0.1401132258342223,1.0095380735397037,0.7303850922547013,0.949913895667518,-3.983526189696188,41.283737,0.113813,1.707192000000001,21.178789,2273.282820657,True,
20252,0.0041493004287458,0.4279392728357983,0.1449073886920002,1.4152390096433676,0.6320005706254342,0.9585126539072812,1.820336949180561,44.292389,0.115331,1.729968000000003,20.395591,2348.760596109,True,
20253,0.0069234892236864,0.3136537215290671,0.0813416059677577,1.4460864660026538,1.1218955154133414,0.2067597909111107,-4.590424007456642,33.030007,0.067058,1.005872,15.398706,1322.410323755,True,
20254,0.0299677606532351,0.2211577661093663,0.1015520619723165,1.087812139551296,1.086063905104228,0.571507818248246,6.170560016892189,28.975756,0.067759,1.016381,21.957516,1654.21260433,True,
20255,0.025561188984699,0.380347770117142,0.0815927180542943,0.9679786645363294,0.9072595041879904,0.3866727195434579,-2.773276450955077,29.850692,0.069077,1.036162,17.121582,1328.836758188,True,
20256,0.025057288824982,0.270598971826776,0.1145079464836224,1.3277538694276592,1.1385486468890378,0.1643865062895461,7.98893963088506,32.155045,0.080383,1.2057510000000002,22.272762,1862.072377593,True,
20257,0.0475491814225632,0.2408579389119567,0.1243167654541075,1.4316636470385955,0.7446939050221877,0.6400036122306512,8.545963192090241,38.21621,0.10535,1.5802549999999993,20.428792,2029.848628505,True,
20258,0.0177807102454242,0.579784700267914,0.1220406621562593,1.3406875783550118,1.061580166181755,0.3479530388731226,-1.501135443153828,39.285601,0.085718,1.285772999999999,19.405821,1982.160285118,True,
20259,0.0088895142037478,0.5989526432659802,0.0847468578115848,1.0504601978103794,0.6730954228697101,0.6021245130999826,7.2649089558235325,31.597204,0.089634,1.3445150000000012,16.779176,1378.455140076,True,
20260,0.0143330017597863,0.4107010847047782,0.1138595124457041,1.0722612526166682,0.9812200887020543,0.2382784636352598,7.324747287688393,32.697496,0.089066,1.335989999999999,21.751768,1849.19374792,True,
20261,0.0223970532449219,0.3315545908515857,0.143200749697017,1.1073753993216209,0.5004782184023268,0.6602725258546019,2.2310560140286206,36.981426,0.120154,1.802309000000001,24.192675,2326.166973819,True,
20262,0.0378007986460967,0.4947831741654339,0.1214322791877981,1.0129782306669184,0.5519017906429198,0.5181442946100214,-6.090920670434285,37.317269,0.130565,1.9584689999999991,20.369087,1976.308586745,True,
20263,0.0127087438180585,0.498579240052744,0.0894657010519226,1.2459792280130366,0.982063064994286,0.4399276450707724,9.47722193010308,31.799191,0.089066,1.3359900000000007,17.590806,1454.370825043,True,
20264,0.0225405782384042,0.3452550538705487,0.1380940684632226,0.6896207523974998,0.5824116281462761,0.2198612546735115,1.7027155817375252,32.435559,0.106322,1.5948340000000005,26.616316,2244.619243807,True,
20265,0.0058611600943097,0.4568259525843653,0.1333809334627408,0.6212685794820019,0.8408665128165141,0.5688298742475,-4.797181509695,31.364373,0.092297,1.3844510000000003,26.559818,2165.88336222,True,
20266,0.0272265039279764,0.3665405818595085,0.1179896861262275,1.1787022089609691,0.8136001405978035,0.7222909410904038,4.148017684852203,37.799067,0.0923,1.384504999999999,19.51965,1918.343854332,True,
20267,0.0055972592935014,0.5329994124983061,0.081453083124649,0.960139432363061,0.7556053339377093,0.8375516268340513,-5.55011305908466,31.384047,0.080896,1.2134400000000003,16.235568,1324.79832697,True,
20268,0.0450086648235314,0.443869161949287,0.1264420440432642,1.0556008649911917,0.7351918608261081,0.2726765503532206,-4.50549387693536,41.364928,0.127194,1.9079049999999995,19.156619,2060.27162024,True,
20269,0.0211333834132054,0.3522792854812674,0.1438654104251925,1.4372143246602722,0.6261534248712763,0.4947317554439726,8.11250114512184,40.911475,0.13119,1.9678560000000012,21.964241,2336.33267409,True,
20270,0.0145953271259714,0.2270558068957723,0.1239598441114157,0.7825986038464047,0.708022619939916,0.8706440529663493,1.0805599294596355,34.591271,0.090095,1.351420000000001,22.391743,2013.853033457,True,
20271,0.0289369685317391,0.3310854808551889,0.1399517940040971,1.079775275907676,0.5088559424928569,0.308699285993975,0.3784827294122692,38.315753,0.135332,2.0299820000000004,22.838185,2275.161903151,True,
20272,0.0064698479030337,0.3117780122283087,0.1320469281276767,1.1019291176707178,0.8273221647667779,0.8642504972820453,0.1842572934707558,39.636204,0.095273,1.4290939999999992,20.79608,2143.121934063,True,
20273,0.0016261036888736,0.2044724638948422,0.1440503490550805,1.4865206320878317,0.7938982778119081,0.9140660421027732,5.875003284983169,46.341704,0.119024,1.7853629999999985,19.378684,2334.907189989,True,
20274,0.0073407397426907,0.4201892432805915,0.1381241689643031,1.0651951453736617,1.0777942393917097,0.6764101057603816,-4.949759164479689,37.110212,0.093412,1.40118,23.230734,2241.453403375,True,
20275,0.0419337784559623,0.3708454258776902,0.1467002272120566,0.8604888160607956,1.0571337648584502,0.1276047711326195,-2.4295189833251154,36.11028,0.099468,1.4920229999999997,25.433042,2387.825082746,True,
20276,0.0496222745375904,0.5942955209598952,0.0895498718802734,0.847660116097794,0.6896110442318084,0.5303240629546931,6.28769335268354,31.029254,0.092958,1.3943759999999994,18.131767,1462.799515719,True,
20277,0.0427181543967895,0.3415221579342907,0.124412902264985,0.6987185387702628,0.7161446995989349,0.5230254073871938,8.474809123180599,31.145788,0.101203,1.5180489999999995,25.051359,2028.635249786,True,
20278,0.0125213912715803,0.5476890243058763,0.1086410977058072,0.5146510986630535,0.6295796321425992,0.8322308294948656,-3.263173427462688,29.510452,0.085027,1.2754019999999997,23.023794,1766.550670924,True,
20279,0.0453534680336298,0.4773372953450229,0.1106474370510335,0.768692970221643,0.5753162832298256,0.7657589019216694,-6.760412119402836,35.825997,0.130939,1.9640840000000015,19.369801,1804.250306492,True,
20280,0.0393978066492933,0.3865323431222491,0.1099832270007831,0.8594968207780143,1.0933781761175736,0.1494412313485532,3.1140708323470285,28.419318,0.066776,1.001639,24.263706,1792.850733688,True,
20281,0.004640482618366,0.2299277884397271,0.1198905404180295,0.7184324354698075,0.732714093119778,0.2704052913502821,5.4666753944137,31.176166,0.09175,1.3762540000000012,24.02448,1947.377012345,True,
20282,0.0491534903794786,0.2207949460034771,0.1470341334428255,0.7329420636390613,0.8030488411869376,0.2299043747391348,3.718564619092442,33.883903,0.101988,1.529814,27.237562,2399.578762085,True,
20283,0.0133883973697966,0.580327718214062,0.1194188205320311,0.7161901435365196,0.9830927291003126,0.9965250435179372,-1.4366223766245376,31.024792,0.074104,1.1115660000000007,24.053994,1940.302392998,True,
20284,0.0207707239317599,0.4676422566664521,0.0957834627992545,0.503299288255226,1.1571406233726291,0.0567351831304328,1.92769572062857,21.434601,0.049897,0.7484479999999998,27.954362,1557.89552262,True,
20285,0.0437710228732437,0.5442447432186882,0.0934961299868367,1.2795897870710593,0.8433867251014902,0.4213101836246892,-8.751950444624928,40.27457,0.11861,1.7791439999999987,14.560479,1524.684349648,True,
20286,0.0434776319176299,0.2054171474234552,0.1489531582488019,1.1158594484959794,0.7566325320149347,0.3315587187093738,-3.1529354825900846,37.750089,0.111017,1.6652570000000004,24.828338,2436.907096655,True,
20287,0.0479685496231491,0.296730853426862,0.1159756528137642,0.7490408598096027,1.109768880111763,0.0866865645678731,-5.9884312184344015,30.540945,0.089423,1.3413510000000004,23.852694,1894.057909972,True,
20288,0.0205043972021573,0.5337683786557819,0.0806143034975017,0.7654842104684225,0.8643139438438074,0.4966244699624088,7.816111887492788,25.962269,0.072295,1.0844260000000006,19.437338,1312.057227769,True,
20289,0.0103298439006576,0.5203338429159301,0.1404810662389886,0.5936747745908622,0.9147574092456126,0.2915820891636131,-0.2224558790182929,29.518748,0.082659,1.239884,29.722507,2281.165084296,True,
20290,0.0463583869961419,0.2112714014912884,0.085317381737029,0.8117362174239859,0.739940924480329,0.0482733409228604,-1.7832225183042016,31.544306,0.087032,1.3054750000000013,17.014061,1395.411550088,True,
20291,0.0158960477678381,0.3340915437335219,0.1396662284740684,0.7743550793908851,0.883904414412302,0.0054960787174913,0.3584617903653164,32.510534,0.088718,1.3307770000000003,26.833397,2268.157004162,True,
20292,0.0264197440155462,0.3890048138506332,0.1034996078571607,1.2875447924640235,0.5638163948659489,0.2519850162721078,-0.4790647285473977,39.327733,0.105318,1.579771000000001,16.473,1684.398981786,True,
20293,0.0323556647262452,0.5299905356523857,0.0845809207313116,0.9684431557146552,0.558220732446851,0.3768261918398252,-8.235002825591666,32.817297,0.112004,1.6800529999999991,16.152853,1378.241749282,True,
20294,0.0492016566204345,0.2234152145376853,0.1317760935265504,1.4530102066035706,0.6126012557856202,0.4742132780539371,3.571456816837358,38.416365,0.107021,1.605314,21.550429,2152.51175595,True,
20295,0.0228527357088739,0.3174221511971993,0.0802397581937904,0.6930787716264871,0.6523806015096812,0.3212840405624306,8.154731801635094,27.581148,0.08403,1.2604509999999998,18.219622,1306.547037657,True,
20296,0.0107620465122417,0.2894708653937838,0.1265543877861028,1.1480384703392923,0.933778784655867,0.3745680259699654,0.5661050710934052,35.575262,0.084275,1.2641259999999992,22.211769,2054.492737339,True,
20297,0.0338896517230361,0.4793758465807798,0.1463330676241414,0.8324779356766497,0.6257811437386707,0.9190854332322034,9.703049033899584,34.722858,0.135268,2.0290180000000007,26.357949,2379.58062769,True,
20298,0.0353795292997611,0.4599394277258049,0.1113960780639285,1.147483425401588,1.063833483915825,0.7056343834164388,-6.146009635705161,35.932924,0.091395,1.3709259999999999,19.421397,1814.455713935,True,
20299,0.0148977089563087,0.5312316328120583,0.1393578309058412,1.0395924165272148,0.9486213227006964,0.0425512959081709,-8.179437188212855,39.772512,0.123612,1.854177,21.873327,2261.888643431,True,
20300,9.876961795158352e-05,0.5417774284316206,0.1156168068785386,0.5654948135145317,0.5492850534128131,0.9662116919736938,8.180008612497765,33.034079,0.126238,1.893573,21.859933,1877.519187565,True,
20301,0.0314620842481466,0.3603727755260366,0.0918364074596604,0.725240792070005,1.0388989560649284,0.0262734670319957,-7.823890858712396,28.243534,0.084104,1.2615560000000006,20.36497,1495.464687243,True,
20302,0.0106450405729594,0.2820864322912321,0.0820641614409617,0.6658697077494155,1.020761635335513,0.962440078417106,6.5725750696935,23.528776,0.056721,0.8508129999999996,21.822532,1334.98936303,True,
20303,0.0258620986223558,0.4830251075187371,0.0904547633338687,0.7351562661447344,0.6533714219362818,0.8432369688740022,9.501262342100038,29.111858,0.104341,1.5651200000000003,19.446624,1471.931142321,True,
20304,0.0459878867437831,0.3591550660321985,0.0993241045449628,0.7090572789015024,0.9202472868902594,0.8207648732074639,-2.196002434529783,29.293341,0.076026,1.1403949999999998,21.299498,1622.226983743,True,
20305,0.0098897525835062,0.4738689915419691,0.1468738354481301,0.8500807483627149,0.6560986213038915,0.5945371563646512,8.99428241718531,37.578046,0.138769,2.081536,24.390423,2383.015465723,True,
20306,0.0122597172435575,0.2699864558849718,0.1430105459395477,1.4349677114443078,0.945561210551878,0.5104666388269707,7.102801652262809,40.618326,0.1066,1.599005,21.975361,2320.766223671,True,
20307,0.0062024562099371,0.5216669548361079,0.1254174757337222,1.004034793165132,0.7256310710325473,0.0747095184928627,0.313022501425058,39.255989,0.108662,1.6299309999999991,19.943277,2035.521894911,True,
20308,0.001766741957226,0.5193781366638683,0.0995664465935646,0.7224209556986768,1.01675412487991,0.9511883123838784,-7.195049822770818,27.228685,0.073237,1.0985509999999996,22.854689,1617.988140339,True,
20309,0.0348562800399869,0.5835048688956435,0.1299855746793991,0.8712444922824626,0.9425842348771494,0.964692349393604,-0.8150948554492885,35.600473,0.088554,1.328316,22.850321,2115.053842394,True,
20310,0.0452701546582561,0.5530766440119446,0.1141071519771955,1.3841234332583232,1.0038016247159165,0.3455976790390381,6.473170729959779,35.158119,0.087602,1.314029999999999,20.343552,1859.626615164,True,
20311,0.0455562189555844,0.3395300999857841,0.1042315756583796,0.5634660662716577,0.9677849896402136,0.1846938887911315,1.3601068196492463,24.925587,0.063304,0.9495579999999997,26.265724,1702.190378427,True,
20312,0.0116928928416565,0.5116110037592589,0.137626189432339,1.2406377250590954,1.0997002096017017,0.4347048733880947,4.206677353708574,35.601545,0.084339,1.2650910000000009,24.133683,2233.910615447,True,
20313,0.0287997776391814,0.5692774972135282,0.1146320784036371,0.8010705747222913,1.0580076370364844,0.1233368953008244,-9.967549427647644,33.801601,0.106043,1.590643000000001,21.215447,1864.501845858,True,
20314,0.0282393090272172,0.5355836165374925,0.0850622994559778,0.9276731237385252,0.8096187141117037,0.927740411210489,2.092967799980565,29.42313,0.064038,0.9605630000000005,18.110322,1385.442167956,True,
20315,0.0029001368951469,0.4228630000427847,0.1129651958068301,0.8376101368180081,0.6505129795841358,0.4640798653947245,-9.91252543170646,37.712096,0.13979,2.0968579999999992,18.702304,1833.788083945,True,
20316,0.0404214480553901,0.3729863266484285,0.086140084144959,0.5522722172419098,0.9318276848835464,0.7998073346100708,-5.602063183399365,26.630611,0.075662,1.134931,20.302312,1405.723711802,True,
20317,0.0483335882024883,0.4618015214972167,0.1228894410972088,0.5279174105440589,0.9092973857245102,0.6724508238882155,9.63441597309916,27.097827,0.087919,1.3187860000000002,28.454247,2004.725496757,True,
20318,0.0409324955422703,0.5006156950518729,0.1471906489085955,1.4397384020540152,1.040776438045963,0.3735160441724361,-6.616960389359944,46.665596,0.124619,1.8692849999999996,19.745499,2395.732260675,True,
20319,0.0290114937424425,0.2397629039316117,0.1302143845154429,0.9622135152955192,1.0372016304578082,0.56607678137934,-8.325173740128047,36.966644,0.112091,1.6813640000000003,22.035057,2117.861466996,True,
20320,0.0284297837590698,0.3237000289794623,0.1222981448866647,1.470489964570474,0.912452362020858,0.7352221870697637,-3.37257567305401,41.065656,0.094821,1.4223130000000008,18.631238,1989.270418418,True,
20321,0.0373592087815483,0.4558381712679352,0.1199883525328298,0.9374425149176702,1.1792728414418512,0.7788247750675407,-1.4467481780998064,32.115221,0.073726,1.105886,23.388579,1952.936359087,True,
20322,0.0414485867073853,0.5711377419081589,0.1328757641198886,1.3109987889930008,0.5026223017258531,0.8797879925682646,-0.971154023331218,39.084673,0.110022,1.650333999999999,21.289992,2163.492178271,True,
20323,0.0286083907323947,0.4566533216953818,0.1474052126224136,0.7596938509641481,1.1456239265299453,0.5336391215185524,0.5135459985190298,32.771216,0.083056,1.2458350000000005,28.099641,2394.234463529,True,
20324,0.0280126931110314,0.5263673921042902,0.1102084413559109,0.7440209556890027,0.8006422243787208,0.8097283691533109,-6.690860802293951,33.375094,0.101569,1.5235280000000007,20.674336,1794.02058205,True,
20325,0.0413326157717373,0.4666323578833964,0.1115053168818709,1.1447777382370372,0.5833959943270972,0.2369542098231138,-0.1089142816137602,38.385151,0.112885,1.6932770000000001,18.215406,1817.922915725,True,
20326,0.0026556498497376,0.5240854261276728,0.1378799985681656,1.3892220898740952,0.6685454955407942,0.0196963247468399,-5.341494117760756,44.150461,0.135072,2.026087999999998,19.492513,2237.568890605,True,
20327,0.0416850386652923,0.4923102509182454,0.1386017710207819,1.2245750954083738,0.7673811749688406,0.4868716874788653,4.339229242513035,39.801296,0.109461,1.6419130000000006,21.805557,2256.51256029,True,
20328,0.0473536215000416,0.2647590491964516,0.0941396413911386,0.540570822437393,0.8171018538731102,0.5098939454876154,5.802915821591286,23.268741,0.061173,0.9175950000000004,25.443426,1539.294885161,True,
20329,0.0351526274919609,0.2463851297904071,0.1342059914311207,0.8974152273403481,0.6005781845080548,0.5834176654021889,3.3274967430320928,36.158462,0.107989,1.619828,23.239375,2184.780140157,True,
20330,0.018501262090725,0.4146758915830226,0.1142781136475066,1.293286315488206,0.779262795562909,0.4056004464919401,-7.39695489207033,40.681353,0.117307,1.759608,17.554157,1856.72979475,True,
20331,0.0146157431668107,0.3040216611428894,0.0901498392654812,0.8538635483765702,1.0756147415921404,0.3719089580479288,9.84263545459822,25.822683,0.073776,1.106643,21.830604,1465.684395481,True,
20332,0.0196458439588495,0.4860256976174127,0.119202710120826,1.237906846360736,0.5540599524871835,0.3346136773981947,-5.708457550724631,38.607272,0.128749,1.9312310000000004,19.292422,1936.552231674,True,
20333,0.0321122055657805,0.2591368495143607,0.0859524455846481,0.76294682529663,0.6349027392285503,0.5400778836958621,-7.973095909403742,32.649689,0.11618,1.7427039999999998,16.507905,1401.342732725,True,
20334,0.0260178149896045,0.5148895143922976,0.1148933234072533,0.6024140353413706,0.5303631714662941,0.0242471263409461,6.419571551563724,28.568999,0.100596,1.5089369999999995,25.155971,1868.570362601,True,
20335,0.0349519829716018,0.3778498082374129,0.095904498885622,1.460246472049246,0.7057998590232621,0.6900337974809287,-3.535989942061497,39.713659,0.094622,1.4193249999999988,15.134144,1562.683795022,True,
20336,0.0231812837873103,0.4413272212244827,0.0868544425638516,1.0582825201778174,0.5968696702103593,0.365574780267373,-7.462515640309049,34.116406,0.105143,1.5771379999999997,15.941634,1414.065306114,True,
20337,0.0181795321585054,0.3830269304060256,0.0974473110433394,1.0715385772383297,0.8562335699275133,0.8994845574315913,2.315138974655099,33.316642,0.073071,1.0960669999999988,18.292976,1584.597375323,True,
20338,0.0115080094017321,0.3227632969748357,0.1067320843999583,0.7961980697665858,1.110870768815159,0.6865828312533678,1.134346157990704,27.031526,0.059481,0.8922109999999996,24.681063,1734.633689758,True,
20339,0.0288219126338173,0.5254526932223914,0.1197292054873045,1.0893841874244492,0.7512454839799225,0.8526634229461726,8.815673949971266,36.439892,0.112762,1.6914300000000004,20.545896,1946.594650497,True,
20340,0.0368115797707754,0.4471118962389295,0.1234366372809375,1.3432592168530268,0.5893758698746294,0.8392953534212262,3.1687108621382194,40.270595,0.104294,1.564407000000001,19.187774,2009.027940661,True,
20341,0.018442883389909,0.3134878036367092,0.1020222985818772,1.2033142069341738,0.9361089734986072,0.222052997736913,9.045697008562364,32.461078,0.091043,1.3656419999999994,19.658342,1659.1405805,True,
20342,0.0436120945142232,0.3936464695786874,0.1151156771901325,0.6407289156183814,0.8797505212646981,0.9218720781597468,-1.736169017961135,31.876695,0.084853,1.272799,22.648453,1877.090374467,True,
20343,0.0369802310090614,0.5351829049452045,0.0938389315457293,0.5772394141466894,1.0956315157534582,0.8121942786702797,-5.595828828581926,27.07889,0.071155,1.0673210000000006,21.712826,1528.693936168,True,
20344,0.0380583311018341,0.5034709201490057,0.115308670287111,1.2973452425855276,0.8668818323728142,0.2249553715902264,-6.912006392931113,41.205974,0.117168,1.7575190000000003,17.520878,1877.108612268,True,
20345,0.0454333883261498,0.5696239849903337,0.1349658837974396,0.9331708225784834,0.5116841430599421,0.0392900830027811,-8.312849588003287,35.264122,0.15163,2.2744490000000006,23.987669,2199.350563899,True,
20346,0.0021112380026155,0.5176147842263594,0.0880148555568815,0.942511741377312,0.8587153571377198,0.3663364143514225,0.7510433180439797,29.266853,0.06242,0.936299,18.810713,1431.378939733,True,
20347,0.0266406213857302,0.4802572389053322,0.1310323147199639,1.2495325958337486,0.6156413961939615,0.2037830425128435,4.264027505433541,38.946595,0.118391,1.7758699999999994,21.029771,2129.498692476,True,
20348,0.0271856573114997,0.4371279041102195,0.137146002075761,0.6555941010798925,1.134896118296354,0.7949940527945165,0.4685628884332402,26.638048,0.063773,0.9565969999999995,32.19857,2230.038323215,True,
20349,0.0263505964278988,0.431560929930274,0.0933298404428677,0.7916817482486225,0.5486471423628911,0.6938918514438518,3.8055221054682704,31.78852,0.089317,1.3397500000000004,18.375324,1518.723369788,True,
20350,0.0432133751928103,0.2927775646805176,0.1476740492291496,0.6617536051518359,0.6224360031213493,0.0208411815267821,9.166430300728258,32.101607,0.12279,1.8418469999999996,28.817511,2405.229883233,True,
20351,0.0121132778946121,0.5283910870180524,0.1288819615228182,0.5881835873316055,0.5741786177949608,0.6150718980038399,-0.5072379617546261,33.7334,0.104396,1.5659340000000004,23.868532,2093.433547777,True,
20352,0.0461768158657886,0.4970930714087284,0.1168072099390865,1.4884364524650984,1.1614285161473648,0.2688874210331693,-7.32894099823857,40.720591,0.103369,1.550529000000001,17.984863,1904.121075303,True,
20353,0.0247701342503523,0.54605083714965,0.1266320561065209,1.454534692974772,1.132249755688714,0.7618512405473257,-8.612615999463078,41.204071,0.106673,1.6000899999999998,19.208549,2057.823073195,True,
20354,0.0203732602799309,0.2162313641803853,0.1068605580040661,1.291434833431388,1.1735403374335902,0.7268122082418029,8.378439347447571,31.232789,0.07624,1.143599,21.408982,1738.521763379,True,
20355,0.0482189113415381,0.5056732042712238,0.1191325000787069,1.2630718198855466,1.1067586461888648,0.9612966056488296,9.40253796391097,34.1986,0.095094,1.4264119999999991,21.845978,1942.46488239,True,
20356,0.0232437337369474,0.492920263407986,0.1337241665936167,1.3973362209819955,0.9988352345008926,0.4317223296293955,9.916910000339826,37.646457,0.108816,1.632244,22.195926,2172.554769953,True,
20357,0.0352200074312899,0.4888047118965004,0.1370229312407752,1.0914463791025262,0.6767170429210736,0.5570370168156357,-4.722810875942869,42.009571,0.131184,1.967765,20.404399,2228.668082415,True,
20358,0.0315183580046005,0.4983051035944351,0.0878766226280625,0.5297750138379858,0.8831884888349847,0.0475786622380871,-9.395022777638054,28.53548,0.096781,1.4517069999999999,19.296701,1431.665608556,True,
20359,0.0477359600544676,0.5092293853025827,0.1168704036568708,0.5610928700810545,0.9722814917401424,0.5278987705489081,3.4785125633681133,26.289531,0.069785,1.04678,27.889795,1906.344987464,True,
20360,0.0193677536055934,0.4246064170479339,0.1178645163138009,1.304155908309168,0.7907292749689574,0.7283581122596439,5.414966512807659,40.016728,0.097973,1.469600999999999,18.404143,1914.831267832,True,
20361,0.0060107659262789,0.2583707826347988,0.0977563690354499,0.5184755688789329,0.9602166787800932,0.9173287322528816,2.651168791702821,23.130316,0.053649,0.8047310000000003,26.415425,1588.592515001,True,
20362,0.0004825584737075,0.4234075562815513,0.1399119955780804,1.1964384932315368,0.7495005464213172,0.0025193465123606,-7.287248811916504,43.582033,0.14048,2.107197000000003,20.034187,2270.139571401,True,
20363,0.0485892504372496,0.2483852473964452,0.1295041127348287,1.427441107366934,1.1883793648851042,0.5552340553933215,7.192385784299965,34.301396,0.0797,1.1954969999999996,23.712782,2114.791954082,True,
20364,0.0077656151505151,0.4331092035840078,0.0967105227944256,1.3673284520517153,1.0749292987030157,0.0672351883382175,2.458908128378731,33.220201,0.066761,1.0014210000000006,18.198215,1571.825732411,True,
20365,0.0431171743735387,0.3269367002028294,0.1216389711738323,0.6537673390446221,0.5720066809890222,0.6550005464853453,-2.3309831946393853,35.405882,0.119737,1.7960510000000003,21.550495,1983.837099221,True,
20366,0.0186984362104128,0.4869953051286467,0.0916998209852933,0.5218278573820812,0.8582057661133605,0.6138830067768565,2.554349100640108,24.490657,0.059263,0.8889519999999997,23.417581,1491.131056714,True,
20367,0.0394354080068692,0.325257576548226,0.1120519846248175,0.9184115782703136,1.149945282565173,0.6393607023852622,-7.491008036160789,33.222493,0.093216,1.3982390000000002,21.149236,1826.838950937,True,
20368,0.0176150775692413,0.5275711912139569,0.1190256179942448,1.0847889616692123,0.8599269549261546,0.7194672890304045,-4.3462591986384345,37.868053,0.097331,1.4599640000000011,19.63578,1933.278769233,True,
20369,0.0102582288032178,0.4197109300606546,0.0855641057738462,1.4000670787751233,0.947711363830159,0.2086454853522064,7.122030051187011,32.259488,0.07609,1.1413469999999997,16.594939,1391.895025633,True,
20370,0.0297269135078432,0.4658934073326123,0.1094532620533244,0.6265801571599754,1.0227459081859955,0.3025577392895799,6.817928097719893,24.067563,0.065419,0.9812809999999996,28.479808,1782.14282785,True,
20371,0.0219689896691515,0.5772014317100611,0.0944962260321698,1.0405426498686563,0.732240984074942,0.0848911251703405,2.561711252672975,34.522359,0.086861,1.3029189999999993,17.122003,1536.839064747,True,
20372,0.0221348901743719,0.3785961598650188,0.1030218521295344,0.6736389065048698,0.7897805139402423,0.644972899191609,8.487570385339055,27.846878,0.083297,1.2494489999999994,23.155641,1676.512035834,True,
20373,0.0097773912683968,0.5503049620621945,0.1422773572893716,1.3541072439304949,0.9789235739171376,0.24947928006082,-4.273822334812378,42.087876,0.106313,1.5946979999999993,21.100073,2308.948893008,True,
20374,0.0245283289249935,0.3615824326064323,0.1056512174272397,1.251877219083568,0.8363359559015751,0.3009700072254095,6.212692401189106,34.341743,0.086524,1.2978620000000003,19.2534,1719.107842703,True,
20375,0.0173804093319452,0.4065516821712298,0.1387204583913425,0.9778137621880356,0.9615537155425258,0.3224665726994944,-1.333679905836009,34.739056,0.088157,1.3223509999999994,24.933937,2252.071729776,True,
20376,0.0493275433334835,0.4028403703600235,0.0956321055059736,1.2740022200200736,0.6922863514628591,0.2768910070698392,0.0107423733376261,38.36609,0.094955,1.4243250000000014,15.657575,1561.871849222,True,
20377,0.0391552719390932,0.3240893390960786,0.1367743462715518,0.7311506209346059,0.8693756807315436,0.4026423046884252,-8.704613213145498,35.302157,0.123942,1.859133,24.278549,2228.421377433,True,
20378,0.029644642363816,0.5431919323716629,0.1134823600420027,1.142732003349242,0.5944166254381854,0.4799691355506165,0.9143919014651268,37.976825,0.103939,1.5590899999999994,18.689194,1845.366278647,True,
20379,0.0442616908957747,0.3459378069781029,0.0979073788453157,1.0475274045329368,0.6173009527285866,0.3922898138585576,-4.363268314237133,36.502685,0.111124,1.6668650000000014,16.835648,1597.82051814,True,
20380,0.0152664106832372,0.4760398073647465,0.1143255899177027,1.4838612205224675,0.9999053059345948,0.788893108287654,-2.68986359919497,39.60881,0.082656,1.2398439999999997,18.033961,1857.189650855,True,
20381,0.038353109004051,0.375672430012821,0.1075733736469179,0.8172465405816699,1.0084010235660468,0.5344299175614908,-9.428964958416506,33.595457,0.106565,1.5984679999999996,20.071827,1753.23776619,True,
20382,0.0240225459317119,0.300015769134739,0.1357549037426099,1.1239350086038962,0.7627645070026109,0.8586372217824431,-1.6859412891775811,41.33389,0.105729,1.5859330000000007,20.527888,2206.093390185,True,
20383,0.0346492945220996,0.2425499951355966,0.149555072828176,1.353850030067017,0.8341715515025043,0.6630008948879356,-7.637871982137248,46.714471,0.143611,2.1541680000000003,20.016378,2431.141768633,True,
20384,0.0031458097426103,0.5157715883094955,0.0997468429270213,1.0068100340282131,1.0453686479298268,0.4143749021915809,3.73739605322154,28.998851,0.065833,0.987501,21.499173,1620.973405436,True,
20385,0.0147831449197264,0.3034980788961361,0.0949268667995412,0.9799024582259528,0.7104792894261267,0.620136622749867,1.20397996380958,34.767626,0.08169,1.2253530000000001,17.072671,1543.298227182,True,
20386,0.0422531097481102,0.4320955226661759,0.1139673418508702,1.163692948974831,1.14524600969778,0.107621282232995,-8.901711587308181,37.317454,0.107151,1.607265,19.137715,1856.8440723,True,
20387,0.004386727303409,0.3494935928426205,0.0828368513937503,1.3810923034773297,0.5704543275619761,0.3627683777642803,6.241317778362184,36.237853,0.09623,1.4434489999999993,14.292513,1346.618001328,True,
20388,0.0367383516176796,0.4718014674536509,0.1475352006351228,1.317122592928142,0.9282406326547644,0.7105541093448057,-5.319295180235774,44.827082,0.121079,1.816179,20.589052,2399.662481773,True,
20389,0.0465555089665567,0.4221679100401158,0.0821595449862407,0.5963716978607088,0.5447011552169425,0.828204247299566,-1.8256459590617415,29.736497,0.085594,1.2839069999999992,17.358735,1342.088692943,True,
20390,0.0359733324858608,0.4630194412357096,0.1304064555000336,0.9537652480718012,0.9935535188974908,0.6192518201460434,-2.366619926264457,35.757405,0.090807,1.3621039999999995,22.819803,2121.540027858,True,
20391,0.0471972196816365,0.3354177073031865,0.0908719820559932,1.2144680376265944,0.806837500119093,0.9562131322811211,8.938554510671285,31.844309,0.094504,1.41756,17.925996,1484.186478791,True,
20392,0.048748146235501,0.4045299550593209,0.123381408833008,0.7889956385981174,0.8944919215671187,0.2803429104377524,-1.6316095319689945,33.906012,0.093944,1.4091550000000002,22.848466,2014.220878891,True,
20393,0.0337126099053187,0.5647076331752692,0.1004859815642437,1.184083244114333,0.904662198470264,0.5850231240477365,1.172740722366136,35.254861,0.077341,1.160114,17.850555,1636.228914399,True,
20394,0.0149903988730527,0.3686693687391491,0.1128905864458187,1.3482723382038004,0.8486987023687036,0.1773345105887597,2.699595300559165,37.754937,0.086175,1.2926260000000003,18.681919,1833.870128599,True,
20395,0.0209548291056605,0.4056290961315412,0.0893565203611825,0.9288732465767114,1.147565899639029,0.0284841038353988,9.668003179651116,25.816543,0.073778,1.1066759999999993,21.653865,1453.472638352,True,
20396,0.0083876754949693,0.2602921950949695,0.0991882319662574,0.8035053102273468,1.1244092619007948,0.259676854132329,-5.245412268131463,27.032669,0.068376,1.025645,22.941627,1612.450814474,True,
20397,0.0407893199596715,0.2801340980501021,0.1218081123510726,0.8694222471090043,1.050752548906614,0.0621965395591844,2.9111577425527617,30.347062,0.074731,1.1209610000000003,25.171258,1986.071688973,True,
20398,0.0395597641611057,0.4360766056783932,0.135525263891857,0.772894223708682,0.5785186241192755,0.8465702216911117,-2.041563202999672,38.004282,0.123223,1.8483520000000002,22.338404,2207.282999935,True,
20399,0.0469731017459306,0.262365401011623,0.1327041375749366,0.6671679788855844,1.0323919063062756,0.8347896346308123,6.921746285278605,26.879547,0.07196,1.0793970000000002,31.000965,2166.558897729,True,
20400,0.0400694763187921,0.4746945088845301,0.1092627897379416,1.0983122409425967,0.5368608411262981,0.9733344083012916,4.603016799496622,33.701977,0.092366,1.3854860000000002,20.325021,1780.982828298,True,
20401,0.0237019989074858,0.4116121737123422,0.1137129114533135,0.6329257932422055,0.9879903568083356,0.2746660585141529,-3.9162698075222337,27.226815,0.073635,1.1045239999999996,26.121404,1849.126799269,True,
20402,0.0466755218668921,0.2683511215164743,0.0914214550903225,1.0182579450826412,0.556825935674746,0.8769991801473269,-4.011163510336488,36.80595,0.111459,1.671880999999999,15.608244,1493.638278695,True,
20403,0.0202891197069815,0.4816350541947639,0.1162597779391248,1.044218973814003,0.9108703784909886,0.3165694877433886,-9.207357255193216,38.777485,0.12173,1.825947000000001,18.733463,1888.735137893,True,
20404,0.0484688819034259,0.209638676023413,0.0941472112861445,1.4565387889347785,0.9351297280272028,0.0921985561818576,6.711459749349778,33.228143,0.078204,1.1730590000000003,17.82744,1540.169061053,True,
20405,0.0238620925222554,0.4873978453338549,0.0948316297047572,0.5548723903081548,0.9521807815237198,0.4499395078934768,-6.525679516056515,27.843059,0.080169,1.20254,21.310165,1542.684408669,True,
20406,0.0139800452026231,0.5267485334187079,0.0873502679792498,1.259385686894132,0.8329221925297235,0.0138929995818048,5.215446770352731,33.025212,0.078227,1.1734050000000007,16.541895,1420.378949503,True,
20407,0.0456008677717061,0.2532459725667116,0.1147716360941497,1.1395599544616075,1.1908054591135993,0.6696669347717976,-4.414936035517751,34.664778,0.085702,1.285527,20.781779,1873.028962454,True,
20408,0.0406738495930525,0.5978248600719194,0.0980917034216448,0.5687450283941283,0.8511556962975744,0.4685223069827339,8.054095548537838,25.389916,0.078938,1.1840780000000004,24.226488,1599.282119504,True,
20409,0.0086133091564132,0.5890045684040979,0.1447077040690763,1.102250537366816,0.8528933356488625,0.0351695684704734,8.323413656732491,37.616331,0.117203,1.7580410000000004,23.99745,2347.009637349,True,
20410,0.005131010098786,0.3063020786511418,0.083756731786947,1.0306271423112174,0.6045552577141258,0.8699540107532008,-3.692948018800704,33.869373,0.081923,1.2288430000000012,15.469991,1362.293170922,True,
20411,0.0312782971645457,0.2936682747990541,0.0804037482109544,1.2430902913687003,0.601642906429986,0.1325942042942638,2.062280777961149,34.282889,0.081509,1.2226369999999989,14.704458,1310.689405486,True,
20412,0.0399523729343368,0.2435360121990075,0.1359727949249884,0.902281535371598,1.0706854574543705,0.983848002049761,2.5043542987396084,31.847319,0.075593,1.133902,26.756732,2215.538462547,True,
20413,0.0020982612716871,0.5521760281502105,0.0822799387675825,1.3386751883100714,0.8461629220616296,0.3979754475151031,-6.454729497807168,35.575333,0.086341,1.2951160000000002,14.460173,1337.506248696,True,
20414,0.0014502447297207,0.2191689456074914,0.1446305865408366,1.4739366917962706,0.9230331515166876,0.8490796126809039,9.134224324502284,42.71505,0.116906,1.753596,21.108228,2344.261493188,True,
20415,0.0417875714478452,0.2654469270190592,0.0833636514171327,0.5838909483683142,0.6860275359323085,0.3696058887078569,6.990234432002879,24.320783,0.06982,1.0472959999999993,21.532689,1361.598846516,True,
20416,0.0220490003070413,0.3420539995844515,0.0898165038164157,0.5058327167313744,0.6779235364328651,0.231933677642011,-8.675207005013913,30.861314,0.111982,1.679723000000001,18.20902,1461.081145201,True,
20417,0.006540983300745,0.366351740204189,0.1363627076081149,1.2325547307939362,0.6625891367415628,0.520964584196005,-3.5762371145165464,42.874572,0.12152,1.8227930000000008,19.851898,2212.968224836,True,
20418,0.0194923986510466,0.3026007747618702,0.1184936056204449,1.0672285408990645,0.6392739079010517,0.2920718109998922,9.93932817079683,36.880881,0.126516,1.897746999999999,20.075445,1925.040196179,True,
20419,0.0243522137807032,0.5392708765892171,0.120560001188189,0.7996942734453796,0.5129259351466742,0.8743864618978995,-8.557906022042427,34.089025,0.138865,2.0829780000000007,22.116297,1960.199839232,True,
20420,0.0300392642411438,0.3717054685401021,0.1109043464578907,0.9551873481431016,0.9551794003611837,0.9331479064051154,-6.648847978246659,35.275715,0.09797,1.469557,19.68502,1805.448254862,True,
20421,0.0025653500028874,0.278911215363041,0.0871082911541776,1.4329942052973204,0.7420420305787625,0.0529551204375683,1.3358381463618034,39.112336,0.084683,1.2702519999999993,13.917484,1415.29780277,True,
20422,0.0007550658977371,0.2389558790474916,0.1326086998891508,1.2606071504835636,0.9160217737053498,0.9706104796779752,1.2737587024061128,40.192264,0.090119,1.3517840000000003,20.595557,2152.233408235,True,
20423,0.0421430712965314,0.5406722625115017,0.1247501083250908,0.651954111925833,1.033751454163056,0.1622640973619439,-4.238949405364769,30.347675,0.084807,1.2721109999999998,25.759065,2032.492071423,True,
20424,0.0472058905247815,0.3065735210981612,0.101246289993153,0.9060109351518616,0.8623578112301897,0.1898332754064851,-9.618564877666284,37.446703,0.131912,1.9786789999999996,16.983658,1653.553238918,True,
20425,0.0462270500786206,0.3821328987533225,0.1038695344271472,1.4816512800759725,1.0303020147216957,0.6953343672713257,-2.961197909809588,38.516921,0.086153,1.2922930000000008,16.932615,1695.699734499,True,
20426,0.0003771830972649,0.3693932037151592,0.1261461678297899,0.6179341520947423,0.9538413075424071,0.1575648042659205,0.211719327010817,27.643941,0.071302,1.0695349999999992,28.502156,2048.571040308,True,
20427,0.0230348693502215,0.2352928553182993,0.0839302558253272,1.4281972543694763,1.1656605103669095,0.0649147679401635,9.73131469503252,29.467807,0.076099,1.1414910000000003,17.840578,1366.879045974,True,
20428,0.0308708542801806,0.3197760971298161,0.1164059250193885,1.4410744446022314,0.9252483722686472,0.4408397112160808,7.032634816370557,35.185649,0.087175,1.3076279999999993,20.705624,1894.206089409,True,
20429,0.0420671994424002,0.3964873969657014,0.1459024998289745,1.0228974217494768,0.7121090493292191,0.1989737932713418,5.383082976882198,37.480453,0.118009,1.77013,24.386265,2376.421495737,True,
20430,0.0341782213862427,0.2323126388973066,0.0856063360120405,1.2574948943769488,0.7748006117950793,0.6099042009989917,6.623649669734107,32.057357,0.077386,1.1607950000000002,16.754698,1396.48943862,True,
20431,0.015485414907238,0.4429662194891488,0.0832683944106267,0.5576408394892235,1.0238433046241815,0.5634885482803602,-1.1925826878102423,23.382798,0.051572,0.773587,22.284455,1354.789560753,True,
20432,0.0355782662284863,0.4548906045731891,0.134036501910276,0.8059340697956292,0.7763285829823363,0.214163308728202,-0.3935734916532087,35.397749,0.101057,1.5158509999999996,23.70768,2181.916123744,True,
20433,0.030656303966213,0.4684781036044315,0.0961190013787599,1.0369350159524604,0.9675133686086036,0.6071972043206527,2.154991190430387,31.532467,0.068713,1.0306949999999997,19.087007,1564.837108247,True,
20434,0.0402608264063736,0.5713773730455401,0.1421014852247635,1.378048317415073,1.169322666360363,0.5916616770589107,9.83114548794163,35.862307,0.101153,1.517301999999999,24.806078,2312.968269405,True,
20435,0.0030715220076728,0.4532671086685477,0.1341538105003307,0.5107396842598213,0.9693121179928904,0.6428811996926742,-1.2923947133826417,27.70425,0.073074,1.0961090000000002,30.242984,2178.433883699,True,
20436,0.0435073707967906,0.5028440870381989,0.1052044137112308,0.7502946255959306,0.9955242444339848,0.715956241839168,6.792628553685141,26.630421,0.071726,1.075894,24.776786,1715.522210562,True,
20437,0.0085265650674059,0.5856413506913665,0.1029397834154527,1.451400977590228,1.1856841747483924,0.4129149813002222,2.869262348801991,33.534366,0.065174,0.9776049999999996,19.189192,1673.093230097,True,
20438,0.0398198172176575,0.3701036204576233,0.1444183889384336,1.3998798438224678,0.6956055593174957,0.1782856967699165,3.4889263235418646,43.244509,0.128393,1.9258909999999982,20.912029,2351.259129365,True,
20439,0.0239873345846251,0.4349743996816486,0.1485508170558195,1.170339014688471,1.0846265597693303,0.264265228610026,-2.2358889065943206,39.380013,0.100798,1.5119699999999998,23.536763,2409.88293849,True,
20440,0.0192839833408201,0.3347192012014813,0.1008630167110443,0.6187907849084067,0.7634276503311244,0.7134981701429952,-9.1899166900202,32.02837,0.112288,1.6843199999999996,19.706742,1641.054555419,True,
20441,0.038542748694385,0.3180134752791079,0.0925026924281251,0.7700818410010598,1.1377554478724363,0.6536328913745673,8.420763233231387,24.054209,0.063067,0.9460099999999998,24.114248,1508.127796967,True,
20442,0.0195912077174377,0.2903729780003355,0.1488218697414237,1.247572017820772,1.0607916222708882,0.0509603796547532,-4.901099808723175,40.633708,0.108461,1.6269159999999996,22.851231,2414.178621336,True,
20443,0.0024936326982824,0.3908480037682605,0.115502931234631,1.230311387700262,0.9079347474145272,0.9017602298073052,-0.6668351066603293,38.223501,0.081701,1.2255149999999997,18.869302,1875.252087143,True,
20444,0.00456274435039,0.2147719231759994,0.1071162008144689,1.0755978274662292,1.0402796155396714,0.2851723854918903,-3.486229712836261,31.573699,0.074619,1.1192850000000005,21.202971,1740.586156615,True,
20445,0.0358332020422502,0.5237383888912843,0.09691971399608,1.0938906217325306,0.8850998701208914,0.1701375939097094,7.5272790339103715,31.44593,0.087692,1.3153760000000005,19.309319,1578.71866884,True,
20446,0.0334932356230546,0.5185300216347157,0.1275099763339618,1.182580185957003,0.8376764390931336,0.3602853696996232,5.314084248296888,37.379567,0.099543,1.4931490000000007,21.339333,2073.903055176,True,
20447,0.007815158331741,0.2351154190639851,0.1321680820360369,0.9481854360780873,0.6460715919928746,0.1691802260681942,3.9811834443281775,36.95712,0.11316,1.6974029999999996,22.323099,2144.993408026,True,
20448,0.0191687225518099,0.4402676930563775,0.0902557804643273,0.643695187488205,1.1991476364861409,0.2440371569203701,0.6900674115923948,22.646939,0.047904,0.718559,24.928267,1467.827239791,True,
20449,0.0467406729271388,0.3563477983362639,0.0976370044208874,1.035875795517463,1.151253016150321,0.9407739207046572,-5.048573364457913,31.993522,0.079641,1.19461,19.163928,1594.116034872,True,
20450,0.0412352441897117,0.2471043964754948,0.1015945990327951,1.0481948381709247,0.6108077097256192,0.5130519224813989,-8.15424227610876,37.122434,0.132286,1.9842849999999999,17.17933,1658.120170345,True,
20451,0.0311832816438212,0.2950803841118542,0.1293267247281168,1.3501888782375868,1.1425991616872175,0.5511256635076522,4.498646767598814,34.526049,0.075384,1.1307549999999997,23.439452,2104.106330662,True,
20452,0.0498978868549523,0.2295808123674804,0.0946230397598394,1.492903550963835,1.1018273357619046,0.8567788808631559,-0.312059136596293,35.93657,0.07084,1.0626029999999993,16.566484,1547.890733292,True,
20453,0.0396000082753672,0.3677758808187404,0.1268596790674405,0.973249355702003,0.7864989370061214,0.8676058533270307,-2.929302585504158,39.321302,0.107973,1.6195950000000003,20.205303,2065.696968771,True,
20454,0.0042914832296261,0.417571162643956,0.110274338439583,0.5918738440250548,0.801924207901398,0.754653878673652,-6.755052147772275,31.258318,0.093865,1.4079770000000007,22.042138,1791.400405601,True,
20455,0.004497321974485,0.4697978250868024,0.0996061318195297,1.160583274786956,0.7597456248144743,0.4839765607724215,-2.5096048849184864,36.088074,0.083735,1.2560200000000012,17.252092,1618.746378016,True,
20456,0.0170912548038147,0.3548729582066888,0.1079022497129084,0.8309783123012583,0.7134383117593549,0.698505190146437,5.617699762346163,31.163636,0.085733,1.2859940000000005,21.650708,1754.258455512,True,
20457,0.0294112689791506,0.2853582731861498,0.1055599260660414,1.3614627331604998,0.9002571252744951,0.9895763824025148,7.647881225190581,34.45153,0.084445,1.266672999999999,19.191849,1719.09025025,True,
20458,0.0476139665641817,0.4808038558297486,0.1345753332459046,1.3097415557247074,0.7691078029679967,0.5004503360951761,8.769715133770873,38.173876,0.117658,1.7648709999999994,22.098534,2193.325420868,True,
20459,0.0216412367765539,0.3280498439448868,0.112210882095946,1.3326408596961057,0.5765168058995239,0.8557339819975,-6.276684279300904,39.355123,0.113466,1.701994000000001,17.825544,1823.968873112,True,
20460,0.0388777668447855,0.2446085600285826,0.0980466023647594,0.5235246887250996,0.9219437036344392,0.9437733103159516,-1.2698088022285106,24.089428,0.05942,0.8913000000000002,25.550926,1600.31867772,True,
20461,0.0200325044764157,0.352951802794728,0.0986232436382419,1.372937102818626,1.043138158301962,0.0787368636539615,-6.501721784227196,36.639879,0.091876,1.3781420000000004,16.838942,1604.139647124,True,
20462,0.0099037237955366,0.590806055093154,0.1084427678139414,0.6850609754935879,0.8058297886605795,0.6745960951725816,-4.687755485087198,30.653453,0.084456,1.2668349999999995,22.117234,1762.720980197,True,
20463,0.0273857149860134,0.5367465773491626,0.1107446545567394,1.021733858113028,1.1900239339972645,0.9068835103677269,-6.392599402143615,32.665418,0.081455,1.221826,21.214868,1801.780618573,True,
20464,0.0105805869737761,0.3166452976881792,0.1285453456959221,0.720473859648385,0.6026800819880814,0.884550784216138,-8.419832825681985,35.176414,0.135649,2.034732,22.83324,2088.297889419,True,
20465,0.0023893796484258,0.5601286040624001,0.1499304827939336,1.155819493254815,0.6135749608407229,0.9850457515094576,-2.65967822307434,44.249293,0.129625,1.9443759999999983,21.120461,2429.870208234,True,
20466,0.0304642008463162,0.2998360625557978,0.0842841829206255,0.7669598629730195,0.8209742128752295,0.5786277989765133,3.893531900021776,27.371902,0.063674,0.9551069999999999,19.301347,1373.617877485,True,
20467,0.0275909908477132,0.338957471261725,0.1390172283146993,1.1913328336316948,0.8638801505256217,0.4470687067481086,-6.582187963660368,41.143927,0.119418,1.7912619999999997,21.124272,2259.752359418,True,
20468,0.0091459573577756,0.3054468244492774,0.1279532466567656,1.1084072303151022,1.1751210154263094,0.5027735099513744,-4.617904598147411,34.231299,0.080751,1.2112619999999996,23.336778,2077.005392207,True,
20469,0.0310824956781648,0.5551526165481613,0.1177579284661749,0.92533152030414,1.0183897444121055,0.0012115258019356,8.205456199778865,31.713502,0.090802,1.3620319999999992,23.221283,1914.713386671,True,
20470,0.0215087449580039,0.450944301812333,0.1087918074260596,0.5242784962298653,0.5799748442465551,0.992828846441036,-0.7483271433364163,31.626689,0.088185,1.3227770000000003,21.522923,1769.816817028,True,
20471,0.0229125224918264,0.3994680349587397,0.1402708815403236,1.3474070434493317,1.0947178025440838,0.6237992710247547,-4.193682417430223,40.352157,0.096526,1.4478859999999987,21.720964,2278.868106774,True,
20472,0.0439398187626324,0.5761763336627792,0.1098813112622132,1.1139034678923885,1.0645565443649496,0.7392329858413548,4.999749111214367,31.942651,0.075414,1.131214,21.577529,1792.033067729,True,
20473,0.0256509035376231,0.5667913820124998,0.1117340290627832,1.151331256876466,0.7091114156026299,0.9445658343773118,9.78294385410851,36.231569,0.120357,1.8053489999999996,19.280075,1816.223121853,True,
20474,0.0327870425738764,0.2080566195909947,0.1314756766016824,0.5330020335298945,0.8093797694420937,0.7009566215414469,-7.70802626559367,34.362673,0.122879,1.843183999999999,23.964933,2141.097868607,True,
20475,0.0111726735792228,0.2454830550434173,0.1343781456340286,0.9512756780344354,0.9640020865172152,0.0964659094512821,-0.8455347470204675,34.516291,0.088405,1.326073,24.313912,2181.987746068,True,
20476,0.0084453333053903,0.5844824203758887,0.10185808476981,0.51277863388398,0.5453573988253878,0.925060924175894,-2.4728711116323225,31.689082,0.09193,1.3789459999999991,20.08964,1655.217809973,True,
20477,0.0433810806806498,0.5722341640350082,0.1366563295311371,0.7851012677026998,0.8155858367403608,0.2478387707876942,8.039867698068555,32.644751,0.110288,1.6543240000000008,26.230742,2226.369734316,True,
20478,0.0460890859257313,0.3555983846780968,0.102603361830667,0.8068440194923067,0.8242066812894103,0.4619595620986859,-7.883742138624973,34.836667,0.115529,1.7329410000000003,18.491064,1674.834286985,True,
20479,0.0418999838428149,0.3648167582466145,0.1346127548870542,1.2804339473888606,1.073856712143637,0.6651011216703766,-1.0266959165778395,38.321546,0.088861,1.3329120000000003,22.010435,2193.032159345,True,
20480,0.0092815170870147,0.2759294005507304,0.1415177284715793,0.9477014864977328,1.087296067354622,0.7031211594314314,-3.868694314540383,34.590615,0.087621,1.3143209999999996,25.532913,2296.317863704,True,
20481,0.0251979179900384,0.336292482387828,0.0984198933598705,0.8452302750860385,0.6719654801459246,0.4884091743623237,4.883110143491354,30.284065,0.081914,1.2287110000000006,20.338881,1601.454385785,True,
20482,0.02855411046101,0.3640282786989556,0.1051142509297935,0.7865910817863275,1.0215872457464097,0.5455489148107602,6.724884577029787,25.961024,0.066312,0.9946779999999995,25.346797,1710.874911825,True,
20483,0.0226626173377933,0.2509421510936481,0.1021452461194612,1.117817139023714,1.16274313281348,0.0378983542079935,-5.091091783660825,31.252453,0.077311,1.159662,20.454056,1662.022513604,True,
20484,0.0291045250981195,0.4759418672124778,0.1035633862572693,1.1210642155000126,0.8527715556664917,0.2348417152763635,-0.0013672432847613,35.881581,0.085245,1.2786749999999998,18.067208,1685.528005538,True,
20485,0.0018579674320228,0.3764246035169605,0.0907239168052146,0.6456765719255915,0.5233180018680603,0.2170509643654234,-8.028956516816823,30.424043,0.110242,1.6536270000000002,18.638281,1474.334852484,True,
20486,0.0012096656972645,0.3273412632652697,0.0884918796527053,0.8296023005527349,0.5840036981049205,0.5054380192516276,7.067665046431571,29.725301,0.091434,1.3715060000000001,18.620458,1439.096633799,True,
20487,0.0120499646121488,0.3098715762673122,0.1065648867259754,1.335904283321919,0.5407770659775714,0.9340568586481214,4.8220448028940375,36.223363,0.090518,1.3577770000000005,18.394319,1732.390618988,True,
20488,0.0013822810270966,0.4998026691745213,0.0841868648570605,1.028424781001653,0.965374493934836,0.801059833071532,-2.897242297918635,29.846127,0.062017,0.93025,17.64421,1369.189449274,True,
20489,0.036027539274483,0.4541176244269121,0.1227492026509133,1.4034424564502808,1.0114201771608506,0.7169082411762454,-9.586043926210714,42.571013,0.120917,1.8137539999999994,18.048104,1997.647742481,True,
20490,0.0481443981973294,0.2277260681407372,0.1017761181341654,1.1955630260922656,0.8201518221158606,0.5659102664384477,-6.190661919383375,38.554261,0.113329,1.6999370000000003,16.599614,1663.96322438,True,
20491,0.013144021082386,0.3302455487440645,0.107171028326523,0.6694817565475935,1.0355688246614745,0.6376508899489101,3.410771039543865,24.522364,0.057819,0.8672780000000002,27.335437,1742.856808898,True,
20492,0.0070092146757041,0.5120878245910437,0.0943522337812112,0.910233498114264,0.7606285992728843,0.9761449462770488,-0.5669216748587971,32.709681,0.072693,1.0904000000000007,18.031812,1533.518529975,True,
20493,0.0253790515405721,0.4152519853891325,0.1049978394659889,0.8860746852246606,0.8810107001181435,0.7485240681037473,4.933619198256949,30.101898,0.073898,1.1084769999999997,21.826706,1708.265742197,True,
20494,0.0372744046486479,0.4911028438179308,0.146552538337906,1.356461481024989,0.526924415941975,0.7450287878063231,7.239795705380978,35.946857,0.124862,1.8729250000000004,25.513603,2384.547973815,True,
20495,0.0114148296190865,0.2862939263763208,0.1004053526828352,1.1183656890893214,1.1146243982338515,0.1933850448614301,5.516438820144655,28.992917,0.067834,1.0175090000000004,21.65086,1632.076157945,True,
20496,0.0214489594332009,0.4705050643291201,0.0858439239858345,0.610794654796622,1.149322777399668,0.1007937246795857,-0.1499051148010863,22.842979,0.049762,0.7464240000000002,23.525798,1397.238181325,True,
20497,0.0053226791512834,0.2539519748037784,0.1124328469332055,0.838209901534948,1.1677238772115492,0.5720239552458739,1.611912039166711,28.278229,0.06227,0.9340479999999998,24.825488,1825.254146397,True,
20498,0.0386832223205548,0.2229852172254983,0.1008365648478749,0.5499198132743927,0.6885265746341817,0.0723267596593813,-4.12630237950451,28.541172,0.091264,1.3689560000000007,22.178208,1645.779336936,True,
20499,0.0307551486273724,0.2404327435684402,0.1282034282730512,1.017261752855988,0.6212234573607813,0.1728950690632437,-8.482726156979629,38.855102,0.145305,2.179578999999997,20.646657,2085.792706479,True,
20500,0.0328238061971242,0.3597739027517758,0.1270174275505039,1.3033880092098329,0.5341629647100685,0.5168861825281269,8.719549654361213,34.134653,0.116644,1.7496529999999986,23.295231,2067.454015047,True,
